 
  kpoint:       1             coordinate:     0.5000    0.5000    0.5000
 
    n           k    ϵ_nk^DFT+SOC (eV)   ϵ_nk^G0W0+SOC (eV)
    1 (occ)     1          -4.412          -4.608
    2 (occ)     1          -4.412          -4.608
    3 (occ)     1          -1.776          -1.583
    4 (occ)     1          -1.776          -1.583
    5 (occ)     1           4.025           3.650
    6 (occ)     1           4.025           3.650
    7 (occ)     1           4.032           3.657
    8 (occ)     1           4.032           3.657
    9 (vir)     1           6.911           8.813
   10 (vir)     1           6.911           8.813
   11 (vir)     1           8.907          10.251
   12 (vir)     1           8.907          10.251
   13 (vir)     1           8.914          10.325
   14 (vir)     1           8.914          10.325
   15 (vir)     1          13.532          10.327
   16 (vir)     1          13.532          10.327
   17 (vir)     1          16.310          13.675
   18 (vir)     1          16.310          13.675
   19 (vir)     1          16.314          18.213
   20 (vir)     1          16.314          18.213
   21 (vir)     1          16.788          18.214
   22 (vir)     1          16.788          18.214
   23 (vir)     1          17.049          20.024
   24 (vir)     1          17.049          20.024
   25 (vir)     1          17.140          20.025
   26 (vir)     1          17.140          20.025
   27 (vir)     1          19.463          20.380
   28 (vir)     1          19.463          20.380
   29 (vir)     1          30.097          33.216
   30 (vir)     1          30.097          33.216
   31 (vir)     1          30.097          33.253
   32 (vir)     1          30.097          33.253
   33 (vir)     1          33.286          41.271
   34 (vir)     1          33.286          41.271
   35 (vir)     1          33.286          41.569
   36 (vir)     1          33.286          41.569
   37 (vir)     1          38.786          41.569
   38 (vir)     1          38.786          41.569
   39 (vir)     1          38.863          43.327
   40 (vir)     1          38.863          43.327
   41 (vir)     1          42.816          55.356
   42 (vir)     1          42.816          55.356
   43 (vir)     1          42.816          55.359
   44 (vir)     1          42.816          55.359
   45 (vir)     1          46.859          55.849
   46 (vir)     1          46.859          55.849
   47 (vir)     1          46.859          55.849
   48 (vir)     1          46.859          55.849
   49 (vir)     1          75.379          84.090
   50 (vir)     1          75.379          84.090
   51 (vir)     1          87.125         100.416
   52 (vir)     1          87.125         100.416
 
  kpoint:       2             coordinate:     0.4839    0.4839    0.4839
 
    n           k    ϵ_nk^DFT+SOC (eV)   ϵ_nk^G0W0+SOC (eV)
    1 (occ)     2          -4.428          -4.571
    2 (occ)     2          -4.428          -4.571
    3 (occ)     2          -1.754          -1.585
    4 (occ)     2          -1.754          -1.585
    5 (occ)     2           4.027           3.657
    6 (occ)     2           4.027           3.657
    7 (occ)     2           4.034           3.664
    8 (occ)     2           4.034           3.664
    9 (vir)     2           6.912           8.826
   10 (vir)     2           6.912           8.826
   11 (vir)     2           8.908          10.321
   12 (vir)     2           8.908          10.321
   13 (vir)     2           8.915          10.329
   14 (vir)     2           8.915          10.329
   15 (vir)     2          13.536          11.245
   16 (vir)     2          13.536          11.245
   17 (vir)     2          16.141          13.811
   18 (vir)     2          16.141          13.811
   19 (vir)     2          16.166          18.642
   20 (vir)     2          16.166          18.642
   21 (vir)     2          16.796          18.642
   22 (vir)     2          16.796          18.642
   23 (vir)     2          17.182          19.807
   24 (vir)     2          17.182          19.807
   25 (vir)     2          17.305          19.808
   26 (vir)     2          17.305          19.808
   27 (vir)     2          19.494          20.069
   28 (vir)     2          19.494          20.069
   29 (vir)     2          30.060          31.986
   30 (vir)     2          30.060          31.986
   31 (vir)     2          30.060          32.017
   32 (vir)     2          30.060          32.017
   33 (vir)     2          33.298          38.182
   34 (vir)     2          33.298          38.182
   35 (vir)     2          33.298          41.964
   36 (vir)     2          33.298          41.964
   37 (vir)     2          38.272          41.964
   38 (vir)     2          38.272          41.964
   39 (vir)     2          39.502          46.554
   40 (vir)     2          39.502          46.554
   41 (vir)     2          42.835          55.255
   42 (vir)     2          42.835          55.255
   43 (vir)     2          42.835          55.256
   44 (vir)     2          42.835          55.256
   45 (vir)     2          46.872          56.943
   46 (vir)     2          46.872          56.943
   47 (vir)     2          46.872          56.944
   48 (vir)     2          46.872          56.944
   49 (vir)     2          75.116          87.236
   50 (vir)     2          75.116          87.236
   51 (vir)     2          87.179         100.735
   52 (vir)     2          87.179         100.735
 
  kpoint:       3             coordinate:     0.4677    0.4677    0.4677
 
    n           k    ϵ_nk^DFT+SOC (eV)   ϵ_nk^G0W0+SOC (eV)
    1 (occ)     3          -4.472          -4.434
    2 (occ)     3          -4.472          -4.434
    3 (occ)     3          -1.689          -1.575
    4 (occ)     3          -1.689          -1.575
    5 (occ)     3           4.033           3.675
    6 (occ)     3           4.033           3.675
    7 (occ)     3           4.040           3.682
    8 (occ)     3           4.040           3.682
    9 (vir)     3           6.918           8.867
   10 (vir)     3           6.918           8.867
   11 (vir)     3           8.911          10.332
   12 (vir)     3           8.911          10.332
   13 (vir)     3           8.918          10.339
   14 (vir)     3           8.918          10.339
   15 (vir)     3          13.544          13.678
   16 (vir)     3          13.544          13.678
   17 (vir)     3          15.839          13.967
   18 (vir)     3          15.839          13.967
   19 (vir)     3          15.875          18.919
   20 (vir)     3          15.875          18.919
   21 (vir)     3          16.697          18.923
   22 (vir)     3          16.697          18.923
   23 (vir)     3          17.507          19.543
   24 (vir)     3          17.507          19.543
   25 (vir)     3          17.645          19.543
   26 (vir)     3          17.645          19.543
   27 (vir)     3          19.581          20.258
   28 (vir)     3          19.581          20.258
   29 (vir)     3          29.952          29.451
   30 (vir)     3          29.952          29.451
   31 (vir)     3          29.952          29.453
   32 (vir)     3          29.952          29.453
   33 (vir)     3          33.330          38.428
   34 (vir)     3          33.330          38.428
   35 (vir)     3          33.330          44.076
   36 (vir)     3          33.330          44.076
   37 (vir)     3          37.836          44.078
   38 (vir)     3          37.836          44.078
   39 (vir)     3          40.309          52.617
   40 (vir)     3          40.309          52.617
   41 (vir)     3          42.890          54.134
   42 (vir)     3          42.890          54.134
   43 (vir)     3          42.890          54.137
   44 (vir)     3          42.890          54.137
   45 (vir)     3          46.911          59.572
   46 (vir)     3          46.911          59.572
   47 (vir)     3          46.911          59.573
   48 (vir)     3          46.911          59.573
   49 (vir)     3          74.348          83.021
   50 (vir)     3          74.348          83.021
   51 (vir)     3          87.324          91.868
   52 (vir)     3          87.324          91.868
 
  kpoint:       4             coordinate:     0.4516    0.4516    0.4516
 
    n           k    ϵ_nk^DFT+SOC (eV)   ϵ_nk^G0W0+SOC (eV)
    1 (occ)     4          -4.542          -4.416
    2 (occ)     4          -4.542          -4.416
    3 (occ)     4          -1.586          -1.523
    4 (occ)     4          -1.586          -1.523
    5 (occ)     4           4.043           3.701
    6 (occ)     4           4.043           3.701
    7 (occ)     4           4.050           3.708
    8 (occ)     4           4.050           3.708
    9 (vir)     4           6.926           8.934
   10 (vir)     4           6.926           8.934
   11 (vir)     4           8.916          10.346
   12 (vir)     4           8.916          10.346
   13 (vir)     4           8.923          10.353
   14 (vir)     4           8.923          10.353
   15 (vir)     4          13.558          14.383
   16 (vir)     4          13.558          14.383
   17 (vir)     4          15.521          16.278
   18 (vir)     4          15.521          16.278
   19 (vir)     4          15.558          17.981
   20 (vir)     4          15.558          17.981
   21 (vir)     4          16.521          17.983
   22 (vir)     4          16.521          17.983
   23 (vir)     4          17.895          20.202
   24 (vir)     4          17.895          20.202
   25 (vir)     4          18.044          20.204
   26 (vir)     4          18.044          20.204
   27 (vir)     4          19.706          20.302
   28 (vir)     4          19.706          20.302
   29 (vir)     4          29.779          35.607
   30 (vir)     4          29.779          35.607
   31 (vir)     4          29.779          35.608
   32 (vir)     4          29.779          35.608
   33 (vir)     4          33.379          37.241
   34 (vir)     4          33.379          37.241
   35 (vir)     4          33.379          37.243
   36 (vir)     4          33.379          37.243
   37 (vir)     4          37.505          40.431
   38 (vir)     4          37.505          40.431
   39 (vir)     4          41.251          51.710
   40 (vir)     4          41.251          51.710
   41 (vir)     4          42.982          51.714
   42 (vir)     4          42.982          51.714
   43 (vir)     4          42.982          52.502
   44 (vir)     4          42.982          52.502
   45 (vir)     4          46.977          62.388
   46 (vir)     4          46.977          62.388
   47 (vir)     4          46.977          62.389
   48 (vir)     4          46.977          62.389
   49 (vir)     4          73.135          81.003
   50 (vir)     4          73.135          81.003
   51 (vir)     4          87.517          98.262
   52 (vir)     4          87.517          98.262
 
  kpoint:       5             coordinate:     0.4355    0.4355    0.4355
 
    n           k    ϵ_nk^DFT+SOC (eV)   ϵ_nk^G0W0+SOC (eV)
    1 (occ)     5          -4.631          -4.935
    2 (occ)     5          -4.631          -4.935
    3 (occ)     5          -1.449          -1.444
    4 (occ)     5          -1.449          -1.444
    5 (occ)     5           4.057           3.729
    6 (occ)     5           4.057           3.729
    7 (occ)     5           4.064           3.736
    8 (occ)     5           4.064           3.736
    9 (vir)     5           6.939           9.024
   10 (vir)     5           6.939           9.024
   11 (vir)     5           8.923          10.359
   12 (vir)     5           8.923          10.359
   13 (vir)     5           8.930          10.366
   14 (vir)     5           8.930          10.366
   15 (vir)     5          13.576          14.639
   16 (vir)     5          13.576          14.639
   17 (vir)     5          15.209          17.365
   18 (vir)     5          15.209          17.365
   19 (vir)     5          15.243          17.367
   20 (vir)     5          15.243          17.367
   21 (vir)     5          16.303          20.774
   22 (vir)     5          16.303          20.774
   23 (vir)     5          18.309          25.016
   24 (vir)     5          18.309          25.016
   25 (vir)     5          18.471          25.039
   26 (vir)     5          18.471          25.039
   27 (vir)     5          19.851          26.459
   28 (vir)     5          19.851          26.459
   29 (vir)     5          29.551          33.889
   30 (vir)     5          29.551          33.889
   31 (vir)     5          29.551          36.790
   32 (vir)     5          29.551          36.790
   33 (vir)     5          33.439          36.791
   34 (vir)     5          33.439          36.791
   35 (vir)     5          33.439          42.449
   36 (vir)     5          33.439          42.449
   37 (vir)     5          37.267          42.532
   38 (vir)     5          37.267          42.532
   39 (vir)     5          42.324          51.387
   40 (vir)     5          42.324          51.387
   41 (vir)     5          43.111          51.391
   42 (vir)     5          43.111          51.391
   43 (vir)     5          43.111          62.253
   44 (vir)     5          43.111          62.253
   45 (vir)     5          47.067          62.257
   46 (vir)     5          47.067          62.257
   47 (vir)     5          47.067          66.660
   48 (vir)     5          47.067          66.660
   49 (vir)     5          71.548          82.109
   50 (vir)     5          71.548          82.109
   51 (vir)     5          87.714          99.665
   52 (vir)     5          87.714          99.665
 
  kpoint:       6             coordinate:     0.4194    0.4194    0.4194
 
    n           k    ϵ_nk^DFT+SOC (eV)   ϵ_nk^G0W0+SOC (eV)
    1 (occ)     6          -4.735          -4.915
    2 (occ)     6          -4.735          -4.915
    3 (occ)     6          -1.285          -1.292
    4 (occ)     6          -1.285          -1.292
    5 (occ)     6           4.075           3.756
    6 (occ)     6           4.075           3.756
    7 (occ)     6           4.082           3.762
    8 (occ)     6           4.082           3.762
    9 (vir)     6           6.954           9.138
   10 (vir)     6           6.954           9.138
   11 (vir)     6           8.931          10.367
   12 (vir)     6           8.931          10.367
   13 (vir)     6           8.937          10.373
   14 (vir)     6           8.937          10.373
   15 (vir)     6          13.595          15.633
   16 (vir)     6          13.595          15.633
   17 (vir)     6          14.908          17.070
   18 (vir)     6          14.908          17.070
   19 (vir)     6          14.938          17.070
   20 (vir)     6          14.938          17.070
   21 (vir)     6          16.062          21.493
   22 (vir)     6          16.062          21.493
   23 (vir)     6          18.738          23.929
   24 (vir)     6          18.738          23.929
   25 (vir)     6          18.915          23.930
   26 (vir)     6          18.915          23.930
   27 (vir)     6          19.999          24.868
   28 (vir)     6          19.999          24.868
   29 (vir)     6          29.279          36.567
   30 (vir)     6          29.279          36.567
   31 (vir)     6          29.279          36.567
   32 (vir)     6          29.279          36.567
   33 (vir)     6          33.503          39.955
   34 (vir)     6          33.503          39.955
   35 (vir)     6          33.503          39.988
   36 (vir)     6          33.503          39.988
   37 (vir)     6          37.111          47.343
   38 (vir)     6          37.111          47.343
   39 (vir)     6          43.276          51.501
   40 (vir)     6          43.276          51.501
   41 (vir)     6          43.276          51.503
   42 (vir)     6          43.276          51.503
   43 (vir)     6          43.518          64.514
   44 (vir)     6          43.518          64.514
   45 (vir)     6          47.184          67.025
   46 (vir)     6          47.184          67.025
   47 (vir)     6          47.184          67.031
   48 (vir)     6          47.184          67.031
   49 (vir)     6          69.661          78.455
   50 (vir)     6          69.661          78.455
   51 (vir)     6          87.879          99.589
   52 (vir)     6          87.879          99.589
 
  kpoint:       7             coordinate:     0.4032    0.4032    0.4032
 
    n           k    ϵ_nk^DFT+SOC (eV)   ϵ_nk^G0W0+SOC (eV)
    1 (occ)     7          -4.849          -4.872
    2 (occ)     7          -4.849          -4.872
    3 (occ)     7          -1.097          -1.146
    4 (occ)     7          -1.097          -1.146
    5 (occ)     7           4.098           3.778
    6 (occ)     7           4.098           3.778
    7 (occ)     7           4.105           3.785
    8 (occ)     7           4.105           3.785
    9 (vir)     7           6.974           9.270
   10 (vir)     7           6.974           9.270
   11 (vir)     7           8.939          10.366
   12 (vir)     7           8.939          10.366
   13 (vir)     7           8.946          10.372
   14 (vir)     7           8.946          10.372
   15 (vir)     7          13.612          16.548
   16 (vir)     7          13.612          16.548
   17 (vir)     7          14.622          16.906
   18 (vir)     7          14.622          16.906
   19 (vir)     7          14.647          16.906
   20 (vir)     7          14.647          16.906
   21 (vir)     7          15.813          21.399
   22 (vir)     7          15.813          21.399
   23 (vir)     7          19.174          23.747
   24 (vir)     7          19.174          23.747
   25 (vir)     7          19.367          24.043
   26 (vir)     7          19.367          24.043
   27 (vir)     7          20.142          24.043
   28 (vir)     7          20.142          24.043
   29 (vir)     7          28.974          36.300
   30 (vir)     7          28.974          36.300
   31 (vir)     7          28.974          36.300
   32 (vir)     7          28.974          36.300
   33 (vir)     7          33.569          39.390
   34 (vir)     7          33.569          39.390
   35 (vir)     7          33.569          39.393
   36 (vir)     7          33.569          39.393
   37 (vir)     7          37.028          50.034
   38 (vir)     7          37.028          50.034
   39 (vir)     7          43.477          51.769
   40 (vir)     7          43.477          51.769
   41 (vir)     7          43.477          51.772
   42 (vir)     7          43.477          51.772
   43 (vir)     7          44.814          65.002
   44 (vir)     7          44.814          65.002
   45 (vir)     7          47.326          71.518
   46 (vir)     7          47.326          71.518
   47 (vir)     7          47.326          71.518
   48 (vir)     7          47.326          71.518
   49 (vir)     7          67.543          74.968
   50 (vir)     7          67.543          74.968
   51 (vir)     7          87.990         100.994
   52 (vir)     7          87.990         100.994
 
  kpoint:       8             coordinate:     0.3871    0.3871    0.3871
 
    n           k    ϵ_nk^DFT+SOC (eV)   ϵ_nk^G0W0+SOC (eV)
    1 (occ)     8          -4.968          -4.792
    2 (occ)     8          -4.968          -4.792
    3 (occ)     8          -0.890          -0.956
    4 (occ)     8          -0.890          -0.956
    5 (occ)     8           4.124           3.798
    6 (occ)     8           4.124           3.798
    7 (occ)     8           4.132           3.805
    8 (occ)     8           4.132           3.805
    9 (vir)     8           6.996           9.417
   10 (vir)     8           6.996           9.417
   11 (vir)     8           8.947          10.354
   12 (vir)     8           8.947          10.354
   13 (vir)     8           8.954          10.360
   14 (vir)     8           8.954          10.360
   15 (vir)     8          13.619          15.379
   16 (vir)     8          13.619          15.379
   17 (vir)     8          14.350          16.513
   18 (vir)     8          14.350          16.513
   19 (vir)     8          14.372          16.513
   20 (vir)     8          14.372          16.513
   21 (vir)     8          15.572          20.636
   22 (vir)     8          15.572          20.636
   23 (vir)     8          19.611          22.427
   24 (vir)     8          19.611          22.427
   25 (vir)     8          19.820          23.362
   26 (vir)     8          19.820          23.362
   27 (vir)     8          20.272          23.362
   28 (vir)     8          20.272          23.362
   29 (vir)     8          28.648          35.858
   30 (vir)     8          28.648          35.858
   31 (vir)     8          28.648          35.858
   32 (vir)     8          28.648          35.858
   33 (vir)     8          33.631          39.634
   34 (vir)     8          33.631          39.634
   35 (vir)     8          33.631          39.636
   36 (vir)     8          33.631          39.636
   37 (vir)     8          37.009          50.246
   38 (vir)     8          37.009          50.246
   39 (vir)     8          43.713          52.918
   40 (vir)     8          43.713          52.918
   41 (vir)     8          43.713          52.919
   42 (vir)     8          43.713          52.919
   43 (vir)     8          46.187          63.664
   44 (vir)     8          46.187          63.664
   45 (vir)     8          47.493          71.397
   46 (vir)     8          47.493          71.397
   47 (vir)     8          47.493          71.397
   48 (vir)     8          47.493          71.397
   49 (vir)     8          65.265          74.545
   50 (vir)     8          65.265          74.545
   51 (vir)     8          88.033          98.119
   52 (vir)     8          88.033          98.119
 
  kpoint:       9             coordinate:     0.3710    0.3710    0.3710
 
    n           k    ϵ_nk^DFT+SOC (eV)   ϵ_nk^G0W0+SOC (eV)
    1 (occ)     9          -5.091          -4.731
    2 (occ)     9          -5.091          -4.731
    3 (occ)     9          -0.667          -0.815
    4 (occ)     9          -0.667          -0.815
    5 (occ)     9           4.155           3.818
    6 (occ)     9           4.155           3.818
    7 (occ)     9           4.162           3.826
    8 (occ)     9           4.162           3.826
    9 (vir)     9           7.023           9.574
   10 (vir)     9           7.023           9.574
   11 (vir)     9           8.955          10.334
   12 (vir)     9           8.955          10.334
   13 (vir)     9           8.961          10.340
   14 (vir)     9           8.961          10.340
   15 (vir)     9          13.607          14.768
   16 (vir)     9          13.607          14.768
   17 (vir)     9          14.095          15.897
   18 (vir)     9          14.095          15.897
   19 (vir)     9          14.113          15.898
   20 (vir)     9          14.113          15.898
   21 (vir)     9          15.353          20.221
   22 (vir)     9          15.353          20.221
   23 (vir)     9          20.036          20.789
   24 (vir)     9          20.036          20.789
   25 (vir)     9          20.262          22.027
   26 (vir)     9          20.262          22.027
   27 (vir)     9          20.388          22.027
   28 (vir)     9          20.388          22.027
   29 (vir)     9          28.317          35.438
   30 (vir)     9          28.317          35.438
   31 (vir)     9          28.317          35.438
   32 (vir)     9          28.317          35.438
   33 (vir)     9          33.689          38.588
   34 (vir)     9          33.689          38.588
   35 (vir)     9          33.689          38.588
   36 (vir)     9          33.689          38.588
   37 (vir)     9          37.046          44.631
   38 (vir)     9          37.046          44.631
   39 (vir)     9          43.982          49.948
   40 (vir)     9          43.982          49.948
   41 (vir)     9          43.982          54.597
   42 (vir)     9          43.982          54.597
   43 (vir)     9          47.601          54.618
   44 (vir)     9          47.601          54.618
   45 (vir)     9          47.685          70.705
   46 (vir)     9          47.685          70.705
   47 (vir)     9          47.685          70.705
   48 (vir)     9          47.685          70.705
   49 (vir)     9          62.898          71.013
   50 (vir)     9          62.898          71.013
   51 (vir)     9          88.002          95.348
   52 (vir)     9          88.002          95.348
 
  kpoint:      10             coordinate:     0.3548    0.3548    0.3548
 
    n           k    ϵ_nk^DFT+SOC (eV)   ϵ_nk^G0W0+SOC (eV)
    1 (occ)    10          -5.215          -5.355
    2 (occ)    10          -5.215          -5.355
    3 (occ)    10          -0.430          -0.658
    4 (occ)    10          -0.430          -0.658
    5 (occ)    10           4.190           3.840
    6 (occ)    10           4.190           3.840
    7 (occ)    10           4.197           3.847
    8 (occ)    10           4.197           3.847
    9 (vir)    10           7.053           9.733
   10 (vir)    10           7.053           9.733
   11 (vir)    10           8.960          10.309
   12 (vir)    10           8.960          10.309
   13 (vir)    10           8.967          10.315
   14 (vir)    10           8.967          10.315
   15 (vir)    10          13.563          14.270
   16 (vir)    10          13.563          14.270
   17 (vir)    10          13.857          15.236
   18 (vir)    10          13.857          15.236
   19 (vir)    10          13.872          15.236
   20 (vir)    10          13.872          15.236
   21 (vir)    10          15.173          19.500
   22 (vir)    10          15.173          19.500
   23 (vir)    10          20.405          19.595
   24 (vir)    10          20.405          19.595
   25 (vir)    10          20.518          21.276
   26 (vir)    10          20.518          21.276
   27 (vir)    10          20.680          21.278
   28 (vir)    10          20.680          21.278
   29 (vir)    10          27.997          35.287
   30 (vir)    10          27.997          35.287
   31 (vir)    10          27.997          35.287
   32 (vir)    10          27.997          35.287
   33 (vir)    10          33.741          37.052
   34 (vir)    10          33.741          37.052
   35 (vir)    10          33.741          37.053
   36 (vir)    10          33.741          37.053
   37 (vir)    10          37.135          43.243
   38 (vir)    10          37.135          43.243
   39 (vir)    10          44.281          48.239
   40 (vir)    10          44.281          48.239
   41 (vir)    10          44.281          55.050
   42 (vir)    10          44.281          55.050
   43 (vir)    10          47.902          55.060
   44 (vir)    10          47.902          55.060
   45 (vir)    10          47.902          68.522
   46 (vir)    10          47.902          68.522
   47 (vir)    10          49.006          70.321
   48 (vir)    10          49.006          70.321
   49 (vir)    10          60.521          70.322
   50 (vir)    10          60.521          70.322
   51 (vir)    10          87.893          93.081
   52 (vir)    10          87.893          93.081
 
  kpoint:      11             coordinate:     0.3387    0.3387    0.3387
 
    n           k    ϵ_nk^DFT+SOC (eV)   ϵ_nk^G0W0+SOC (eV)
    1 (occ)    11          -5.338          -5.107
    2 (occ)    11          -5.338          -5.107
    3 (occ)    11          -0.181          -0.534
    4 (occ)    11          -0.181          -0.534
    5 (occ)    11           4.229           3.859
    6 (occ)    11           4.229           3.859
    7 (occ)    11           4.237           3.867
    8 (occ)    11           4.237           3.867
    9 (vir)    11           7.087           9.884
   10 (vir)    11           7.087           9.884
   11 (vir)    11           8.963          10.287
   12 (vir)    11           8.963          10.287
   13 (vir)    11           8.969          10.292
   14 (vir)    11           8.969          10.292
   15 (vir)    11          13.472          13.353
   16 (vir)    11          13.472          13.353
   17 (vir)    11          13.637          14.738
   18 (vir)    11          13.637          14.738
   19 (vir)    11          13.649          14.738
   20 (vir)    11          13.649          14.738
   21 (vir)    11          15.049          19.545
   22 (vir)    11          15.049          19.545
   23 (vir)    11          20.532          20.069
   24 (vir)    11          20.532          20.069
   25 (vir)    11          20.829          21.260
   26 (vir)    11          20.829          21.260
   27 (vir)    11          21.054          21.275
   28 (vir)    11          21.054          21.275
   29 (vir)    11          27.709          34.970
   30 (vir)    11          27.709          34.970
   31 (vir)    11          27.709          34.971
   32 (vir)    11          27.709          34.971
   33 (vir)    11          33.786          36.588
   34 (vir)    11          33.786          36.588
   35 (vir)    11          33.786          36.588
   36 (vir)    11          33.786          36.588
   37 (vir)    11          37.271          46.623
   38 (vir)    11          37.271          46.623
   39 (vir)    11          44.606          56.076
   40 (vir)    11          44.606          56.076
   41 (vir)    11          44.606          56.079
   42 (vir)    11          44.606          56.079
   43 (vir)    11          48.145          57.995
   44 (vir)    11          48.145          57.995
   45 (vir)    11          48.145          67.220
   46 (vir)    11          48.145          67.220
   47 (vir)    11          50.328          71.420
   48 (vir)    11          50.328          71.420
   49 (vir)    11          58.229          71.422
   50 (vir)    11          58.229          71.422
   51 (vir)    11          87.703          92.256
   52 (vir)    11          87.703          92.256
 
  kpoint:      12             coordinate:     0.3226    0.3226    0.3226
 
    n           k    ϵ_nk^DFT+SOC (eV)   ϵ_nk^G0W0+SOC (eV)
    1 (occ)    12          -5.459          -4.646
    2 (occ)    12          -5.459          -4.646
    3 (occ)    12           0.079          -0.294
    4 (occ)    12           0.079          -0.294
    5 (occ)    12           4.273           3.868
    6 (occ)    12           4.273           3.868
    7 (occ)    12           4.280           3.875
    8 (occ)    12           4.280           3.875
    9 (vir)    12           7.124          10.018
   10 (vir)    12           7.124          10.018
   11 (vir)    12           8.962          10.275
   12 (vir)    12           8.962          10.275
   13 (vir)    12           8.968          10.280
   14 (vir)    12           8.968          10.280
   15 (vir)    12          13.328          14.195
   16 (vir)    12          13.328          14.195
   17 (vir)    12          13.435          14.430
   18 (vir)    12          13.435          14.430
   19 (vir)    12          13.445          14.431
   20 (vir)    12          13.445          14.431
   21 (vir)    12          14.989          15.526
   22 (vir)    12          14.989          15.526
   23 (vir)    12          20.588          21.036
   24 (vir)    12          20.588          21.036
   25 (vir)    12          21.128          21.841
   26 (vir)    12          21.128          21.841
   27 (vir)    12          21.361          21.843
   28 (vir)    12          21.361          21.843
   29 (vir)    12          27.477          27.717
   30 (vir)    12          27.477          27.717
   31 (vir)    12          27.477          27.718
   32 (vir)    12          27.477          27.718
   33 (vir)    12          33.823          32.544
   34 (vir)    12          33.823          32.544
   35 (vir)    12          33.823          32.544
   36 (vir)    12          33.823          32.544
   37 (vir)    12          37.451          47.462
   38 (vir)    12          37.451          47.462
   39 (vir)    12          44.954          58.121
   40 (vir)    12          44.954          58.121
   41 (vir)    12          44.954          58.151
   42 (vir)    12          44.954          58.151
   43 (vir)    12          48.413          58.151
   44 (vir)    12          48.413          58.151
   45 (vir)    12          48.413          67.990
   46 (vir)    12          48.413          67.990
   47 (vir)    12          51.388          73.644
   48 (vir)    12          51.388          73.644
   49 (vir)    12          56.216          73.646
   50 (vir)    12          56.216          73.646
   51 (vir)    12          87.430          92.993
   52 (vir)    12          87.430          92.993
 
  kpoint:      13             coordinate:     0.3065    0.3065    0.3065
 
    n           k    ϵ_nk^DFT+SOC (eV)   ϵ_nk^G0W0+SOC (eV)
    1 (occ)    13          -5.577          -4.440
    2 (occ)    13          -5.577          -4.440
    3 (occ)    13           0.348           0.018
    4 (occ)    13           0.348           0.018
    5 (occ)    13           4.320           3.846
    6 (occ)    13           4.320           3.846
    7 (occ)    13           4.328           3.854
    8 (occ)    13           4.328           3.854
    9 (vir)    13           7.165          10.123
   10 (vir)    13           7.165          10.123
   11 (vir)    13           8.955          10.281
   12 (vir)    13           8.955          10.281
   13 (vir)    13           8.961          10.286
   14 (vir)    13           8.961          10.286
   15 (vir)    13          13.134          13.827
   16 (vir)    13          13.134          13.827
   17 (vir)    13          13.255          14.298
   18 (vir)    13          13.255          14.298
   19 (vir)    13          13.262          14.298
   20 (vir)    13          13.262          14.298
   21 (vir)    13          14.989          15.414
   22 (vir)    13          14.989          15.414
   23 (vir)    13          20.621          22.248
   24 (vir)    13          20.621          22.248
   25 (vir)    13          21.342          22.250
   26 (vir)    13          21.342          22.250
   27 (vir)    13          21.573          30.120
   28 (vir)    13          21.573          30.120
   29 (vir)    13          27.330          33.166
   30 (vir)    13          27.330          33.166
   31 (vir)    13          27.330          33.209
   32 (vir)    13          27.330          33.209
   33 (vir)    13          33.853          44.684
   34 (vir)    13          33.853          44.684
   35 (vir)    13          33.853          44.689
   36 (vir)    13          33.853          44.689
   37 (vir)    13          37.674          48.085
   38 (vir)    13          37.674          48.085
   39 (vir)    13          45.317          59.860
   40 (vir)    13          45.317          59.860
   41 (vir)    13          45.317          61.061
   42 (vir)    13          45.317          61.061
   43 (vir)    13          48.706          61.066
   44 (vir)    13          48.706          61.066
   45 (vir)    13          48.706          72.284
   46 (vir)    13          48.706          72.284
   47 (vir)    13          51.576          74.424
   48 (vir)    13          51.576          74.424
   49 (vir)    13          55.098          74.424
   50 (vir)    13          55.098          74.424
   51 (vir)    13          87.073          94.893
   52 (vir)    13          87.073          94.893
 
  kpoint:      14             coordinate:     0.2903    0.2903    0.2903
 
    n           k    ϵ_nk^DFT+SOC (eV)   ϵ_nk^G0W0+SOC (eV)
    1 (occ)    14          -5.691          -4.387
    2 (occ)    14          -5.691          -4.387
    3 (occ)    14           0.625           0.535
    4 (occ)    14           0.625           0.535
    5 (occ)    14           4.372           3.776
    6 (occ)    14           4.372           3.776
    7 (occ)    14           4.380           3.783
    8 (occ)    14           4.380           3.783
    9 (vir)    14           7.209          10.190
   10 (vir)    14           7.209          10.190
   11 (vir)    14           8.942          10.312
   12 (vir)    14           8.942          10.312
   13 (vir)    14           8.947          10.317
   14 (vir)    14           8.947          10.317
   15 (vir)    14          12.904          13.580
   16 (vir)    14          12.904          13.580
   17 (vir)    14          13.095          14.155
   18 (vir)    14          13.095          14.155
   19 (vir)    14          13.101          14.155
   20 (vir)    14          13.101          14.155
   21 (vir)    14          15.037          15.779
   22 (vir)    14          15.037          15.779
   23 (vir)    14          20.634          22.428
   24 (vir)    14          20.634          22.428
   25 (vir)    14          21.446          22.430
   26 (vir)    14          21.446          22.430
   27 (vir)    14          21.669          30.964
   28 (vir)    14          21.669          30.964
   29 (vir)    14          27.288          36.520
   30 (vir)    14          27.288          36.520
   31 (vir)    14          27.288          36.524
   32 (vir)    14          27.288          36.524
   33 (vir)    14          33.875          41.903
   34 (vir)    14          33.875          41.903
   35 (vir)    14          33.876          41.910
   36 (vir)    14          33.876          41.910
   37 (vir)    14          37.941          48.379
   38 (vir)    14          37.941          48.379
   39 (vir)    14          45.689          58.332
   40 (vir)    14          45.689          58.332
   41 (vir)    14          45.689          63.711
   42 (vir)    14          45.689          63.711
   43 (vir)    14          49.024          63.717
   44 (vir)    14          49.024          63.717
   45 (vir)    14          49.024          74.908
   46 (vir)    14          49.024          74.908
   47 (vir)    14          50.390          80.506
   48 (vir)    14          50.390          80.506
   49 (vir)    14          55.377          81.197
   50 (vir)    14          55.377          81.197
   51 (vir)    14          86.630          96.663
   52 (vir)    14          86.630          96.663
 
  kpoint:      15             coordinate:     0.2742    0.2742    0.2742
 
    n           k    ϵ_nk^DFT+SOC (eV)   ϵ_nk^G0W0+SOC (eV)
    1 (occ)    15          -5.801          -4.422
    2 (occ)    15          -5.801          -4.422
    3 (occ)    15           0.909           1.212
    4 (occ)    15           0.909           1.212
    5 (occ)    15           4.428           3.652
    6 (occ)    15           4.428           3.652
    7 (occ)    15           4.436           3.660
    8 (occ)    15           4.436           3.660
    9 (vir)    15           7.257          10.366
   10 (vir)    15           7.257          10.366
   11 (vir)    15           8.920          10.371
   12 (vir)    15           8.920          10.371
   13 (vir)    15           8.926          13.212
   14 (vir)    15           8.926          13.212
   15 (vir)    15          12.649          14.062
   16 (vir)    15          12.649          14.062
   17 (vir)    15          12.958          14.062
   18 (vir)    15          12.958          14.062
   19 (vir)    15          12.963          16.095
   20 (vir)    15          12.963          16.095
   21 (vir)    15          15.122          17.512
   22 (vir)    15          15.122          17.512
   23 (vir)    15          20.631          21.022
   24 (vir)    15          20.631          21.022
   25 (vir)    15          21.431          22.341
   26 (vir)    15          21.431          22.341
   27 (vir)    15          21.641          22.344
   28 (vir)    15          21.641          22.344
   29 (vir)    15          27.362          27.987
   30 (vir)    15          27.362          27.987
   31 (vir)    15          27.362          27.992
   32 (vir)    15          27.362          27.992
   33 (vir)    15          33.891          42.266
   34 (vir)    15          33.891          42.266
   35 (vir)    15          33.891          42.266
   36 (vir)    15          33.891          42.266
   37 (vir)    15          38.252          49.666
   38 (vir)    15          38.252          49.666
   39 (vir)    15          46.062          57.804
   40 (vir)    15          46.062          57.804
   41 (vir)    15          46.062          63.897
   42 (vir)    15          46.062          63.897
   43 (vir)    15          48.740          63.903
   44 (vir)    15          48.740          63.903
   45 (vir)    15          49.364          75.080
   46 (vir)    15          49.364          75.080
   47 (vir)    15          49.364          76.221
   48 (vir)    15          49.364          76.221
   49 (vir)    15          56.136          77.750
   50 (vir)    15          56.136          77.750
   51 (vir)    15          86.097          98.682
   52 (vir)    15          86.097          98.682
 
  kpoint:      16             coordinate:     0.2581    0.2581    0.2581
 
    n           k    ϵ_nk^DFT+SOC (eV)   ϵ_nk^G0W0+SOC (eV)
    1 (occ)    16          -5.906          -4.504
    2 (occ)    16          -5.906          -4.504
    3 (occ)    16           1.200           2.003
    4 (occ)    16           1.200           2.003
    5 (occ)    16           4.487           3.466
    6 (occ)    16           4.487           3.466
    7 (occ)    16           4.496           3.474
    8 (occ)    16           4.496           3.474
    9 (vir)    16           7.308          10.491
   10 (vir)    16           7.308          10.491
   11 (vir)    16           8.890          10.496
   12 (vir)    16           8.890          10.496
   13 (vir)    16           8.895          12.893
   14 (vir)    16           8.895          12.893
   15 (vir)    16          12.377          14.112
   16 (vir)    16          12.377          14.112
   17 (vir)    16          12.845          14.112
   18 (vir)    16          12.845          14.112
   19 (vir)    16          12.849          16.196
   20 (vir)    16          12.849          16.196
   21 (vir)    16          15.233          18.111
   22 (vir)    16          15.233          18.111
   23 (vir)    16          20.616          20.092
   24 (vir)    16          20.616          20.092
   25 (vir)    16          21.302          21.931
   26 (vir)    16          21.302          21.931
   27 (vir)    16          21.498          21.933
   28 (vir)    16          21.498          21.933
   29 (vir)    16          27.541          28.234
   30 (vir)    16          27.541          28.234
   31 (vir)    16          27.541          28.235
   32 (vir)    16          27.541          28.235
   33 (vir)    16          33.898          42.204
   34 (vir)    16          33.898          42.204
   35 (vir)    16          33.898          42.204
   36 (vir)    16          33.898          42.204
   37 (vir)    16          38.607          52.708
   38 (vir)    16          38.607          52.708
   39 (vir)    16          46.431          56.238
   40 (vir)    16          46.431          56.238
   41 (vir)    16          46.431          59.047
   42 (vir)    16          46.431          59.047
   43 (vir)    16          47.107          63.294
   44 (vir)    16          47.107          63.294
   45 (vir)    16          49.723          70.329
   46 (vir)    16          49.723          70.329
   47 (vir)    16          49.723          72.995
   48 (vir)    16          49.723          72.995
   49 (vir)    16          56.883          73.498
   50 (vir)    16          56.883          73.498
   51 (vir)    16          85.471         105.335
   52 (vir)    16          85.471         105.335
 
  kpoint:      17             coordinate:     0.2419    0.2419    0.2419
 
    n           k    ϵ_nk^DFT+SOC (eV)   ϵ_nk^G0W0+SOC (eV)
    1 (occ)    17          -6.006          -4.491
    2 (occ)    17          -6.006          -4.491
    3 (occ)    17           1.497           2.832
    4 (occ)    17           1.497           2.832
    5 (occ)    17           4.551           3.211
    6 (occ)    17           4.551           3.211
    7 (occ)    17           4.559           3.219
    8 (occ)    17           4.559           3.219
    9 (vir)    17           7.361          10.628
   10 (vir)    17           7.361          10.628
   11 (vir)    17           8.849          10.633
   12 (vir)    17           8.849          10.633
   13 (vir)    17           8.855          12.809
   14 (vir)    17           8.855          12.809
   15 (vir)    17          12.095          14.221
   16 (vir)    17          12.095          14.221
   17 (vir)    17          12.756          14.221
   18 (vir)    17          12.756          14.221
   19 (vir)    17          12.760          15.918
   20 (vir)    17          12.760          15.918
   21 (vir)    17          15.365          18.927
   22 (vir)    17          15.365          18.927
   23 (vir)    17          20.593          20.951
   24 (vir)    17          20.593          20.951
   25 (vir)    17          21.079          21.005
   26 (vir)    17          21.079          21.005
   27 (vir)    17          21.262          21.818
   28 (vir)    17          21.262          21.818
   29 (vir)    17          27.805          28.235
   30 (vir)    17          27.805          28.235
   31 (vir)    17          27.805          28.236
   32 (vir)    17          27.805          28.236
   33 (vir)    17          33.899          41.977
   34 (vir)    17          33.899          41.977
   35 (vir)    17          33.899          41.978
   36 (vir)    17          33.899          41.978
   37 (vir)    17          39.008          42.697
   38 (vir)    17          39.008          42.697
   39 (vir)    17          45.605          44.293
   40 (vir)    17          45.605          44.293
   41 (vir)    17          46.790          60.054
   42 (vir)    17          46.790          60.054
   43 (vir)    17          46.790          60.714
   44 (vir)    17          46.790          60.714
   45 (vir)    17          50.095          61.431
   46 (vir)    17          50.095          61.431
   47 (vir)    17          50.095          63.408
   48 (vir)    17          50.095          63.408
   49 (vir)    17          57.491          69.491
   50 (vir)    17          57.491          69.491
   51 (vir)    17          84.749         100.134
   52 (vir)    17          84.749         100.134
 
  kpoint:      18             coordinate:     0.2258    0.2258    0.2258
 
    n           k    ϵ_nk^DFT+SOC (eV)   ϵ_nk^G0W0+SOC (eV)
    1 (occ)    18          -6.100          -4.757
    2 (occ)    18          -6.100          -4.757
    3 (occ)    18           1.798           2.894
    4 (occ)    18           1.798           2.894
    5 (occ)    18           4.617           2.903
    6 (occ)    18           4.617           2.903
    7 (occ)    18           4.625           3.495
    8 (occ)    18           4.625           3.495
    9 (vir)    18           7.418          10.859
   10 (vir)    18           7.418          10.859
   11 (vir)    18           8.799          10.864
   12 (vir)    18           8.799          10.864
   13 (vir)    18           8.805          11.957
   14 (vir)    18           8.805          11.957
   15 (vir)    18          11.806          14.274
   16 (vir)    18          11.806          14.274
   17 (vir)    18          12.692          14.275
   18 (vir)    18          12.692          14.275
   19 (vir)    18          12.695          15.675
   20 (vir)    18          12.695          15.675
   21 (vir)    18          15.512          19.588
   22 (vir)    18          15.512          19.588
   23 (vir)    18          20.571          20.579
   24 (vir)    18          20.571          20.579
   25 (vir)    18          20.790          21.290
   26 (vir)    18          20.790          21.290
   27 (vir)    18          20.959          21.291
   28 (vir)    18          20.959          21.291
   29 (vir)    18          28.127          28.290
   30 (vir)    18          28.127          28.290
   31 (vir)    18          28.127          28.291
   32 (vir)    18          28.127          28.291
   33 (vir)    18          33.892          41.610
   34 (vir)    18          33.892          41.610
   35 (vir)    18          33.892          41.610
   36 (vir)    18          33.892          41.610
   37 (vir)    18          39.447          43.580
   38 (vir)    18          39.447          43.580
   39 (vir)    18          44.271          46.138
   40 (vir)    18          44.271          46.138
   41 (vir)    18          47.133          51.706
   42 (vir)    18          47.133          51.706
   43 (vir)    18          47.133          52.695
   44 (vir)    18          47.133          52.695
   45 (vir)    18          50.474          55.238
   46 (vir)    18          50.474          55.238
   47 (vir)    18          50.474          56.207
   48 (vir)    18          50.474          56.207
   49 (vir)    18          57.916          61.054
   50 (vir)    18          57.916          61.054
   51 (vir)    18          83.928          91.388
   52 (vir)    18          83.928          91.388
 
  kpoint:      19             coordinate:     0.2097    0.2097    0.2097
 
    n           k    ϵ_nk^DFT+SOC (eV)   ϵ_nk^G0W0+SOC (eV)
    1 (occ)    19          -6.188          -5.111
    2 (occ)    19          -6.188          -5.111
    3 (occ)    19           2.105           2.589
    4 (occ)    19           2.105           2.589
    5 (occ)    19           4.686           2.598
    6 (occ)    19           4.686           2.598
    7 (occ)    19           4.695           3.824
    8 (occ)    19           4.695           3.824
    9 (vir)    19           7.477          11.148
   10 (vir)    19           7.477          11.148
   11 (vir)    19           8.739          11.153
   12 (vir)    19           8.739          11.153
   13 (vir)    19           8.745          11.347
   14 (vir)    19           8.745          11.347
   15 (vir)    19          11.513          14.144
   16 (vir)    19          11.513          14.144
   17 (vir)    19          12.652          14.144
   18 (vir)    19          12.652          14.144
   19 (vir)    19          12.654          15.620
   20 (vir)    19          12.654          15.620
   21 (vir)    19          15.672          19.644
   22 (vir)    19          15.672          19.644
   23 (vir)    19          20.454          20.003
   24 (vir)    19          20.454          20.003
   25 (vir)    19          20.558          20.931
   26 (vir)    19          20.558          20.931
   27 (vir)    19          20.614          20.932
   28 (vir)    19          20.614          20.932
   29 (vir)    19          28.483          28.750
   30 (vir)    19          28.483          28.750
   31 (vir)    19          28.483          28.751
   32 (vir)    19          28.483          28.751
   33 (vir)    19          33.878          37.663
   34 (vir)    19          33.878          37.663
   35 (vir)    19          33.878          41.416
   36 (vir)    19          33.878          41.416
   37 (vir)    19          39.898          41.417
   38 (vir)    19          39.898          41.417
   39 (vir)    19          43.136          45.629
   40 (vir)    19          43.136          45.629
   41 (vir)    19          47.457          45.931
   42 (vir)    19          47.457          45.931
   43 (vir)    19          47.457          51.504
   44 (vir)    19          47.457          51.504
   45 (vir)    19          50.851          51.778
   46 (vir)    19          50.851          51.778
   47 (vir)    19          50.851          52.478
   48 (vir)    19          50.851          52.478
   49 (vir)    19          58.138          55.858
   50 (vir)    19          58.138          55.858
   51 (vir)    19          83.003          89.801
   52 (vir)    19          83.003          89.801
 
  kpoint:      20             coordinate:     0.1935    0.1935    0.1935
 
    n           k    ϵ_nk^DFT+SOC (eV)   ϵ_nk^G0W0+SOC (eV)
    1 (occ)    20          -6.271          -5.317
    2 (occ)    20          -6.271          -5.317
    3 (occ)    20           2.414           2.318
    4 (occ)    20           2.414           2.318
    5 (occ)    20           4.758           2.327
    6 (occ)    20           4.758           2.327
    7 (occ)    20           4.766           3.714
    8 (occ)    20           4.766           3.714
    9 (vir)    20           7.537          11.119
   10 (vir)    20           7.537          11.119
   11 (vir)    20           8.670          11.459
   12 (vir)    20           8.670          11.459
   13 (vir)    20           8.675          11.464
   14 (vir)    20           8.675          11.464
   15 (vir)    20          11.216          14.700
   16 (vir)    20          11.216          14.700
   17 (vir)    20          12.635          14.701
   18 (vir)    20          12.635          14.701
   19 (vir)    20          12.637          15.816
   20 (vir)    20          12.637          15.816
   21 (vir)    20          15.841          18.834
   22 (vir)    20          15.841          18.834
   23 (vir)    20          20.097          20.429
   24 (vir)    20          20.097          20.429
   25 (vir)    20          20.246          20.635
   26 (vir)    20          20.246          20.635
   27 (vir)    20          20.563          20.636
   28 (vir)    20          20.563          20.636
   29 (vir)    20          28.854          30.094
   30 (vir)    20          28.854          30.094
   31 (vir)    20          28.854          30.102
   32 (vir)    20          28.854          30.102
   33 (vir)    20          33.858          41.299
   34 (vir)    20          33.858          41.299
   35 (vir)    20          33.858          41.302
   36 (vir)    20          33.858          41.302
   37 (vir)    20          40.236          41.488
   38 (vir)    20          40.236          41.488
   39 (vir)    20          42.321          43.235
   40 (vir)    20          42.321          43.235
   41 (vir)    20          47.761          43.236
   42 (vir)    20          47.761          43.236
   43 (vir)    20          47.761          52.954
   44 (vir)    20          47.761          52.954
   45 (vir)    20          51.218          54.447
   46 (vir)    20          51.218          54.447
   47 (vir)    20          51.218          55.183
   48 (vir)    20          51.218          55.183
   49 (vir)    20          58.147          60.771
   50 (vir)    20          58.147          60.771
   51 (vir)    20          81.971         105.698
   52 (vir)    20          81.971         105.698
 
  kpoint:      21             coordinate:     0.1774    0.1774    0.1774
 
    n           k    ϵ_nk^DFT+SOC (eV)   ϵ_nk^G0W0+SOC (eV)
    1 (occ)    21          -6.347          -5.681
    2 (occ)    21          -6.347          -5.681
    3 (occ)    21           2.726           2.125
    4 (occ)    21           2.726           2.125
    5 (occ)    21           4.831           2.134
    6 (occ)    21           4.831           2.134
    7 (occ)    21           4.840           3.209
    8 (occ)    21           4.840           3.209
    9 (vir)    21           7.598          11.166
   10 (vir)    21           7.598          11.166
   11 (vir)    21           8.593          11.749
   12 (vir)    21           8.593          11.749
   13 (vir)    21           8.598          11.754
   14 (vir)    21           8.598          11.754
   15 (vir)    21          10.918          14.689
   16 (vir)    21          10.918          14.689
   17 (vir)    21          12.641          14.689
   18 (vir)    21          12.641          14.689
   19 (vir)    21          12.642          16.237
   20 (vir)    21          12.642          16.237
   21 (vir)    21          16.014          18.340
   22 (vir)    21          16.014          18.340
   23 (vir)    21          19.729          20.400
   24 (vir)    21          19.729          20.400
   25 (vir)    21          19.868          20.403
   26 (vir)    21          19.868          20.403
   27 (vir)    21          20.600          20.439
   28 (vir)    21          20.600          20.439
   29 (vir)    21          29.226          31.038
   30 (vir)    21          29.226          31.038
   31 (vir)    21          29.226          31.044
   32 (vir)    21          29.226          31.044
   33 (vir)    21          33.830          40.553
   34 (vir)    21          33.830          40.553
   35 (vir)    21          33.830          40.997
   36 (vir)    21          33.830          40.997
   37 (vir)    21          40.100          41.744
   38 (vir)    21          40.100          41.744
   39 (vir)    21          42.174          41.745
   40 (vir)    21          42.174          41.745
   41 (vir)    21          48.044          49.045
   42 (vir)    21          48.044          49.045
   43 (vir)    21          48.044          50.024
   44 (vir)    21          48.044          50.024
   45 (vir)    21          51.567          50.443
   46 (vir)    21          51.567          50.443
   47 (vir)    21          51.567          50.461
   48 (vir)    21          51.567          50.461
   49 (vir)    21          57.943          61.030
   50 (vir)    21          57.943          61.030
   51 (vir)    21          80.831          99.319
   52 (vir)    21          80.831          99.319
 
  kpoint:      22             coordinate:     0.1613    0.1613    0.1613
 
    n           k    ϵ_nk^DFT+SOC (eV)   ϵ_nk^G0W0+SOC (eV)
    1 (occ)    22          -6.417          -5.997
    2 (occ)    22          -6.417          -5.997
    3 (occ)    22           3.040           2.041
    4 (occ)    22           3.040           2.041
    5 (occ)    22           4.905           2.050
    6 (occ)    22           4.905           2.050
    7 (occ)    22           4.914           2.457
    8 (occ)    22           4.914           2.457
    9 (vir)    22           7.659          11.350
   10 (vir)    22           7.659          11.350
   11 (vir)    22           8.510          11.984
   12 (vir)    22           8.510          11.984
   13 (vir)    22           8.515          11.989
   14 (vir)    22           8.515          11.989
   15 (vir)    22          10.619          14.716
   16 (vir)    22          10.619          14.716
   17 (vir)    22          12.666          14.717
   18 (vir)    22          12.666          14.717
   19 (vir)    22          12.666          16.942
   20 (vir)    22          12.666          16.942
   21 (vir)    22          16.189          18.355
   22 (vir)    22          16.189          18.355
   23 (vir)    22          19.361          20.406
   24 (vir)    22          19.361          20.406
   25 (vir)    22          19.492          20.409
   26 (vir)    22          19.492          20.409
   27 (vir)    22          20.684          20.859
   28 (vir)    22          20.684          20.859
   29 (vir)    22          29.589          36.283
   30 (vir)    22          29.589          36.283
   31 (vir)    22          29.589          37.837
   32 (vir)    22          29.589          37.837
   33 (vir)    22          33.796          37.898
   34 (vir)    22          33.796          37.898
   35 (vir)    22          33.796          40.172
   36 (vir)    22          33.796          40.172
   37 (vir)    22          39.490          41.807
   38 (vir)    22          39.490          41.807
   39 (vir)    22          42.680          41.808
   40 (vir)    22          42.680          41.808
   41 (vir)    22          48.304          52.591
   42 (vir)    22          48.304          52.591
   43 (vir)    22          48.304          52.592
   44 (vir)    22          48.304          52.592
   45 (vir)    22          51.890          54.338
   46 (vir)    22          51.890          54.338
   47 (vir)    22          51.890          54.341
   48 (vir)    22          51.890          54.341
   49 (vir)    22          57.531          65.584
   50 (vir)    22          57.531          65.584
   51 (vir)    22          79.583          92.565
   52 (vir)    22          79.583          92.565
 
  kpoint:      23             coordinate:     0.1452    0.1452    0.1452
 
    n           k    ϵ_nk^DFT+SOC (eV)   ϵ_nk^G0W0+SOC (eV)
    1 (occ)    23          -6.481          -8.037
    2 (occ)    23          -6.481          -8.037
    3 (occ)    23           3.353          -6.363
    4 (occ)    23           3.353          -6.363
    5 (occ)    23           4.980          -5.517
    6 (occ)    23           4.980          -5.517
    7 (occ)    23           4.989           1.802
    8 (occ)    23           4.989           1.802
    9 (vir)    23           7.719          11.600
   10 (vir)    23           7.719          11.600
   11 (vir)    23           8.422          12.152
   12 (vir)    23           8.422          12.152
   13 (vir)    23           8.428          12.157
   14 (vir)    23           8.428          12.157
   15 (vir)    23          10.321          14.717
   16 (vir)    23          10.321          14.717
   17 (vir)    23          12.708          14.718
   18 (vir)    23          12.708          14.718
   19 (vir)    23          12.708          17.332
   20 (vir)    23          12.708          17.332
   21 (vir)    23          16.359          19.180
   22 (vir)    23          16.359          19.180
   23 (vir)    23          19.003          19.696
   24 (vir)    23          19.003          19.696
   25 (vir)    23          19.126          19.707
   26 (vir)    23          19.126          19.707
   27 (vir)    23          20.831          20.420
   28 (vir)    23          20.831          20.420
   29 (vir)    23          29.936          36.900
   30 (vir)    23          29.936          36.900
   31 (vir)    23          29.936          36.914
   32 (vir)    23          29.936          36.914
   33 (vir)    23          33.755          37.812
   34 (vir)    23          33.755          37.812
   35 (vir)    23          33.755          39.572
   36 (vir)    23          33.755          39.572
   37 (vir)    23          38.753          39.573
   38 (vir)    23          38.753          39.573
   39 (vir)    23          43.468          41.344
   40 (vir)    23          43.468          41.344
   41 (vir)    23          48.541          50.297
   42 (vir)    23          48.541          50.297
   43 (vir)    23          48.541          50.297
   44 (vir)    23          48.541          50.297
   45 (vir)    23          52.182          55.561
   46 (vir)    23          52.182          55.561
   47 (vir)    23          52.182          55.561
   48 (vir)    23          52.182          55.561
   49 (vir)    23          56.930          68.004
   50 (vir)    23          56.930          68.004
   51 (vir)    23          78.228          83.620
   52 (vir)    23          78.228          83.620
 
  kpoint:      24             coordinate:     0.1290    0.1290    0.1290
 
    n           k    ϵ_nk^DFT+SOC (eV)   ϵ_nk^G0W0+SOC (eV)
    1 (occ)    24          -6.538          -9.054
    2 (occ)    24          -6.538          -9.054
    3 (occ)    24           3.664          -6.661
    4 (occ)    24           3.664          -6.661
    5 (occ)    24           5.053          -6.253
    6 (occ)    24           5.053          -6.253
    7 (occ)    24           5.062           1.423
    8 (occ)    24           5.062           1.423
    9 (vir)    24           7.777          11.771
   10 (vir)    24           7.777          11.771
   11 (vir)    24           8.333          12.209
   12 (vir)    24           8.333          12.209
   13 (vir)    24           8.339          12.215
   14 (vir)    24           8.339          12.215
   15 (vir)    24          10.025          14.810
   16 (vir)    24          10.025          14.810
   17 (vir)    24          12.764          14.811
   18 (vir)    24          12.764          14.811
   19 (vir)    24          12.765          17.684
   20 (vir)    24          12.765          17.684
   21 (vir)    24          16.522          19.579
   22 (vir)    24          16.522          19.579
   23 (vir)    24          18.660          20.047
   24 (vir)    24          18.660          20.047
   25 (vir)    24          18.776          20.398
   26 (vir)    24          18.776          20.398
   27 (vir)    24          21.058          20.428
   28 (vir)    24          21.058          20.428
   29 (vir)    24          30.263          32.737
   30 (vir)    24          30.263          32.737
   31 (vir)    24          30.263          32.752
   32 (vir)    24          30.263          32.752
   33 (vir)    24          33.708          38.043
   34 (vir)    24          33.708          38.043
   35 (vir)    24          33.708          41.111
   36 (vir)    24          33.708          41.111
   37 (vir)    24          37.995          41.112
   38 (vir)    24          37.995          41.112
   39 (vir)    24          44.405          47.573
   40 (vir)    24          44.405          47.573
   41 (vir)    24          48.755          51.630
   42 (vir)    24          48.755          51.630
   43 (vir)    24          48.755          51.630
   44 (vir)    24          48.755          51.630
   45 (vir)    24          52.441          57.480
   46 (vir)    24          52.441          57.480
   47 (vir)    24          52.441          57.481
   48 (vir)    24          52.441          57.481
   49 (vir)    24          56.165          71.487
   50 (vir)    24          56.165          71.487
   51 (vir)    24          76.775          92.035
   52 (vir)    24          76.775          92.035
 
  kpoint:      25             coordinate:     0.1129    0.1129    0.1129
 
    n           k    ϵ_nk^DFT+SOC (eV)   ϵ_nk^G0W0+SOC (eV)
    1 (occ)    25          -6.589          -9.658
    2 (occ)    25          -6.589          -9.658
    3 (occ)    25           3.971          -6.908
    4 (occ)    25           3.971          -6.908
    5 (occ)    25           5.125          -6.628
    6 (occ)    25           5.125          -6.628
    7 (occ)    25           5.134           1.548
    8 (occ)    25           5.134           1.548
    9 (vir)    25           7.829          11.617
   10 (vir)    25           7.829          11.617
   11 (vir)    25           8.245          12.070
   12 (vir)    25           8.245          12.070
   13 (vir)    25           8.251          12.076
   14 (vir)    25           8.251          12.076
   15 (vir)    25           9.735          14.842
   16 (vir)    25           9.735          14.842
   17 (vir)    25          12.831          14.842
   18 (vir)    25          12.831          14.842
   19 (vir)    25          12.832          17.850
   20 (vir)    25          12.832          17.850
   21 (vir)    25          16.670          19.153
   22 (vir)    25          16.670          19.153
   23 (vir)    25          18.340          19.559
   24 (vir)    25          18.340          19.559
   25 (vir)    25          18.449          19.572
   26 (vir)    25          18.449          19.572
   27 (vir)    25          21.382          20.913
   28 (vir)    25          21.382          20.913
   29 (vir)    25          30.565          32.564
   30 (vir)    25          30.565          32.564
   31 (vir)    25          30.565          32.589
   32 (vir)    25          30.565          32.589
   33 (vir)    25          33.655          36.719
   34 (vir)    25          33.655          36.719
   35 (vir)    25          33.655          41.574
   36 (vir)    25          33.655          41.574
   37 (vir)    25          37.218          41.576
   38 (vir)    25          37.218          41.576
   39 (vir)    25          45.451          42.600
   40 (vir)    25          45.451          42.600
   41 (vir)    25          48.945          56.243
   42 (vir)    25          48.945          56.243
   43 (vir)    25          48.945          56.244
   44 (vir)    25          48.945          56.244
   45 (vir)    25          52.664          59.399
   46 (vir)    25          52.664          59.399
   47 (vir)    25          52.664          59.400
   48 (vir)    25          52.664          59.400
   49 (vir)    25          55.280          71.070
   50 (vir)    25          55.280          71.070
   51 (vir)    25          75.234          83.422
   52 (vir)    25          75.234          83.422
 
  kpoint:      26             coordinate:     0.0968    0.0968    0.0968
 
    n           k    ϵ_nk^DFT+SOC (eV)   ϵ_nk^G0W0+SOC (eV)
    1 (occ)    26          -6.633          -9.938
    2 (occ)    26          -6.633          -9.938
    3 (occ)    26           4.270          -7.163
    4 (occ)    26           4.270          -7.163
    5 (occ)    26           5.192          -6.758
    6 (occ)    26           5.192          -6.758
    7 (occ)    26           5.202           2.234
    8 (occ)    26           5.202           2.234
    9 (vir)    26           7.875          11.098
   10 (vir)    26           7.875          11.098
   11 (vir)    26           8.161          14.857
   12 (vir)    26           8.161          14.857
   13 (vir)    26           8.166          14.857
   14 (vir)    26           8.166          14.857
   15 (vir)    26           9.455          17.884
   16 (vir)    26           9.455          17.884
   17 (vir)    26          12.905          18.241
   18 (vir)    26          12.905          18.241
   19 (vir)    26          12.906          18.844
   20 (vir)    26          12.906          18.844
   21 (vir)    26          16.801          18.851
   22 (vir)    26          16.801          18.851
   23 (vir)    26          18.046          20.539
   24 (vir)    26          18.046          20.539
   25 (vir)    26          18.149          20.816
   26 (vir)    26          18.149          20.816
   27 (vir)    26          21.816          24.720
   28 (vir)    26          21.816          24.720
   29 (vir)    26          30.840          32.931
   30 (vir)    26          30.840          32.931
   31 (vir)    26          30.840          32.961
   32 (vir)    26          30.840          32.961
   33 (vir)    26          33.598          34.437
   34 (vir)    26          33.598          34.437
   35 (vir)    26          33.599          41.385
   36 (vir)    26          33.599          41.385
   37 (vir)    26          36.407          41.395
   38 (vir)    26          36.407          41.395
   39 (vir)    26          46.576          42.407
   40 (vir)    26          46.576          42.407
   41 (vir)    26          49.111          43.516
   42 (vir)    26          49.111          43.516
   43 (vir)    26          49.111          50.770
   44 (vir)    26          49.111          50.770
   45 (vir)    26          52.852          60.835
   46 (vir)    26          52.852          60.835
   47 (vir)    26          52.852          60.836
   48 (vir)    26          52.852          60.836
   49 (vir)    26          54.337          74.704
   50 (vir)    26          54.337          74.704
   51 (vir)    26          73.627          87.294
   52 (vir)    26          73.627          87.294
 
  kpoint:      27             coordinate:     0.0806    0.0806    0.0806
 
    n           k    ϵ_nk^DFT+SOC (eV)   ϵ_nk^G0W0+SOC (eV)
    1 (occ)    27          -6.670          -9.812
    2 (occ)    27          -6.670          -9.812
    3 (occ)    27           4.556          -6.897
    4 (occ)    27           4.556          -6.897
    5 (occ)    27           5.255          -6.595
    6 (occ)    27           5.255          -6.595
    7 (occ)    27           5.264           3.255
    8 (occ)    27           5.264           3.255
    9 (vir)    27           7.911          10.491
   10 (vir)    27           7.911          10.491
   11 (vir)    27           8.082          11.287
   12 (vir)    27           8.082          11.287
   13 (vir)    27           8.088          14.853
   14 (vir)    27           8.088          14.853
   15 (vir)    27           9.191          14.853
   16 (vir)    27           9.191          14.853
   17 (vir)    27          12.982          17.971
   18 (vir)    27          12.982          17.971
   19 (vir)    27          12.982          18.334
   20 (vir)    27          12.982          18.334
   21 (vir)    27          16.912          18.341
   22 (vir)    27          16.912          18.341
   23 (vir)    27          17.784          21.343
   24 (vir)    27          17.784          21.343
   25 (vir)    27          17.882          21.777
   26 (vir)    27          17.882          21.777
   27 (vir)    27          22.366          28.402
   28 (vir)    27          22.366          28.402
   29 (vir)    27          31.086          33.059
   30 (vir)    27          31.086          33.059
   31 (vir)    27          31.086          33.100
   32 (vir)    27          31.086          33.100
   33 (vir)    27          33.539          39.772
   34 (vir)    27          33.539          39.772
   35 (vir)    27          33.539          41.338
   36 (vir)    27          33.539          41.338
   37 (vir)    27          35.542          41.341
   38 (vir)    27          35.542          41.341
   39 (vir)    27          47.730          42.729
   40 (vir)    27          47.730          42.729
   41 (vir)    27          49.253          44.170
   42 (vir)    27          49.253          44.170
   43 (vir)    27          49.253          61.338
   44 (vir)    27          49.253          61.338
   45 (vir)    27          53.007          61.627
   46 (vir)    27          53.007          61.627
   47 (vir)    27          53.007          61.628
   48 (vir)    27          53.007          61.628
   49 (vir)    27          53.421          72.289
   50 (vir)    27          53.421          72.289
   51 (vir)    27          71.986          83.600
   52 (vir)    27          71.986          83.600
 
  kpoint:      28             coordinate:     0.0645    0.0645    0.0645
 
    n           k    ϵ_nk^DFT+SOC (eV)   ϵ_nk^G0W0+SOC (eV)
    1 (occ)    28          -6.701          -9.668
    2 (occ)    28          -6.701          -9.668
    3 (occ)    28           4.823          -6.805
    4 (occ)    28           4.823          -6.805
    5 (occ)    28           5.310          -6.433
    6 (occ)    28           5.310          -6.433
    7 (occ)    28           5.319           4.466
    8 (occ)    28           5.319           4.466
    9 (vir)    28           7.933          10.416
   10 (vir)    28           7.933          10.416
   11 (vir)    28           8.013          11.463
   12 (vir)    28           8.013          11.463
   13 (vir)    28           8.018          14.819
   14 (vir)    28           8.018          14.819
   15 (vir)    28           8.953          14.819
   16 (vir)    28           8.953          14.819
   17 (vir)    28          13.056          18.196
   18 (vir)    28          13.056          18.196
   19 (vir)    28          13.056          18.256
   20 (vir)    28          13.056          18.256
   21 (vir)    28          17.000          18.266
   22 (vir)    28          17.000          18.266
   23 (vir)    28          17.561          22.476
   24 (vir)    28          17.561          22.476
   25 (vir)    28          17.652          23.015
   26 (vir)    28          17.652          23.015
   27 (vir)    28          23.026          28.416
   28 (vir)    28          23.026          28.416
   29 (vir)    28          31.298          32.823
   30 (vir)    28          31.298          32.823
   31 (vir)    28          31.298          32.836
   32 (vir)    28          31.298          32.836
   33 (vir)    28          33.479          41.756
   34 (vir)    28          33.479          41.756
   35 (vir)    28          33.479          41.761
   36 (vir)    28          33.479          41.761
   37 (vir)    28          34.617          44.133
   38 (vir)    28          34.617          44.133
   39 (vir)    28          48.810          45.298
   40 (vir)    28          48.810          45.298
   41 (vir)    28          49.369          47.592
   42 (vir)    28          49.369          47.592
   43 (vir)    28          49.369          61.911
   44 (vir)    28          49.369          61.911
   45 (vir)    28          52.669          61.912
   46 (vir)    28          52.669          61.912
   47 (vir)    28          53.129          66.414
   48 (vir)    28          53.129          66.414
   49 (vir)    28          53.129          73.138
   50 (vir)    28          53.129          73.138
   51 (vir)    28          70.364          79.553
   52 (vir)    28          70.364          79.553
 
  kpoint:      29             coordinate:     0.0484    0.0484    0.0484
 
    n           k    ϵ_nk^DFT+SOC (eV)   ϵ_nk^G0W0+SOC (eV)
    1 (occ)    29          -6.724          -9.589
    2 (occ)    29          -6.724          -9.589
    3 (occ)    29           5.059          -7.025
    4 (occ)    29           5.059          -7.025
    5 (occ)    29           5.355          -6.342
    6 (occ)    29           5.355          -6.342
    7 (occ)    29           5.365           5.782
    8 (occ)    29           5.365           5.782
    9 (vir)    29           7.935          10.584
   10 (vir)    29           7.935          10.584
   11 (vir)    29           7.956          11.460
   12 (vir)    29           7.956          11.460
   13 (vir)    29           7.961          14.726
   14 (vir)    29           7.961          14.726
   15 (vir)    29           8.755          14.726
   16 (vir)    29           8.755          14.726
   17 (vir)    29          13.122          18.112
   18 (vir)    29          13.122          18.112
   19 (vir)    29          13.122          18.114
   20 (vir)    29          13.122          18.114
   21 (vir)    29          17.064          18.321
   22 (vir)    29          17.064          18.321
   23 (vir)    29          17.383          23.111
   24 (vir)    29          17.383          23.111
   25 (vir)    29          17.465          23.680
   26 (vir)    29          17.465          23.680
   27 (vir)    29          23.767          28.012
   28 (vir)    29          23.767          28.012
   29 (vir)    29          31.473          32.045
   30 (vir)    29          31.473          32.045
   31 (vir)    29          31.473          32.047
   32 (vir)    29          31.473          32.047
   33 (vir)    29          33.422          41.195
   34 (vir)    29          33.422          41.195
   35 (vir)    29          33.422          41.196
   36 (vir)    29          33.422          41.196
   37 (vir)    29          33.655          42.302
   38 (vir)    29          33.655          42.302
   39 (vir)    29          49.460          43.948
   40 (vir)    29          49.460          43.948
   41 (vir)    29          49.460          44.674
   42 (vir)    29          49.460          44.674
   43 (vir)    29          49.569          61.381
   44 (vir)    29          49.569          61.381
   45 (vir)    29          52.332          61.670
   46 (vir)    29          52.332          61.670
   47 (vir)    29          53.221          61.670
   48 (vir)    29          53.221          61.670
   49 (vir)    29          53.221          76.733
   50 (vir)    29          53.221          76.733
   51 (vir)    29          68.838          82.564
   52 (vir)    29          68.838          82.564
 
  kpoint:      30             coordinate:     0.0323    0.0323    0.0323
 
    n           k    ϵ_nk^DFT+SOC (eV)   ϵ_nk^G0W0+SOC (eV)
    1 (occ)    30          -6.742          -9.544
    2 (occ)    30          -6.742          -9.544
    3 (occ)    30           5.250          -7.165
    4 (occ)    30           5.250          -7.165
    5 (occ)    30           5.390          -6.296
    6 (occ)    30           5.390          -6.296
    7 (occ)    30           5.399           6.781
    8 (occ)    30           5.399           6.781
    9 (vir)    30           7.910          11.010
   10 (vir)    30           7.910          11.010
   11 (vir)    30           7.918          14.711
   12 (vir)    30           7.918          14.711
   13 (vir)    30           7.920          14.712
   14 (vir)    30           7.920          14.712
   15 (vir)    30           8.611          18.109
   16 (vir)    30           8.611          18.109
   17 (vir)    30          13.174          18.109
   18 (vir)    30          13.174          18.109
   19 (vir)    30          13.175          18.404
   20 (vir)    30          13.175          18.404
   21 (vir)    30          17.096          21.202
   22 (vir)    30          17.096          21.202
   23 (vir)    30          17.264          22.990
   24 (vir)    30          17.264          22.990
   25 (vir)    30          17.327          24.738
   26 (vir)    30          17.327          24.738
   27 (vir)    30          24.518          27.975
   28 (vir)    30          24.518          27.975
   29 (vir)    30          31.606          31.707
   30 (vir)    30          31.606          31.707
   31 (vir)    30          31.606          31.710
   32 (vir)    30          31.606          31.710
   33 (vir)    30          32.731          40.968
   34 (vir)    30          32.731          40.968
   35 (vir)    30          33.375          40.968
   36 (vir)    30          33.375          40.968
   37 (vir)    30          33.375          41.348
   38 (vir)    30          33.375          41.348
   39 (vir)    30          49.526          42.886
   40 (vir)    30          49.526          42.886
   41 (vir)    30          49.526          44.084
   42 (vir)    30          49.526          44.084
   43 (vir)    30          49.753          60.029
   44 (vir)    30          49.753          60.029
   45 (vir)    30          52.614          61.440
   46 (vir)    30          52.614          61.440
   47 (vir)    30          53.285          61.440
   48 (vir)    30          53.285          61.440
   49 (vir)    30          53.285          70.628
   50 (vir)    30          53.285          70.628
   51 (vir)    30          67.530          76.972
   52 (vir)    30          67.530          76.972
 
  kpoint:      31             coordinate:     0.0161    0.0161    0.0161
 
    n           k    ϵ_nk^DFT+SOC (eV)   ϵ_nk^G0W0+SOC (eV)
    1 (occ)    31          -6.752          -9.483
    2 (occ)    31          -6.752          -9.483
    3 (occ)    31           5.376          -7.056
    4 (occ)    31           5.376          -7.056
    5 (occ)    31           5.412          -6.248
    6 (occ)    31           5.412          -6.248
    7 (occ)    31           5.420           7.308
    8 (occ)    31           5.420           7.308
    9 (vir)    31           7.883          10.512
   10 (vir)    31           7.883          10.512
   11 (vir)    31           7.891          14.701
   12 (vir)    31           7.891          14.701
   13 (vir)    31           7.893          14.701
   14 (vir)    31           7.893          14.701
   15 (vir)    31           8.528          18.062
   16 (vir)    31           8.528          18.062
   17 (vir)    31          13.208          18.063
   18 (vir)    31          13.208          18.063
   19 (vir)    31          13.208          18.549
   20 (vir)    31          13.208          18.549
   21 (vir)    31          17.087          22.165
   22 (vir)    31          17.087          22.165
   23 (vir)    31          17.218          23.290
   24 (vir)    31          17.218          23.290
   25 (vir)    31          17.241          25.044
   26 (vir)    31          17.241          25.044
   27 (vir)    31          25.130          28.027
   28 (vir)    31          25.130          28.027
   29 (vir)    31          31.689          29.727
   30 (vir)    31          31.689          29.727
   31 (vir)    31          31.689          33.610
   32 (vir)    31          31.689          33.610
   33 (vir)    31          32.006          33.680
   34 (vir)    31          32.006          33.680
   35 (vir)    31          33.342          40.345
   36 (vir)    31          33.342          40.345
   37 (vir)    31          33.342          41.068
   38 (vir)    31          33.342          41.068
   39 (vir)    31          49.565          41.068
   40 (vir)    31          49.565          41.068
   41 (vir)    31          49.565          41.699
   42 (vir)    31          49.565          41.699
   43 (vir)    31          49.644          61.265
   44 (vir)    31          49.644          61.265
   45 (vir)    31          53.113          61.266
   46 (vir)    31          53.113          61.266
   47 (vir)    31          53.323          62.789
   48 (vir)    31          53.323          62.789
   49 (vir)    31          53.323          64.153
   50 (vir)    31          53.323          64.153
   51 (vir)    31          66.615          74.350
   52 (vir)    31          66.615          74.350
 
  kpoint:      32             coordinate:     0.0000    0.0000    0.0000
 
    n           k    ϵ_nk^DFT+SOC (eV)   ϵ_nk^G0W0+SOC (eV)
    1 (occ)    32          -6.755          -9.233
    2 (occ)    32          -6.755          -9.233
    3 (occ)    32           5.413          -7.039
    4 (occ)    32           5.413          -7.039
    5 (occ)    32           5.428          -6.052
    6 (occ)    32           5.428          -6.052
    7 (occ)    32           5.428           8.019
    8 (occ)    32           5.428           8.019
    9 (vir)    32           7.873          10.345
   10 (vir)    32           7.873          10.345
   11 (vir)    32           7.882          14.698
   12 (vir)    32           7.882          14.698
   13 (vir)    32           7.882          14.698
   14 (vir)    32           7.882          14.698
   15 (vir)    32           8.503          18.047
   16 (vir)    32           8.503          18.047
   17 (vir)    32          13.220          18.048
   18 (vir)    32          13.220          18.048
   19 (vir)    32          13.220          18.629
   20 (vir)    32          13.220          18.629
   21 (vir)    32          17.074          23.886
   22 (vir)    32          17.074          23.886
   23 (vir)    32          17.212          24.049
   24 (vir)    32          17.212          24.049
   25 (vir)    32          17.212          25.680
   26 (vir)    32          17.212          25.680
   27 (vir)    32          25.378          28.112
   28 (vir)    32          25.378          28.112
   29 (vir)    32          31.718          33.574
   30 (vir)    32          31.718          33.574
   31 (vir)    32          31.718          33.716
   32 (vir)    32          31.718          33.716
   33 (vir)    32          31.718          41.141
   34 (vir)    32          31.718          41.141
   35 (vir)    32          33.331          41.204
   36 (vir)    32          33.331          41.204
   37 (vir)    32          33.331          41.431
   38 (vir)    32          33.331          41.431
   39 (vir)    32          49.578          41.604
   40 (vir)    32          49.578          41.604
   41 (vir)    32          49.578          43.689
   42 (vir)    32          49.578          43.689
   43 (vir)    32          49.578          49.961
   44 (vir)    32          49.578          49.961
   45 (vir)    32          53.335          61.190
   46 (vir)    32          53.335          61.190
   47 (vir)    32          53.335          61.883
   48 (vir)    32          53.335          61.883
   49 (vir)    32          53.335          62.544
   50 (vir)    32          53.335          62.544
   51 (vir)    32          66.280          73.491
   52 (vir)    32          66.280          73.491
 
  kpoint:      33             coordinate:     0.0000    0.0161    0.0161
 
    n           k    ϵ_nk^DFT+SOC (eV)   ϵ_nk^G0W0+SOC (eV)
    1 (occ)    33          -6.751          -7.414
    2 (occ)    33          -6.751          -7.414
    3 (occ)    33           5.384          -6.961
    4 (occ)    33           5.384          -6.961
    5 (occ)    33           5.400           1.892
    6 (occ)    33           5.400           1.892
    7 (occ)    33           5.405           6.011
    8 (occ)    33           5.405           6.011
    9 (vir)    33           7.867          10.668
   10 (vir)    33           7.867          10.668
   11 (vir)    33           7.903          14.657
   12 (vir)    33           7.903          14.657
   13 (vir)    33           7.908          14.746
   14 (vir)    33           7.908          14.746
   15 (vir)    33           8.536          17.806
   16 (vir)    33           8.536          17.806
   17 (vir)    33          13.184          17.931
   18 (vir)    33          13.184          17.931
   19 (vir)    33          13.225          18.275
   20 (vir)    33          13.225          18.275
   21 (vir)    33          17.093          18.439
   22 (vir)    33          17.093          18.439
   23 (vir)    33          17.222          23.595
   24 (vir)    33          17.222          23.595
   25 (vir)    33          17.247          25.128
   26 (vir)    33          17.247          25.128
   27 (vir)    33          25.052          28.022
   28 (vir)    33          25.052          28.022
   29 (vir)    33          31.692          31.264
   30 (vir)    33          31.692          31.264
   31 (vir)    33          31.692          33.536
   32 (vir)    33          31.692          33.536
   33 (vir)    33          32.061          41.242
   34 (vir)    33          32.061          41.242
   35 (vir)    33          33.307          41.800
   36 (vir)    33          33.307          41.800
   37 (vir)    33          33.395          41.943
   38 (vir)    33          33.395          41.943
   39 (vir)    33          49.527          42.120
   40 (vir)    33          49.527          42.120
   41 (vir)    33          49.527          46.471
   42 (vir)    33          49.527          46.471
   43 (vir)    33          49.741          49.722
   44 (vir)    33          49.741          49.722
   45 (vir)    33          52.949          61.294
   46 (vir)    33          52.949          61.294
   47 (vir)    33          53.361          61.420
   48 (vir)    33          53.361          61.420
   49 (vir)    33          53.361          62.077
   50 (vir)    33          53.361          62.077
   51 (vir)    33          66.722          73.511
   52 (vir)    33          66.722          73.511
 
  kpoint:      34             coordinate:     0.0000    0.0323    0.0323
 
    n           k    ϵ_nk^DFT+SOC (eV)   ϵ_nk^G0W0+SOC (eV)
    1 (occ)    34          -6.737          -7.536
    2 (occ)    34          -6.737          -7.536
    3 (occ)    34           5.286          -6.820
    4 (occ)    34           5.286          -6.820
    5 (occ)    34           5.333           2.858
    6 (occ)    34           5.333           2.858
    7 (occ)    34           5.341           5.870
    8 (occ)    34           5.341           5.870
    9 (vir)    34           7.835          10.646
   10 (vir)    34           7.835          10.646
   11 (vir)    34           7.981          14.543
   12 (vir)    34           7.981          14.543
   13 (vir)    34           7.986          14.896
   14 (vir)    34           7.986          14.896
   15 (vir)    34           8.631          15.915
   16 (vir)    34           8.631          15.915
   17 (vir)    34          13.082          17.775
   18 (vir)    34          13.082          17.775
   19 (vir)    34          13.239          18.391
   20 (vir)    34          13.239          18.391
   21 (vir)    34          17.137          18.535
   22 (vir)    34          17.137          18.535
   23 (vir)    34          17.250          21.719
   24 (vir)    34          17.250          21.719
   25 (vir)    34          17.360          22.667
   26 (vir)    34          17.360          22.667
   27 (vir)    34          24.284          27.565
   28 (vir)    34          24.284          27.565
   29 (vir)    34          31.617          30.939
   30 (vir)    34          31.617          30.939
   31 (vir)    34          31.617          31.764
   32 (vir)    34          31.617          31.764
   33 (vir)    34          32.709          32.021
   34 (vir)    34          32.709          32.021
   35 (vir)    34          33.234          32.961
   36 (vir)    34          33.234          32.961
   37 (vir)    34          33.744          41.875
   38 (vir)    34          33.744          41.875
   39 (vir)    34          49.382          43.296
   40 (vir)    34          49.382          43.296
   41 (vir)    34          49.382          60.675
   42 (vir)    34          49.382          60.675
   43 (vir)    34          50.224          61.469
   44 (vir)    34          50.224          61.469
   45 (vir)    34          51.950          61.587
   46 (vir)    34          51.950          61.587
   47 (vir)    34          53.434          62.055
   48 (vir)    34          53.434          62.055
   49 (vir)    34          53.434          62.614
   50 (vir)    34          53.434          62.614
   51 (vir)    34          67.885          73.771
   52 (vir)    34          67.885          73.771
 
  kpoint:      35             coordinate:     0.0000    0.0484    0.0484
 
    n           k    ϵ_nk^DFT+SOC (eV)   ϵ_nk^G0W0+SOC (eV)
    1 (occ)    35          -6.714          -7.501
    2 (occ)    35          -6.714          -7.501
    3 (occ)    35           5.131          -6.485
    4 (occ)    35           5.131          -6.485
    5 (occ)    35           5.235           4.078
    6 (occ)    35           5.235           4.078
    7 (occ)    35           5.243           5.689
    8 (occ)    35           5.243           5.689
    9 (vir)    35           7.783          10.064
   10 (vir)    35           7.783          10.064
   11 (vir)    35           8.103          10.636
   12 (vir)    35           8.103          10.636
   13 (vir)    35           8.107          14.365
   14 (vir)    35           8.107          14.365
   15 (vir)    35           8.775          15.150
   16 (vir)    35           8.775          15.150
   17 (vir)    35          12.928          17.871
   18 (vir)    35          12.928          17.871
   19 (vir)    35          13.264          18.554
   20 (vir)    35          13.264          18.554
   21 (vir)    35          17.193          21.151
   22 (vir)    35          17.193          21.151
   23 (vir)    35          17.298          21.220
   24 (vir)    35          17.298          21.220
   25 (vir)    35          17.552          22.857
   26 (vir)    35          17.552          22.857
   27 (vir)    35          23.387          23.695
   28 (vir)    35          23.387          23.695
   29 (vir)    35          31.492          28.951
   30 (vir)    35          31.492          28.951
   31 (vir)    35          31.492          32.156
   32 (vir)    35          31.492          32.156
   33 (vir)    35          33.031          32.820
   34 (vir)    35          33.031          32.820
   35 (vir)    35          33.113          33.999
   36 (vir)    35          33.113          33.999
   37 (vir)    35          34.658          45.289
   38 (vir)    35          34.658          45.289
   39 (vir)    35          49.158          47.298
   40 (vir)    35          49.158          47.298
   41 (vir)    35          49.158          54.164
   42 (vir)    35          49.158          54.164
   43 (vir)    35          50.633          60.477
   44 (vir)    35          50.633          60.477
   45 (vir)    35          51.010          61.562
   46 (vir)    35          51.010          61.562
   47 (vir)    35          53.535          61.793
   48 (vir)    35          53.535          61.793
   49 (vir)    35          53.535          67.490
   50 (vir)    35          53.535          67.490
   51 (vir)    35          69.460          75.131
   52 (vir)    35          69.460          75.131
 
  kpoint:      36             coordinate:     0.0000    0.0645    0.0645
 
    n           k    ϵ_nk^DFT+SOC (eV)   ϵ_nk^G0W0+SOC (eV)
    1 (occ)    36          -6.682          -7.751
    2 (occ)    36          -6.682          -7.751
    3 (occ)    36           4.934          -6.406
    4 (occ)    36           4.934          -6.406
    5 (occ)    36           5.111           3.671
    6 (occ)    36           5.111           3.671
    7 (occ)    36           5.118           5.544
    8 (occ)    36           5.118           5.544
    9 (vir)    36           7.714           9.750
   10 (vir)    36           7.714           9.750
   11 (vir)    36           8.260          10.656
   12 (vir)    36           8.260          10.656
   13 (vir)    36           8.264          14.085
   14 (vir)    36           8.264          14.085
   15 (vir)    36           8.952          15.332
   16 (vir)    36           8.952          15.332
   17 (vir)    36          12.741          17.402
   18 (vir)    36          12.741          17.402
   19 (vir)    36          13.298          18.004
   20 (vir)    36          13.298          18.004
   21 (vir)    36          17.264          18.547
   22 (vir)    36          17.264          18.547
   23 (vir)    36          17.365          18.697
   24 (vir)    36          17.365          18.697
   25 (vir)    36          17.807          18.775
   26 (vir)    36          17.807          18.775
   27 (vir)    36          22.531          20.923
   28 (vir)    36          22.531          20.923
   29 (vir)    36          31.319          28.804
   30 (vir)    36          31.319          28.804
   31 (vir)    36          31.319          30.951
   32 (vir)    36          31.319          30.951
   33 (vir)    36          32.945          31.965
   34 (vir)    36          32.945          31.965
   35 (vir)    36          33.166          34.521
   36 (vir)    36          33.166          34.521
   37 (vir)    36          35.783          35.960
   38 (vir)    36          35.783          35.960
   39 (vir)    36          48.872          48.754
   40 (vir)    36          48.872          48.754
   41 (vir)    36          48.872          55.843
   42 (vir)    36          48.872          55.843
   43 (vir)    36          49.228          57.314
   44 (vir)    36          49.228          57.314
   45 (vir)    36          52.059          62.227
   46 (vir)    36          52.059          62.227
   47 (vir)    36          53.646          64.796
   48 (vir)    36          53.646          64.796
   49 (vir)    36          53.646          75.628
   50 (vir)    36          53.646          75.628
   51 (vir)    36          71.199          78.786
   52 (vir)    36          71.199          78.786
 
  kpoint:      37             coordinate:     0.0000    0.0806    0.0806
 
    n           k    ϵ_nk^DFT+SOC (eV)   ϵ_nk^G0W0+SOC (eV)
    1 (occ)    37          -6.642          -7.434
    2 (occ)    37          -6.642          -7.434
    3 (occ)    37           4.707          -6.206
    4 (occ)    37           4.707          -6.206
    5 (occ)    37           4.970           3.109
    6 (occ)    37           4.970           3.109
    7 (occ)    37           4.976           5.466
    8 (occ)    37           4.976           5.466
    9 (vir)    37           7.630           9.315
   10 (vir)    37           7.630           9.315
   11 (vir)    37           8.445          10.716
   12 (vir)    37           8.445          10.716
   13 (vir)    37           8.448          11.089
   14 (vir)    37           8.448          11.089
   15 (vir)    37           9.145          13.626
   16 (vir)    37           9.145          13.626
   17 (vir)    37          12.539          15.089
   18 (vir)    37          12.539          15.089
   19 (vir)    37          13.342          16.652
   20 (vir)    37          13.342          16.652
   21 (vir)    37          17.351          18.372
   22 (vir)    37          17.351          18.372
   23 (vir)    37          17.450          18.698
   24 (vir)    37          17.450          18.698
   25 (vir)    37          18.111          18.963
   26 (vir)    37          18.111          18.963
   27 (vir)    37          21.787          19.889
   28 (vir)    37          21.787          19.889
   29 (vir)    37          31.100          29.151
   30 (vir)    37          31.100          29.151
   31 (vir)    37          31.100          30.507
   32 (vir)    37          31.100          30.507
   33 (vir)    37          32.729          35.306
   34 (vir)    37          32.729          35.306
   35 (vir)    37          33.267          35.844
   36 (vir)    37          33.267          35.844
   37 (vir)    37          36.872          37.104
   38 (vir)    37          36.872          37.104
   39 (vir)    37          47.868          45.116
   40 (vir)    37          47.868          45.116
   41 (vir)    37          48.540          48.002
   42 (vir)    37          48.540          48.002
   43 (vir)    37          48.540          52.016
   44 (vir)    37          48.540          52.016
   45 (vir)    37          53.303          53.263
   46 (vir)    37          53.303          53.263
   47 (vir)    37          53.748          62.159
   48 (vir)    37          53.748          62.159
   49 (vir)    37          53.748          73.671
   50 (vir)    37          53.748          73.671
   51 (vir)    37          72.948          74.797
   52 (vir)    37          72.948          74.797
 
  kpoint:      38             coordinate:     0.0000    0.0968    0.0968
 
    n           k    ϵ_nk^DFT+SOC (eV)   ϵ_nk^G0W0+SOC (eV)
    1 (occ)    38          -6.592          -5.969
    2 (occ)    38          -6.592          -5.969
    3 (occ)    38           4.459           2.074
    4 (occ)    38           4.459           2.074
    5 (occ)    38           4.817           2.711
    6 (occ)    38           4.817           2.711
    7 (occ)    38           4.822           5.500
    8 (occ)    38           4.822           5.500
    9 (vir)    38           7.534           8.783
   10 (vir)    38           7.534           8.783
   11 (vir)    38           8.651          10.442
   12 (vir)    38           8.651          10.442
   13 (vir)    38           8.654          10.816
   14 (vir)    38           8.654          10.816
   15 (vir)    38           9.336          11.320
   16 (vir)    38           9.336          11.320
   17 (vir)    38          12.343          13.347
   18 (vir)    38          12.343          13.347
   19 (vir)    38          13.395          15.582
   20 (vir)    38          13.395          15.582
   21 (vir)    38          17.457          18.493
   22 (vir)    38          17.457          18.493
   23 (vir)    38          17.555          18.629
   24 (vir)    38          17.555          18.629
   25 (vir)    38          18.453          19.207
   26 (vir)    38          18.453          19.207
   27 (vir)    38          21.172          19.779
   28 (vir)    38          21.172          19.779
   29 (vir)    38          30.838          29.454
   30 (vir)    38          30.838          29.454
   31 (vir)    38          30.838          30.731
   32 (vir)    38          30.838          30.731
   33 (vir)    38          32.467          35.037
   34 (vir)    38          32.467          35.037
   35 (vir)    38          33.367          38.250
   36 (vir)    38          33.367          38.250
   37 (vir)    38          37.869          40.877
   38 (vir)    38          37.869          40.877
   39 (vir)    38          46.623          43.204
   40 (vir)    38          46.623          43.204
   41 (vir)    38          48.174          47.861
   42 (vir)    38          48.174          47.861
   43 (vir)    38          48.174          49.012
   44 (vir)    38          48.174          49.012
   45 (vir)    38          53.827          53.559
   46 (vir)    38          53.827          53.559
   47 (vir)    38          53.827          58.990
   48 (vir)    38          53.827          58.990
   49 (vir)    38          54.654          75.195
   50 (vir)    38          54.654          75.195
   51 (vir)    38          74.615          76.633
   52 (vir)    38          74.615          76.633
 
  kpoint:      39             coordinate:     0.0000    0.1129    0.1129
 
    n           k    ϵ_nk^DFT+SOC (eV)   ϵ_nk^G0W0+SOC (eV)
    1 (occ)    39          -6.533          -5.593
    2 (occ)    39          -6.533          -5.593
    3 (occ)    39           4.195           2.027
    4 (occ)    39           4.195           2.027
    5 (occ)    39           4.657           3.293
    6 (occ)    39           4.657           3.293
    7 (occ)    39           4.661           5.667
    8 (occ)    39           4.661           5.667
    9 (vir)    39           7.431           8.216
   10 (vir)    39           7.431           8.216
   11 (vir)    39           8.873          10.115
   12 (vir)    39           8.873          10.115
   13 (vir)    39           8.876          10.942
   14 (vir)    39           8.876          10.942
   15 (vir)    39           9.504          11.283
   16 (vir)    39           9.504          11.283
   17 (vir)    39          12.176          13.249
   18 (vir)    39          12.176          13.249
   19 (vir)    39          13.459          15.944
   20 (vir)    39          13.459          15.944
   21 (vir)    39          17.581          18.085
   22 (vir)    39          17.581          18.085
   23 (vir)    39          17.679          18.666
   24 (vir)    39          17.679          18.666
   25 (vir)    39          18.826          19.271
   26 (vir)    39          18.826          19.271
   27 (vir)    39          20.684          20.242
   28 (vir)    39          20.684          20.242
   29 (vir)    39          30.537          29.927
   30 (vir)    39          30.537          29.927
   31 (vir)    39          30.537          30.828
   32 (vir)    39          30.537          30.828
   33 (vir)    39          32.160          32.813
   34 (vir)    39          32.160          32.813
   35 (vir)    39          33.471          38.960
   36 (vir)    39          33.471          38.960
   37 (vir)    39          38.781          41.316
   38 (vir)    39          38.781          41.316
   39 (vir)    39          45.523          41.447
   40 (vir)    39          45.523          41.447
   41 (vir)    39          47.781          49.834
   42 (vir)    39          47.781          49.834
   43 (vir)    39          47.781          49.918
   44 (vir)    39          47.781          49.918
   45 (vir)    39          53.875          54.050
   46 (vir)    39          53.875          54.050
   47 (vir)    39          53.875          62.534
   48 (vir)    39          53.875          62.534
   49 (vir)    39          56.020          73.724
   50 (vir)    39          56.020          73.724
   51 (vir)    39          76.152          76.827
   52 (vir)    39          76.152          76.827
 
  kpoint:      40             coordinate:     0.0000    0.1290    0.1290
 
    n           k    ϵ_nk^DFT+SOC (eV)   ϵ_nk^G0W0+SOC (eV)
    1 (occ)    40          -6.465          -5.410
    2 (occ)    40          -6.465          -5.410
    3 (occ)    40           3.921           2.104
    4 (occ)    40           3.921           2.104
    5 (occ)    40           4.495           4.542
    6 (occ)    40           4.495           4.542
    7 (occ)    40           4.498           5.935
    8 (occ)    40           4.498           5.935
    9 (vir)    40           7.323           7.701
   10 (vir)    40           7.323           7.701
   11 (vir)    40           9.109           9.821
   12 (vir)    40           9.109           9.821
   13 (vir)    40           9.111           9.906
   14 (vir)    40           9.111           9.906
   15 (vir)    40           9.626          10.958
   16 (vir)    40           9.626          10.958
   17 (vir)    40          12.063          12.962
   18 (vir)    40          12.063          12.962
   19 (vir)    40          13.533          16.122
   20 (vir)    40          13.533          16.122
   21 (vir)    40          17.723          18.708
   22 (vir)    40          17.723          18.708
   23 (vir)    40          17.821          18.907
   24 (vir)    40          17.821          18.907
   25 (vir)    40          19.227          19.891
   26 (vir)    40          19.227          19.891
   27 (vir)    40          20.312          20.653
   28 (vir)    40          20.312          20.653
   29 (vir)    40          30.200          29.399
   30 (vir)    40          30.200          29.399
   31 (vir)    40          30.200          30.565
   32 (vir)    40          30.200          30.565
   33 (vir)    40          31.809          32.744
   34 (vir)    40          31.809          32.744
   35 (vir)    40          33.581          39.915
   36 (vir)    40          33.581          39.915
   37 (vir)    40          39.637          40.412
   38 (vir)    40          39.637          40.412
   39 (vir)    40          44.577          41.940
   40 (vir)    40          44.577          41.940
   41 (vir)    40          47.364          51.551
   42 (vir)    40          47.364          51.551
   43 (vir)    40          47.364          51.950
   44 (vir)    40          47.364          51.950
   45 (vir)    40          53.885          57.930
   46 (vir)    40          53.885          57.930
   47 (vir)    40          53.885          63.998
   48 (vir)    40          53.885          63.998
   49 (vir)    40          57.318          67.310
   50 (vir)    40          57.318          67.310
   51 (vir)    40          77.535          78.394
   52 (vir)    40          77.535          78.394
 
  kpoint:      41             coordinate:     0.0000    0.1452    0.1452
 
    n           k    ϵ_nk^DFT+SOC (eV)   ϵ_nk^G0W0+SOC (eV)
    1 (occ)    41          -6.388          -4.260
    2 (occ)    41          -6.388          -4.260
    3 (occ)    41           3.640           2.382
    4 (occ)    41           3.640           2.382
    5 (occ)    41           4.332           3.777
    6 (occ)    41           4.332           3.777
    7 (occ)    41           4.334           6.228
    8 (occ)    41           4.334           6.228
    9 (vir)    41           7.213           7.295
   10 (vir)    41           7.213           7.295
   11 (vir)    41           9.354           9.905
   12 (vir)    41           9.354           9.905
   13 (vir)    41           9.356          10.736
   14 (vir)    41           9.356          10.736
   15 (vir)    41           9.678          10.825
   16 (vir)    41           9.678          10.825
   17 (vir)    41          12.030          12.597
   18 (vir)    41          12.030          12.597
   19 (vir)    41          13.617          16.142
   20 (vir)    41          13.617          16.142
   21 (vir)    41          17.882          19.263
   22 (vir)    41          17.882          19.263
   23 (vir)    41          17.981          19.380
   24 (vir)    41          17.981          19.380
   25 (vir)    41          19.652          20.126
   26 (vir)    41          19.652          20.126
   27 (vir)    41          20.038          21.042
   28 (vir)    41          20.038          21.042
   29 (vir)    41          29.832          29.889
   30 (vir)    41          29.832          29.889
   31 (vir)    41          29.832          29.891
   32 (vir)    41          29.832          29.891
   33 (vir)    41          31.416          40.901
   34 (vir)    41          31.416          40.901
   35 (vir)    41          33.696          41.352
   36 (vir)    41          33.696          41.352
   37 (vir)    41          40.471          41.918
   38 (vir)    41          40.471          41.918
   39 (vir)    41          43.783          42.345
   40 (vir)    41          43.783          42.345
   41 (vir)    41          46.926          53.296
   42 (vir)    41          46.926          53.296
   43 (vir)    41          46.926          55.692
   44 (vir)    41          46.926          55.692
   45 (vir)    41          53.857          62.480
   46 (vir)    41          53.857          62.480
   47 (vir)    41          53.857          63.295
   48 (vir)    41          53.857          63.295
   49 (vir)    41          58.485          64.420
   50 (vir)    41          58.485          64.420
   51 (vir)    41          78.758          81.270
   52 (vir)    41          78.758          81.270
 
  kpoint:      42             coordinate:     0.0000    0.1613    0.1613
 
    n           k    ϵ_nk^DFT+SOC (eV)   ϵ_nk^G0W0+SOC (eV)
    1 (occ)    42          -6.302          -5.075
    2 (occ)    42          -6.302          -5.075
    3 (occ)    42           3.352           2.906
    4 (occ)    42           3.352           2.906
    5 (occ)    42           4.171           3.915
    6 (occ)    42           4.171           3.915
    7 (occ)    42           4.172           6.487
    8 (occ)    42           4.172           6.487
    9 (vir)    42           7.103           7.013
   10 (vir)    42           7.103           7.013
   11 (vir)    42           9.609          10.128
   12 (vir)    42           9.609          10.128
   13 (vir)    42           9.610          10.489
   14 (vir)    42           9.610          10.489
   15 (vir)    42           9.648          11.218
   16 (vir)    42           9.648          11.218
   17 (vir)    42          12.090          12.477
   18 (vir)    42          12.090          12.477
   19 (vir)    42          13.712          16.043
   20 (vir)    42          13.712          16.043
   21 (vir)    42          18.059          19.609
   22 (vir)    42          18.059          19.609
   23 (vir)    42          18.158          19.913
   24 (vir)    42          18.158          19.913
   25 (vir)    42          19.846          21.491
   26 (vir)    42          19.846          21.491
   27 (vir)    42          20.101          27.882
   28 (vir)    42          20.101          27.882
   29 (vir)    42          29.439          28.522
   30 (vir)    42          29.439          28.522
   31 (vir)    42          29.439          30.219
   32 (vir)    42          29.439          30.219
   33 (vir)    42          30.982          38.912
   34 (vir)    42          30.982          38.912
   35 (vir)    42          33.814          41.461
   36 (vir)    42          33.814          41.461
   37 (vir)    42          41.315          43.839
   38 (vir)    42          41.315          43.839
   39 (vir)    42          43.127          47.880
   40 (vir)    42          43.127          47.880
   41 (vir)    42          46.466          49.756
   42 (vir)    42          46.466          49.756
   43 (vir)    42          46.466          59.750
   44 (vir)    42          46.466          59.750
   45 (vir)    42          53.793          62.025
   46 (vir)    42          53.793          62.025
   47 (vir)    42          53.793          62.584
   48 (vir)    42          53.793          62.584
   49 (vir)    42          59.476          64.034
   50 (vir)    42          59.476          64.034
   51 (vir)    42          79.827          78.637
   52 (vir)    42          79.827          78.637
 
  kpoint:      43             coordinate:     0.0000    0.1774    0.1774
 
    n           k    ϵ_nk^DFT+SOC (eV)   ϵ_nk^G0W0+SOC (eV)
    1 (occ)    43          -6.208          -5.359
    2 (occ)    43          -6.208          -5.359
    3 (occ)    43           3.062           3.553
    4 (occ)    43           3.062           3.553
    5 (occ)    43           4.012           4.212
    6 (occ)    43           4.012           4.212
    7 (occ)    43           4.013           6.629
    8 (occ)    43           4.013           6.629
    9 (vir)    43           6.995           6.854
   10 (vir)    43           6.995           6.854
   11 (vir)    43           9.543          10.352
   12 (vir)    43           9.543          10.352
   13 (vir)    43           9.870          10.430
   14 (vir)    43           9.870          10.430
   15 (vir)    43           9.872          11.419
   16 (vir)    43           9.872          11.419
   17 (vir)    43          12.236          12.598
   18 (vir)    43          12.236          12.598
   19 (vir)    43          13.818          16.078
   20 (vir)    43          13.818          16.078
   21 (vir)    43          18.251          19.489
   22 (vir)    43          18.251          19.489
   23 (vir)    43          18.350          19.696
   24 (vir)    43          18.350          19.696
   25 (vir)    43          19.720          21.709
   26 (vir)    43          19.720          21.709
   27 (vir)    43          20.572          26.656
   28 (vir)    43          20.572          26.656
   29 (vir)    43          29.028          30.683
   30 (vir)    43          29.028          30.683
   31 (vir)    43          29.028          37.898
   32 (vir)    43          29.028          37.898
   33 (vir)    43          30.510          38.556
   34 (vir)    43          30.510          38.556
   35 (vir)    43          33.932          44.056
   36 (vir)    43          33.932          44.056
   37 (vir)    43          42.198          46.972
   38 (vir)    43          42.198          46.972
   39 (vir)    43          42.597          50.424
   40 (vir)    43          42.597          50.424
   41 (vir)    43          45.981          51.181
   42 (vir)    43          45.981          51.181
   43 (vir)    43          45.981          51.213
   44 (vir)    43          45.981          51.213
   45 (vir)    43          53.700          59.337
   46 (vir)    43          53.700          59.337
   47 (vir)    43          53.700          59.458
   48 (vir)    43          53.700          59.458
   49 (vir)    43          60.263          65.425
   50 (vir)    43          60.263          65.425
   51 (vir)    43          80.755          82.896
   52 (vir)    43          80.755          82.896
 
  kpoint:      44             coordinate:     0.0000    0.1935    0.1935
 
    n           k    ϵ_nk^DFT+SOC (eV)   ϵ_nk^G0W0+SOC (eV)
    1 (occ)    44          -6.105          -5.671
    2 (occ)    44          -6.105          -5.671
    3 (occ)    44           2.768           4.033
    4 (occ)    44           2.768           4.033
    5 (occ)    44           3.858           4.253
    6 (occ)    44           3.858           4.253
    7 (occ)    44           3.858           6.636
    8 (occ)    44           3.858           6.636
    9 (vir)    44           6.890           6.712
   10 (vir)    44           6.890           6.712
   11 (vir)    44           9.384          10.504
   12 (vir)    44           9.384          10.504
   13 (vir)    44          10.138          10.625
   14 (vir)    44          10.138          10.625
   15 (vir)    44          10.140          11.560
   16 (vir)    44          10.140          11.560
   17 (vir)    44          12.448          13.063
   18 (vir)    44          12.448          13.063
   19 (vir)    44          13.934          16.259
   20 (vir)    44          13.934          16.259
   21 (vir)    44          18.456          18.297
   22 (vir)    44          18.456          18.297
   23 (vir)    44          18.556          20.145
   24 (vir)    44          18.556          20.145
   25 (vir)    44          19.646          22.510
   26 (vir)    44          19.646          22.510
   27 (vir)    44          21.064          24.419
   28 (vir)    44          21.064          24.419
   29 (vir)    44          28.606          33.544
   30 (vir)    44          28.606          33.544
   31 (vir)    44          28.606          36.573
   32 (vir)    44          28.606          36.573
   33 (vir)    44          30.003          37.472
   34 (vir)    44          30.003          37.472
   35 (vir)    44          34.047          44.059
   36 (vir)    44          34.047          44.059
   37 (vir)    44          42.175          49.609
   38 (vir)    44          42.175          49.609
   39 (vir)    44          43.145          50.313
   40 (vir)    44          43.145          50.313
   41 (vir)    44          45.468          51.003
   42 (vir)    44          45.468          51.003
   43 (vir)    44          45.468          53.716
   44 (vir)    44          45.468          53.716
   45 (vir)    44          53.585          53.945
   46 (vir)    44          53.585          53.945
   47 (vir)    44          53.585          54.972
   48 (vir)    44          53.585          54.972
   49 (vir)    44          60.832          60.863
   50 (vir)    44          60.832          60.863
   51 (vir)    44          81.560          83.437
   52 (vir)    44          81.560          83.437
 
  kpoint:      45             coordinate:     0.0000    0.2097    0.2097
 
    n           k    ϵ_nk^DFT+SOC (eV)   ϵ_nk^G0W0+SOC (eV)
    1 (occ)    45          -5.993          -5.984
    2 (occ)    45          -5.993          -5.984
    3 (occ)    45           2.473           4.006
    4 (occ)    45           2.473           4.006
    5 (occ)    45           3.709           4.289
    6 (occ)    45           3.709           4.289
    7 (occ)    45           3.710           6.517
    8 (occ)    45           3.710           6.517
    9 (vir)    45           6.789           6.742
   10 (vir)    45           6.789           6.742
   11 (vir)    45           9.191          10.670
   12 (vir)    45           9.191          10.670
   13 (vir)    45          10.411          10.865
   14 (vir)    45          10.411          10.865
   15 (vir)    45          10.413          11.655
   16 (vir)    45          10.413          11.655
   17 (vir)    45          12.707          14.055
   18 (vir)    45          12.707          14.055
   19 (vir)    45          14.062          16.450
   20 (vir)    45          14.062          16.450
   21 (vir)    45          18.670          19.179
   22 (vir)    45          18.670          19.179
   23 (vir)    45          18.771          19.202
   24 (vir)    45          18.771          19.202
   25 (vir)    45          19.612          24.909
   26 (vir)    45          19.612          24.909
   27 (vir)    45          21.578          25.553
   28 (vir)    45          21.578          25.553
   29 (vir)    45          28.183          28.666
   30 (vir)    45          28.183          28.666
   31 (vir)    45          28.183          29.934
   32 (vir)    45          28.183          29.934
   33 (vir)    45          29.464          36.946
   34 (vir)    45          29.464          36.946
   35 (vir)    45          34.157          43.145
   36 (vir)    45          34.157          43.145
   37 (vir)    45          41.846          49.980
   38 (vir)    45          41.846          49.980
   39 (vir)    45          44.177          50.650
   40 (vir)    45          44.177          50.650
   41 (vir)    45          44.926          51.618
   42 (vir)    45          44.926          51.618
   43 (vir)    45          44.926          52.491
   44 (vir)    45          44.926          52.491
   45 (vir)    45          53.458          54.096
   46 (vir)    45          53.458          54.096
   47 (vir)    45          53.458          54.904
   48 (vir)    45          53.458          54.904
   49 (vir)    45          61.179          58.384
   50 (vir)    45          61.179          58.384
   51 (vir)    45          82.259          82.219
   52 (vir)    45          82.259          82.219
 
  kpoint:      46             coordinate:     0.0000    0.2258    0.2258
 
    n           k    ϵ_nk^DFT+SOC (eV)   ϵ_nk^G0W0+SOC (eV)
    1 (occ)    46          -5.872          -5.969
    2 (occ)    46          -5.872          -5.969
    3 (occ)    46           2.176           3.653
    4 (occ)    46           2.176           3.653
    5 (occ)    46           3.566           4.338
    6 (occ)    46           3.566           4.338
    7 (occ)    46           3.567           6.295
    8 (occ)    46           3.567           6.295
    9 (vir)    46           6.695           6.775
   10 (vir)    46           6.695           6.775
   11 (vir)    46           8.980          10.580
   12 (vir)    46           8.980          10.580
   13 (vir)    46          10.690          11.312
   14 (vir)    46          10.690          11.312
   15 (vir)    46          10.692          11.726
   16 (vir)    46          10.692          11.726
   17 (vir)    46          12.998          15.368
   18 (vir)    46          12.998          15.368
   19 (vir)    46          14.201          16.368
   20 (vir)    46          14.201          16.368
   21 (vir)    46          18.888          19.514
   22 (vir)    46          18.888          19.514
   23 (vir)    46          18.989          21.332
   24 (vir)    46          18.989          21.332
   25 (vir)    46          19.607          24.614
   26 (vir)    46          19.607          24.614
   27 (vir)    46          22.112          26.878
   28 (vir)    46          22.112          26.878
   29 (vir)    46          27.768          28.716
   30 (vir)    46          27.768          28.716
   31 (vir)    46          27.768          36.412
   32 (vir)    46          27.768          36.412
   33 (vir)    46          28.897          36.638
   34 (vir)    46          28.897          36.638
   35 (vir)    46          34.257          41.957
   36 (vir)    46          34.257          41.957
   37 (vir)    46          41.596          50.188
   38 (vir)    46          41.596          50.188
   39 (vir)    46          44.351          53.252
   40 (vir)    46          44.351          53.252
   41 (vir)    46          44.351          53.790
   42 (vir)    46          44.351          53.790
   43 (vir)    46          45.313          53.848
   44 (vir)    46          45.313          53.848
   45 (vir)    46          53.330          54.239
   46 (vir)    46          53.330          54.239
   47 (vir)    46          53.330          55.955
   48 (vir)    46          53.330          55.955
   49 (vir)    46          61.306          60.784
   50 (vir)    46          61.306          60.784
   51 (vir)    46          82.872          88.688
   52 (vir)    46          82.872          88.688
 
  kpoint:      47             coordinate:     0.0000    0.2419    0.2419
 
    n           k    ϵ_nk^DFT+SOC (eV)   ϵ_nk^G0W0+SOC (eV)
    1 (occ)    47          -5.743          -5.940
    2 (occ)    47          -5.743          -5.940
    3 (occ)    47           1.880           3.174
    4 (occ)    47           1.880           3.174
    5 (occ)    47           3.429           4.164
    6 (occ)    47           3.429           4.164
    7 (occ)    47           3.431           5.989
    8 (occ)    47           3.431           5.989
    9 (vir)    47           6.606           6.815
   10 (vir)    47           6.606           6.815
   11 (vir)    47           8.762          10.390
   12 (vir)    47           8.762          10.390
   13 (vir)    47          10.972          11.699
   14 (vir)    47          10.972          11.699
   15 (vir)    47          10.974          11.800
   16 (vir)    47          10.974          11.800
   17 (vir)    47          13.309          16.341
   18 (vir)    47          13.309          16.341
   19 (vir)    47          14.353          16.727
   20 (vir)    47          14.353          16.727
   21 (vir)    47          19.103          19.726
   22 (vir)    47          19.103          19.726
   23 (vir)    47          19.203          23.637
   24 (vir)    47          19.203          23.637
   25 (vir)    47          19.621          25.087
   26 (vir)    47          19.621          25.087
   27 (vir)    47          22.664          25.475
   28 (vir)    47          22.664          25.475
   29 (vir)    47          27.377          31.149
   30 (vir)    47          27.377          31.149
   31 (vir)    47          27.377          34.984
   32 (vir)    47          27.377          34.984
   33 (vir)    47          28.306          35.965
   34 (vir)    47          28.306          35.965
   35 (vir)    47          34.345          42.867
   36 (vir)    47          34.345          42.867
   37 (vir)    47          41.413          47.769
   38 (vir)    47          41.413          47.769
   39 (vir)    47          43.743          49.693
   40 (vir)    47          43.743          49.693
   41 (vir)    47          43.743          51.032
   42 (vir)    47          43.743          51.032
   43 (vir)    47          46.570          52.896
   44 (vir)    47          46.570          52.896
   45 (vir)    47          53.211          53.572
   46 (vir)    47          53.211          53.572
   47 (vir)    47          53.211          54.225
   48 (vir)    47          53.211          54.225
   49 (vir)    47          61.224          71.694
   50 (vir)    47          61.224          71.694
   51 (vir)    47          83.416          93.182
   52 (vir)    47          83.416          93.182
 
  kpoint:      48             coordinate:     0.0000    0.2581    0.2581
 
    n           k    ϵ_nk^DFT+SOC (eV)   ϵ_nk^G0W0+SOC (eV)
    1 (occ)    48          -5.606          -5.881
    2 (occ)    48          -5.606          -5.881
    3 (occ)    48           1.583           2.636
    4 (occ)    48           1.583           2.636
    5 (occ)    48           3.300           3.885
    6 (occ)    48           3.300           3.885
    7 (occ)    48           3.302           5.647
    8 (occ)    48           3.302           5.647
    9 (vir)    48           6.524           6.855
   10 (vir)    48           6.524           6.855
   11 (vir)    48           8.542          10.122
   12 (vir)    48           8.542          10.122
   13 (vir)    48          11.259          11.929
   14 (vir)    48          11.259          11.929
   15 (vir)    48          11.261          12.189
   16 (vir)    48          11.261          12.189
   17 (vir)    48          13.635          16.341
   18 (vir)    48          13.635          16.341
   19 (vir)    48          14.517          17.548
   20 (vir)    48          14.517          17.548
   21 (vir)    48          19.305          19.607
   22 (vir)    48          19.305          19.607
   23 (vir)    48          19.399          19.916
   24 (vir)    48          19.399          19.916
   25 (vir)    48          19.649          24.321
   26 (vir)    48          19.649          24.321
   27 (vir)    48          23.232          26.697
   28 (vir)    48          23.232          26.697
   29 (vir)    48          27.024          32.125
   30 (vir)    48          27.024          32.125
   31 (vir)    48          27.024          33.929
   32 (vir)    48          27.024          33.929
   33 (vir)    48          27.695          34.060
   34 (vir)    48          27.695          34.060
   35 (vir)    48          34.418          46.338
   36 (vir)    48          34.418          46.338
   37 (vir)    48          41.287          48.013
   38 (vir)    48          41.287          48.013
   39 (vir)    48          43.103          50.446
   40 (vir)    48          43.103          50.446
   41 (vir)    48          43.103          52.088
   42 (vir)    48          43.103          52.088
   43 (vir)    48          47.956          53.537
   44 (vir)    48          47.956          53.537
   45 (vir)    48          53.110          56.358
   46 (vir)    48          53.110          56.358
   47 (vir)    48          53.110          58.455
   48 (vir)    48          53.110          58.455
   49 (vir)    48          60.950          73.005
   50 (vir)    48          60.950          73.005
   51 (vir)    48          83.905          94.336
   52 (vir)    48          83.905          94.336
 
  kpoint:      49             coordinate:     0.0000    0.2742    0.2742
 
    n           k    ϵ_nk^DFT+SOC (eV)   ϵ_nk^G0W0+SOC (eV)
    1 (occ)    49          -5.460          -5.413
    2 (occ)    49          -5.460          -5.413
    3 (occ)    49           1.286           2.055
    4 (occ)    49           1.286           2.055
    5 (occ)    49           3.179           3.541
    6 (occ)    49           3.179           3.541
    7 (occ)    49           3.181           5.295
    8 (occ)    49           3.181           5.295
    9 (vir)    49           6.450           6.894
   10 (vir)    49           6.450           6.894
   11 (vir)    49           8.326           9.830
   12 (vir)    49           8.326           9.830
   13 (vir)    49          11.550          12.014
   14 (vir)    49          11.550          12.014
   15 (vir)    49          11.552          12.660
   16 (vir)    49          11.552          12.660
   17 (vir)    49          13.971          16.408
   18 (vir)    49          13.971          16.408
   19 (vir)    49          14.694          17.672
   20 (vir)    49          14.694          17.672
   21 (vir)    49          19.479          19.926
   22 (vir)    49          19.479          19.926
   23 (vir)    49          19.556          20.404
   24 (vir)    49          19.556          20.404
   25 (vir)    49          19.692          24.840
   26 (vir)    49          19.692          24.840
   27 (vir)    49          23.815          29.591
   28 (vir)    49          23.815          29.591
   29 (vir)    49          26.728          30.427
   30 (vir)    49          26.728          30.427
   31 (vir)    49          26.728          33.174
   32 (vir)    49          26.728          33.174
   33 (vir)    49          27.068          36.627
   34 (vir)    49          27.068          36.627
   35 (vir)    49          34.471          48.121
   36 (vir)    49          34.471          48.121
   37 (vir)    49          41.209          49.805
   38 (vir)    49          41.209          49.805
   39 (vir)    49          42.433          49.809
   40 (vir)    49          42.433          49.809
   41 (vir)    49          42.433          52.395
   42 (vir)    49          42.433          52.395
   43 (vir)    49          49.472          53.509
   44 (vir)    49          49.472          53.509
   45 (vir)    49          53.034          63.219
   46 (vir)    49          53.034          63.219
   47 (vir)    49          53.034          64.309
   48 (vir)    49          53.034          64.309
   49 (vir)    49          60.510          76.962
   50 (vir)    49          60.510          76.962
   51 (vir)    49          84.352          93.745
   52 (vir)    49          84.352          93.745
 
  kpoint:      50             coordinate:     0.0000    0.2903    0.2903
 
    n           k    ϵ_nk^DFT+SOC (eV)   ϵ_nk^G0W0+SOC (eV)
    1 (occ)    50          -5.306          -4.954
    2 (occ)    50          -5.306          -4.954
    3 (occ)    50           0.990           1.568
    4 (occ)    50           0.990           1.568
    5 (occ)    50           3.065           3.178
    6 (occ)    50           3.065           3.178
    7 (occ)    50           3.067           4.952
    8 (occ)    50           3.067           4.952
    9 (vir)    50           6.383           6.934
   10 (vir)    50           6.383           6.934
   11 (vir)    50           8.115           9.544
   12 (vir)    50           8.115           9.544
   13 (vir)    50          11.844          12.468
   14 (vir)    50          11.844          12.468
   15 (vir)    50          11.847          13.009
   16 (vir)    50          11.847          13.009
   17 (vir)    50          14.314          16.011
   18 (vir)    50          14.314          16.011
   19 (vir)    50          14.884          16.543
   20 (vir)    50          14.884          16.543
   21 (vir)    50          19.609          19.779
   22 (vir)    50          19.609          19.779
   23 (vir)    50          19.640          21.051
   24 (vir)    50          19.640          21.051
   25 (vir)    50          19.760          24.308
   26 (vir)    50          19.760          24.308
   27 (vir)    50          24.409          25.231
   28 (vir)    50          24.409          25.231
   29 (vir)    50          26.430          27.722
   30 (vir)    50          26.430          27.722
   31 (vir)    50          26.511          32.187
   32 (vir)    50          26.511          32.187
   33 (vir)    50          26.511          33.908
   34 (vir)    50          26.511          33.908
   35 (vir)    50          34.501          45.542
   36 (vir)    50          34.501          45.542
   37 (vir)    50          41.175          47.231
   38 (vir)    50          41.175          47.231
   39 (vir)    50          41.736          48.346
   40 (vir)    50          41.736          48.346
   41 (vir)    50          41.736          48.791
   42 (vir)    50          41.736          48.791
   43 (vir)    50          51.097          52.396
   44 (vir)    50          51.097          52.396
   45 (vir)    50          52.987          60.386
   46 (vir)    50          52.987          60.386
   47 (vir)    50          52.987          66.103
   48 (vir)    50          52.987          66.103
   49 (vir)    50          59.952          73.004
   50 (vir)    50          59.952          73.004
   51 (vir)    50          84.765          93.048
   52 (vir)    50          84.765          93.048
 
  kpoint:      51             coordinate:     0.0000    0.3065    0.3065
 
    n           k    ϵ_nk^DFT+SOC (eV)   ϵ_nk^G0W0+SOC (eV)
    1 (occ)    51          -5.144          -4.646
    2 (occ)    51          -5.144          -4.646
    3 (occ)    51           0.696           0.949
    4 (occ)    51           0.696           0.949
    5 (occ)    51           2.960           2.831
    6 (occ)    51           2.960           2.831
    7 (occ)    51           2.962           4.664
    8 (occ)    51           2.962           4.664
    9 (vir)    51           6.325           6.977
   10 (vir)    51           6.325           6.977
   11 (vir)    51           7.914           9.284
   12 (vir)    51           7.914           9.284
   13 (vir)    51          12.142          12.917
   14 (vir)    51          12.142          12.917
   15 (vir)    51          12.145          13.045
   16 (vir)    51          12.145          13.045
   17 (vir)    51          14.661          14.559
   18 (vir)    51          14.661          14.559
   19 (vir)    51          15.088          16.402
   20 (vir)    51          15.088          16.402
   21 (vir)    51          19.666          19.035
   22 (vir)    51          19.666          19.035
   23 (vir)    51          19.678          23.854
   24 (vir)    51          19.678          23.854
   25 (vir)    51          19.815          24.808
   26 (vir)    51          19.815          24.808
   27 (vir)    51          25.010          24.885
   28 (vir)    51          25.010          24.885
   29 (vir)    51          25.787          25.898
   30 (vir)    51          25.787          25.898
   31 (vir)    51          26.393          28.604
   32 (vir)    51          26.393          28.604
   33 (vir)    51          26.393          31.235
   34 (vir)    51          26.393          31.235
   35 (vir)    51          34.505          44.707
   36 (vir)    51          34.505          44.707
   37 (vir)    51          41.018          46.136
   38 (vir)    51          41.018          46.136
   39 (vir)    51          41.018          47.254
   40 (vir)    51          41.018          47.254
   41 (vir)    51          41.181          49.404
   42 (vir)    51          41.181          49.404
   43 (vir)    51          52.751          56.979
   44 (vir)    51          52.751          56.979
   45 (vir)    51          52.974          69.760
   46 (vir)    51          52.974          69.760
   47 (vir)    51          52.974          69.955
   48 (vir)    51          52.974          69.955
   49 (vir)    51          59.380          71.889
   50 (vir)    51          59.380          71.889
   51 (vir)    51          85.149          92.539
   52 (vir)    51          85.149          92.539
 
  kpoint:      52             coordinate:     0.0000    0.3226    0.3226
 
    n           k    ϵ_nk^DFT+SOC (eV)   ϵ_nk^G0W0+SOC (eV)
    1 (occ)    52          -4.974          -4.208
    2 (occ)    52          -4.974          -4.208
    3 (occ)    52           0.403           0.206
    4 (occ)    52           0.403           0.206
    5 (occ)    52           2.863           2.527
    6 (occ)    52           2.863           2.527
    7 (occ)    52           2.865           4.429
    8 (occ)    52           2.865           4.429
    9 (vir)    52           6.275           7.026
   10 (vir)    52           6.275           7.026
   11 (vir)    52           7.721           9.057
   12 (vir)    52           7.721           9.057
   13 (vir)    52          12.443          13.368
   14 (vir)    52          12.443          13.368
   15 (vir)    52          12.446          13.409
   16 (vir)    52          12.446          13.409
   17 (vir)    52          15.010          14.362
   18 (vir)    52          15.010          14.362
   19 (vir)    52          15.307          16.735
   20 (vir)    52          15.307          16.735
   21 (vir)    52          19.657          18.114
   22 (vir)    52          19.657          18.114
   23 (vir)    52          19.672          25.510
   24 (vir)    52          19.672          25.510
   25 (vir)    52          19.818          25.551
   26 (vir)    52          19.818          25.551
   27 (vir)    52          25.141          25.943
   28 (vir)    52          25.141          25.943
   29 (vir)    52          25.615          26.823
   30 (vir)    52          25.615          26.823
   31 (vir)    52          26.392          30.783
   32 (vir)    52          26.392          30.783
   33 (vir)    52          26.392          31.717
   34 (vir)    52          26.392          31.717
   35 (vir)    52          34.480          41.315
   36 (vir)    52          34.480          41.315
   37 (vir)    52          40.283          46.186
   38 (vir)    52          40.283          46.186
   39 (vir)    52          40.283          46.784
   40 (vir)    52          40.283          46.784
   41 (vir)    52          41.224          47.399
   42 (vir)    52          41.224          47.399
   43 (vir)    52          52.994          54.417
   44 (vir)    52          52.994          54.417
   45 (vir)    52          52.994          67.463
   46 (vir)    52          52.994          67.463
   47 (vir)    52          54.164          72.747
   48 (vir)    52          54.164          72.747
   49 (vir)    52          59.087          73.677
   50 (vir)    52          59.087          73.677
   51 (vir)    52          85.503          89.733
   52 (vir)    52          85.503          89.733
 
  kpoint:      53             coordinate:     0.0000    0.3387    0.3387
 
    n           k    ϵ_nk^DFT+SOC (eV)   ϵ_nk^G0W0+SOC (eV)
    1 (occ)    53          -4.796          -3.865
    2 (occ)    53          -4.796          -3.865
    3 (occ)    53           0.111          -0.328
    4 (occ)    53           0.111          -0.328
    5 (occ)    53           2.774           2.292
    6 (occ)    53           2.774           2.292
    7 (occ)    53           2.776           4.254
    8 (occ)    53           2.776           4.254
    9 (vir)    53           6.234           7.075
   10 (vir)    53           6.234           7.075
   11 (vir)    53           7.539           8.858
   12 (vir)    53           7.539           8.858
   13 (vir)    53          12.748          13.597
   14 (vir)    53          12.748          13.597
   15 (vir)    53          12.751          13.822
   16 (vir)    53          12.751          13.822
   17 (vir)    53          15.360          13.850
   18 (vir)    53          15.360          13.850
   19 (vir)    53          15.541          17.374
   20 (vir)    53          15.541          17.374
   21 (vir)    53          19.587          17.788
   22 (vir)    53          19.587          17.788
   23 (vir)    53          19.592          21.851
   24 (vir)    53          19.592          21.851
   25 (vir)    53          19.780          24.042
   26 (vir)    53          19.780          24.042
   27 (vir)    53          24.498          27.240
   28 (vir)    53          24.498          27.240
   29 (vir)    53          26.218          29.223
   30 (vir)    53          26.218          29.223
   31 (vir)    53          26.513          29.718
   32 (vir)    53          26.513          29.718
   33 (vir)    53          26.513          30.767
   34 (vir)    53          26.513          30.767
   35 (vir)    53          34.423          40.335
   36 (vir)    53          34.423          40.335
   37 (vir)    53          39.537          42.492
   38 (vir)    53          39.537          42.492
   39 (vir)    53          39.537          45.320
   40 (vir)    53          39.537          45.320
   41 (vir)    53          41.306          46.073
   42 (vir)    53          41.306          46.073
   43 (vir)    53          53.044          48.200
   44 (vir)    53          53.044          48.200
   45 (vir)    53          53.044          68.244
   46 (vir)    53          53.044          68.244
   47 (vir)    53          54.709          72.615
   48 (vir)    53          54.709          72.615
   49 (vir)    53          59.718          74.730
   50 (vir)    53          59.718          74.730
   51 (vir)    53          85.822          95.330
   52 (vir)    53          85.822          95.330
 
  kpoint:      54             coordinate:     0.0000    0.3548    0.3548
 
    n           k    ϵ_nk^DFT+SOC (eV)   ϵ_nk^G0W0+SOC (eV)
    1 (occ)    54          -4.611          -3.766
    2 (occ)    54          -4.611          -3.766
    3 (occ)    54          -0.178          -0.695
    4 (occ)    54          -0.178          -0.695
    5 (occ)    54           2.694           2.132
    6 (occ)    54           2.694           2.132
    7 (occ)    54           2.696           4.142
    8 (occ)    54           2.696           4.142
    9 (vir)    54           6.201           7.120
   10 (vir)    54           6.201           7.120
   11 (vir)    54           7.368           8.688
   12 (vir)    54           7.368           8.688
   13 (vir)    54          13.056          13.908
   14 (vir)    54          13.056          13.908
   15 (vir)    54          13.059          13.931
   16 (vir)    54          13.059          13.931
   17 (vir)    54          15.710          14.147
   18 (vir)    54          15.710          14.147
   19 (vir)    54          15.792          17.862
   20 (vir)    54          15.792          17.862
   21 (vir)    54          19.423          18.107
   22 (vir)    54          19.423          18.107
   23 (vir)    54          19.442          22.884
   24 (vir)    54          19.442          22.884
   25 (vir)    54          19.733          24.602
   26 (vir)    54          19.733          24.602
   27 (vir)    54          23.862          25.077
   28 (vir)    54          23.862          25.077
   29 (vir)    54          26.754          28.707
   30 (vir)    54          26.754          28.707
   31 (vir)    54          26.754          29.295
   32 (vir)    54          26.754          29.295
   33 (vir)    54          26.818          31.701
   34 (vir)    54          26.818          31.701
   35 (vir)    54          34.329          43.708
   36 (vir)    54          34.329          43.708
   37 (vir)    54          38.785          44.727
   38 (vir)    54          38.785          44.727
   39 (vir)    54          38.785          44.867
   40 (vir)    54          38.785          44.867
   41 (vir)    54          41.427          45.696
   42 (vir)    54          41.427          45.696
   43 (vir)    54          53.123          52.198
   44 (vir)    54          53.123          52.198
   45 (vir)    54          53.123          69.623
   46 (vir)    54          53.123          69.623
   47 (vir)    54          54.238          70.249
   48 (vir)    54          54.238          70.249
   49 (vir)    54          61.431          71.520
   50 (vir)    54          61.431          71.520
   51 (vir)    54          86.095          97.258
   52 (vir)    54          86.095          97.258
 
  kpoint:      55             coordinate:     0.0000    0.3710    0.3710
 
    n           k    ϵ_nk^DFT+SOC (eV)   ϵ_nk^G0W0+SOC (eV)
    1 (occ)    55          -4.418          -3.760
    2 (occ)    55          -4.418          -3.760
    3 (occ)    55          -0.464          -0.978
    4 (occ)    55          -0.464          -0.978
    5 (occ)    55           2.623           2.037
    6 (occ)    55           2.623           2.037
    7 (occ)    55           2.625           4.080
    8 (occ)    55           2.625           4.080
    9 (vir)    55           6.179           7.155
   10 (vir)    55           6.179           7.155
   11 (vir)    55           7.209           8.538
   12 (vir)    55           7.209           8.538
   13 (vir)    55          13.366          14.384
   14 (vir)    55          13.366          14.384
   15 (vir)    55          13.370          14.398
   16 (vir)    55          13.370          14.398
   17 (vir)    55          16.057          14.560
   18 (vir)    55          16.057          14.560
   19 (vir)    55          16.060          18.024
   20 (vir)    55          16.060          18.024
   21 (vir)    55          19.195          18.953
   22 (vir)    55          19.195          18.953
   23 (vir)    55          19.215          20.615
   24 (vir)    55          19.215          20.615
   25 (vir)    55          19.681          21.546
   26 (vir)    55          19.681          21.546
   27 (vir)    55          23.237          22.912
   28 (vir)    55          23.237          22.912
   29 (vir)    55          27.100          28.786
   30 (vir)    55          27.100          28.786
   31 (vir)    55          27.100          30.649
   32 (vir)    55          27.100          30.649
   33 (vir)    55          27.410          32.113
   34 (vir)    55          27.410          32.113
   35 (vir)    55          34.197          38.588
   36 (vir)    55          34.197          38.588
   37 (vir)    55          38.031          41.951
   38 (vir)    55          38.031          41.951
   39 (vir)    55          38.031          44.867
   40 (vir)    55          38.031          44.867
   41 (vir)    55          41.590          47.933
   42 (vir)    55          41.590          47.933
   43 (vir)    55          53.223          51.690
   44 (vir)    55          53.223          51.690
   45 (vir)    55          53.223          59.205
   46 (vir)    55          53.223          59.205
   47 (vir)    55          53.288          62.899
   48 (vir)    55          53.288          62.899
   49 (vir)    55          63.690          71.451
   50 (vir)    55          63.690          71.451
   51 (vir)    55          86.304          97.085
   52 (vir)    55          86.304          97.085
 
  kpoint:      56             coordinate:     0.0000    0.3871    0.3871
 
    n           k    ϵ_nk^DFT+SOC (eV)   ϵ_nk^G0W0+SOC (eV)
    1 (occ)    56          -4.217          -3.730
    2 (occ)    56          -4.217          -3.730
    3 (occ)    56          -0.748          -1.172
    4 (occ)    56          -0.748          -1.172
    5 (occ)    56           2.560           1.983
    6 (occ)    56           2.560           1.983
    7 (occ)    56           2.562           4.049
    8 (occ)    56           2.562           4.049
    9 (vir)    56           6.165           7.180
   10 (vir)    56           6.165           7.180
   11 (vir)    56           7.061           8.395
   12 (vir)    56           7.061           8.395
   13 (vir)    56          13.679          14.604
   14 (vir)    56          13.679          14.604
   15 (vir)    56          13.682          14.883
   16 (vir)    56          13.682          14.883
   17 (vir)    56          16.345          16.683
   18 (vir)    56          16.345          16.683
   19 (vir)    56          16.399          18.054
   20 (vir)    56          16.399          18.054
   21 (vir)    56          18.918          20.126
   22 (vir)    56          18.918          20.126
   23 (vir)    56          18.934          20.577
   24 (vir)    56          18.934          20.577
   25 (vir)    56          19.614          20.848
   26 (vir)    56          19.614          20.848
   27 (vir)    56          22.626          22.823
   28 (vir)    56          22.626          22.823
   29 (vir)    56          27.535          30.112
   30 (vir)    56          27.535          30.112
   31 (vir)    56          27.535          31.496
   32 (vir)    56          27.535          31.496
   33 (vir)    56          27.990          34.614
   34 (vir)    56          27.990          34.614
   35 (vir)    56          34.024          36.036
   36 (vir)    56          34.024          36.036
   37 (vir)    56          37.281          39.097
   38 (vir)    56          37.281          39.097
   39 (vir)    56          37.281          47.963
   40 (vir)    56          37.281          47.963
   41 (vir)    56          41.798          49.611
   42 (vir)    56          41.798          49.611
   43 (vir)    56          52.162          51.172
   44 (vir)    56          52.162          51.172
   45 (vir)    56          53.339          53.719
   46 (vir)    56          53.339          53.719
   47 (vir)    56          53.339          61.078
   48 (vir)    56          53.339          61.078
   49 (vir)    56          66.184          74.679
   50 (vir)    56          66.184          74.679
   51 (vir)    56          86.427          96.009
   52 (vir)    56          86.427          96.009
 
  kpoint:      57             coordinate:     0.0000    0.4032    0.4032
 
    n           k    ϵ_nk^DFT+SOC (eV)   ϵ_nk^G0W0+SOC (eV)
    1 (occ)    57          -4.009          -3.660
    2 (occ)    57          -4.009          -3.660
    3 (occ)    57          -1.028          -1.363
    4 (occ)    57          -1.028          -1.363
    5 (occ)    57           2.506           1.939
    6 (occ)    57           2.506           1.939
    7 (occ)    57           2.507           4.026
    8 (occ)    57           2.507           4.026
    9 (vir)    57           6.161           7.194
   10 (vir)    57           6.161           7.194
   11 (vir)    57           6.925           8.256
   12 (vir)    57           6.925           8.256
   13 (vir)    57          13.993          14.853
   14 (vir)    57          13.993          14.853
   15 (vir)    57          13.996          15.146
   16 (vir)    57          13.996          15.146
   17 (vir)    57          16.650          17.581
   18 (vir)    57          16.650          17.581
   19 (vir)    57          16.736          18.894
   20 (vir)    57          16.736          18.894
   21 (vir)    57          18.608          19.534
   22 (vir)    57          18.608          19.534
   23 (vir)    57          18.619          20.555
   24 (vir)    57          18.619          20.555
   25 (vir)    57          19.528          22.284
   26 (vir)    57          19.528          22.284
   27 (vir)    57          22.031          28.803
   28 (vir)    57          22.031          28.803
   29 (vir)    57          28.039          30.003
   30 (vir)    57          28.039          30.003
   31 (vir)    57          28.039          31.748
   32 (vir)    57          28.039          31.748
   33 (vir)    57          28.558          35.549
   34 (vir)    57          28.558          35.549
   35 (vir)    57          33.807          36.712
   36 (vir)    57          33.807          36.712
   37 (vir)    57          36.536          38.008
   38 (vir)    57          36.536          38.008
   39 (vir)    57          36.536          41.984
   40 (vir)    57          36.536          41.984
   41 (vir)    57          42.056          52.795
   42 (vir)    57          42.056          52.795
   43 (vir)    57          50.981          54.732
   44 (vir)    57          50.981          54.732
   45 (vir)    57          53.463          61.812
   46 (vir)    57          53.463          61.812
   47 (vir)    57          53.463          63.672
   48 (vir)    57          53.463          63.672
   49 (vir)    57          68.776          78.776
   50 (vir)    57          68.776          78.776
   51 (vir)    57          86.433          94.137
   52 (vir)    57          86.433          94.137
 
  kpoint:      58             coordinate:     0.0000    0.4194    0.4194
 
    n           k    ϵ_nk^DFT+SOC (eV)   ϵ_nk^G0W0+SOC (eV)
    1 (occ)    58          -3.794          -3.501
    2 (occ)    58          -3.794          -3.501
    3 (occ)    58          -1.304          -1.583
    4 (occ)    58          -1.304          -1.583
    5 (occ)    58           2.460           1.879
    6 (occ)    58           2.460           1.879
    7 (occ)    58           2.461           3.989
    8 (occ)    58           2.461           3.989
    9 (vir)    58           6.167           7.205
   10 (vir)    58           6.167           7.205
   11 (vir)    58           6.800           8.117
   12 (vir)    58           6.800           8.117
   13 (vir)    58          14.306          15.198
   14 (vir)    58          14.306          15.198
   15 (vir)    58          14.310          15.461
   16 (vir)    58          14.310          15.461
   17 (vir)    58          16.974          17.922
   18 (vir)    58          16.974          17.922
   19 (vir)    58          17.063          18.853
   20 (vir)    58          17.063          18.853
   21 (vir)    58          18.280          19.601
   22 (vir)    58          18.280          19.601
   23 (vir)    58          18.285          20.315
   24 (vir)    58          18.285          20.315
   25 (vir)    58          19.420          21.755
   26 (vir)    58          19.420          21.755
   27 (vir)    58          21.456          25.974
   28 (vir)    58          21.456          25.974
   29 (vir)    58          28.595          31.099
   30 (vir)    58          28.595          31.099
   31 (vir)    58          28.595          31.864
   32 (vir)    58          28.595          31.864
   33 (vir)    58          29.112          31.978
   34 (vir)    58          29.112          31.978
   35 (vir)    58          33.546          36.015
   36 (vir)    58          33.546          36.015
   37 (vir)    58          35.801          38.342
   38 (vir)    58          35.801          38.342
   39 (vir)    58          35.801          42.066
   40 (vir)    58          35.801          42.066
   41 (vir)    58          42.368          49.266
   42 (vir)    58          42.368          49.266
   43 (vir)    58          49.805          54.147
   44 (vir)    58          49.805          54.147
   45 (vir)    58          53.587          68.053
   46 (vir)    58          53.587          68.053
   47 (vir)    58          53.587          69.494
   48 (vir)    58          53.587          69.494
   49 (vir)    58          71.375          84.485
   50 (vir)    58          71.375          84.485
   51 (vir)    58          86.290          95.869
   52 (vir)    58          86.290          95.869
 
  kpoint:      59             coordinate:     0.0000    0.4355    0.4355
 
    n           k    ϵ_nk^DFT+SOC (eV)   ϵ_nk^G0W0+SOC (eV)
    1 (occ)    59          -3.572          -3.303
    2 (occ)    59          -3.572          -3.303
    3 (occ)    59          -1.577          -1.819
    4 (occ)    59          -1.577          -1.819
    5 (occ)    59           2.423           1.793
    6 (occ)    59           2.423           1.793
    7 (occ)    59           2.424           3.946
    8 (occ)    59           2.424           3.946
    9 (vir)    59           6.183           7.220
   10 (vir)    59           6.183           7.220
   11 (vir)    59           6.687           7.977
   12 (vir)    59           6.687           7.977
   13 (vir)    59          14.615          15.625
   14 (vir)    59          14.615          15.625
   15 (vir)    59          14.619          15.992
   16 (vir)    59          14.619          15.992
   17 (vir)    59          17.318          18.530
   18 (vir)    59          17.318          18.530
   19 (vir)    59          17.376          18.531
   20 (vir)    59          17.376          18.531
   21 (vir)    59          17.948          19.779
   22 (vir)    59          17.948          19.779
   23 (vir)    59          17.952          21.479
   24 (vir)    59          17.952          21.479
   25 (vir)    59          19.288          25.209
   26 (vir)    59          19.288          25.209
   27 (vir)    59          20.903          27.748
   28 (vir)    59          20.903          27.748
   29 (vir)    59          29.187          30.930
   30 (vir)    59          29.187          30.930
   31 (vir)    59          29.187          36.785
   32 (vir)    59          29.187          36.785
   33 (vir)    59          29.651          37.513
   34 (vir)    59          29.651          37.513
   35 (vir)    59          33.242          38.889
   36 (vir)    59          33.242          38.889
   37 (vir)    59          35.081          39.167
   38 (vir)    59          35.081          39.167
   39 (vir)    59          35.081          43.692
   40 (vir)    59          35.081          43.692
   41 (vir)    59          42.741          52.391
   42 (vir)    59          42.741          52.391
   43 (vir)    59          48.673          52.564
   44 (vir)    59          48.673          52.564
   45 (vir)    59          53.702          68.506
   46 (vir)    59          53.702          68.506
   47 (vir)    59          53.702          79.196
   48 (vir)    59          53.702          79.196
   49 (vir)    59          73.905          91.226
   50 (vir)    59          73.905          91.226
   51 (vir)    59          85.960          93.560
   52 (vir)    59          85.960          93.560
 
  kpoint:      60             coordinate:     0.0000    0.4516    0.4516
 
    n           k    ϵ_nk^DFT+SOC (eV)   ϵ_nk^G0W0+SOC (eV)
    1 (occ)    60          -3.343          -3.133
    2 (occ)    60          -3.343          -3.133
    3 (occ)    60          -1.845          -2.130
    4 (occ)    60          -1.845          -2.130
    5 (occ)    60           2.394           1.685
    6 (occ)    60           2.394           1.685
    7 (occ)    60           2.395           3.903
    8 (occ)    60           2.395           3.903
    9 (vir)    60           6.209           7.248
   10 (vir)    60           6.209           7.248
   11 (vir)    60           6.586           7.839
   12 (vir)    60           6.586           7.839
   13 (vir)    60          14.912          16.045
   14 (vir)    60          14.912          16.045
   15 (vir)    60          14.916          16.134
   16 (vir)    60          14.916          16.134
   17 (vir)    60          17.566          19.035
   18 (vir)    60          17.566          19.035
   19 (vir)    60          17.622          19.298
   20 (vir)    60          17.622          19.298
   21 (vir)    60          17.685          19.798
   22 (vir)    60          17.685          19.798
   23 (vir)    60          17.744          20.468
   24 (vir)    60          17.744          20.468
   25 (vir)    60          19.131          20.584
   26 (vir)    60          19.131          20.584
   27 (vir)    60          20.371          22.113
   28 (vir)    60          20.371          22.113
   29 (vir)    60          29.796          31.246
   30 (vir)    60          29.796          31.246
   31 (vir)    60          29.796          34.434
   32 (vir)    60          29.796          34.434
   33 (vir)    60          30.175          39.515
   34 (vir)    60          30.175          39.515
   35 (vir)    60          32.896          39.724
   36 (vir)    60          32.896          39.724
   37 (vir)    60          34.382          41.476
   38 (vir)    60          34.382          41.476
   39 (vir)    60          34.382          42.217
   40 (vir)    60          34.382          42.217
   41 (vir)    60          43.180          49.606
   42 (vir)    60          43.180          49.606
   43 (vir)    60          47.611          58.094
   44 (vir)    60          47.611          58.094
   45 (vir)    60          53.801          69.723
   46 (vir)    60          53.801          69.723
   47 (vir)    60          53.801          70.267
   48 (vir)    60          53.801          70.267
   49 (vir)    60          76.300          83.336
   50 (vir)    60          76.300          83.336
   51 (vir)    60          85.408          90.128
   52 (vir)    60          85.408          90.128
 
  kpoint:      61             coordinate:     0.0000    0.4677    0.4677
 
    n           k    ϵ_nk^DFT+SOC (eV)   ϵ_nk^G0W0+SOC (eV)
    1 (occ)    61          -3.108          -2.957
    2 (occ)    61          -3.108          -2.957
    3 (occ)    61          -2.108          -2.332
    4 (occ)    61          -2.108          -2.332
    5 (occ)    61           2.374           1.578
    6 (occ)    61           2.374           1.578
    7 (occ)    61           2.374           3.866
    8 (occ)    61           2.374           3.866
    9 (vir)    61           6.245           7.297
   10 (vir)    61           6.245           7.297
   11 (vir)    61           6.495           7.704
   12 (vir)    61           6.495           7.704
   13 (vir)    61          15.182          16.288
   14 (vir)    61          15.182          16.288
   15 (vir)    61          15.185          16.521
   16 (vir)    61          15.185          16.521
   17 (vir)    61          17.316          18.492
   18 (vir)    61          17.316          18.492
   19 (vir)    61          17.329          19.672
   20 (vir)    61          17.329          19.672
   21 (vir)    61          17.994          19.957
   22 (vir)    61          17.994          19.957
   23 (vir)    61          18.073          20.064
   24 (vir)    61          18.073          20.064
   25 (vir)    61          18.949          20.638
   26 (vir)    61          18.949          20.638
   27 (vir)    61          19.864          23.984
   28 (vir)    61          19.864          23.984
   29 (vir)    61          30.395          27.195
   30 (vir)    61          30.395          27.195
   31 (vir)    61          30.395          36.524
   32 (vir)    61          30.395          36.524
   33 (vir)    61          30.683          40.924
   34 (vir)    61          30.683          40.924
   35 (vir)    61          32.511          41.393
   36 (vir)    61          32.511          41.393
   37 (vir)    61          33.724          42.310
   38 (vir)    61          33.724          42.310
   39 (vir)    61          33.724          43.158
   40 (vir)    61          33.724          43.158
   41 (vir)    61          43.694          55.296
   42 (vir)    61          43.694          55.296
   43 (vir)    61          46.636          60.546
   44 (vir)    61          46.636          60.546
   45 (vir)    61          53.877          63.471
   46 (vir)    61          53.877          63.471
   47 (vir)    61          53.877          68.566
   48 (vir)    61          53.877          68.566
   49 (vir)    61          78.498          86.443
   50 (vir)    61          78.498          86.443
   51 (vir)    61          84.600          87.429
   52 (vir)    61          84.600          87.429
 
  kpoint:      62             coordinate:     0.0000    0.4839    0.4839
 
    n           k    ϵ_nk^DFT+SOC (eV)   ϵ_nk^G0W0+SOC (eV)
    1 (occ)    62          -2.867          -2.812
    2 (occ)    62          -2.867          -2.812
    3 (occ)    62          -2.367          -2.526
    4 (occ)    62          -2.367          -2.526
    5 (occ)    62           2.362           1.498
    6 (occ)    62           2.362           1.498
    7 (occ)    62           2.362           3.839
    8 (occ)    62           2.362           3.839
    9 (vir)    62           6.291           7.369
   10 (vir)    62           6.291           7.369
   11 (vir)    62           6.416           7.578
   12 (vir)    62           6.416           7.578
   13 (vir)    62          15.388          16.412
   14 (vir)    62          15.388          16.412
   15 (vir)    62          15.390          16.642
   16 (vir)    62          15.390          16.642
   17 (vir)    62          17.101          17.416
   18 (vir)    62          17.101          17.416
   19 (vir)    62          17.106          18.079
   20 (vir)    62          17.106          18.079
   21 (vir)    62          18.263          19.679
   22 (vir)    62          18.263          19.679
   23 (vir)    62          18.485          20.765
   24 (vir)    62          18.485          20.765
   25 (vir)    62          18.743          21.435
   26 (vir)    62          18.743          21.435
   27 (vir)    62          19.380          24.234
   28 (vir)    62          19.380          24.234
   29 (vir)    62          30.918          33.685
   30 (vir)    62          30.918          33.685
   31 (vir)    62          30.918          38.264
   32 (vir)    62          30.918          38.264
   33 (vir)    62          31.174          42.037
   34 (vir)    62          31.174          42.037
   35 (vir)    62          32.092          42.241
   36 (vir)    62          32.092          42.241
   37 (vir)    62          33.168          42.339
   38 (vir)    62          33.168          42.339
   39 (vir)    62          33.168          42.875
   40 (vir)    62          33.168          42.875
   41 (vir)    62          44.290          50.045
   42 (vir)    62          44.290          50.045
   43 (vir)    62          45.757          52.040
   44 (vir)    62          45.757          52.040
   45 (vir)    62          53.925          65.188
   46 (vir)    62          53.925          65.188
   47 (vir)    62          53.925          65.720
   48 (vir)    62          53.925          65.720
   49 (vir)    62          80.452          83.538
   50 (vir)    62          80.452          83.538
   51 (vir)    62          83.512          83.806
   52 (vir)    62          83.512          83.806
 
  kpoint:      63             coordinate:     0.0000    0.5000    0.5000
 
    n           k    ϵ_nk^DFT+SOC (eV)   ϵ_nk^G0W0+SOC (eV)
    1 (occ)    63          -2.619          -2.755
    2 (occ)    63          -2.619          -2.755
    3 (occ)    63          -2.619          -2.596
    4 (occ)    63          -2.619          -2.596
    5 (occ)    63           2.358           1.468
    6 (occ)    63           2.358           1.468
    7 (occ)    63           2.358           3.827
    8 (occ)    63           2.358           3.827
    9 (vir)    63           6.348           6.847
   10 (vir)    63           6.348           6.847
   11 (vir)    63           6.348           8.063
   12 (vir)    63           6.348           8.063
   13 (vir)    63          15.471          16.514
   14 (vir)    63          15.471          16.514
   15 (vir)    63          15.471          16.637
   16 (vir)    63          15.471          16.637
   17 (vir)    63          17.017          16.934
   18 (vir)    63          17.017          16.934
   19 (vir)    63          17.017          17.471
   20 (vir)    63          17.017          17.471
   21 (vir)    63          18.514          19.038
   22 (vir)    63          18.514          19.038
   23 (vir)    63          18.514          21.122
   24 (vir)    63          18.514          21.122
   25 (vir)    63          18.920          22.548
   26 (vir)    63          18.920          22.548
   27 (vir)    63          18.920          23.602
   28 (vir)    63          18.920          23.602
   29 (vir)    63          31.166          30.614
   30 (vir)    63          31.166          30.614
   31 (vir)    63          31.166          31.986
   32 (vir)    63          31.166          31.986
   33 (vir)    63          31.645          35.810
   34 (vir)    63          31.645          35.810
   35 (vir)    63          31.645          39.678
   36 (vir)    63          31.645          39.678
   37 (vir)    63          32.910          43.427
   38 (vir)    63          32.910          43.427
   39 (vir)    63          32.910          43.453
   40 (vir)    63          32.910          43.453
   41 (vir)    63          44.976          48.371
   42 (vir)    63          44.976          48.371
   43 (vir)    63          44.976          49.023
   44 (vir)    63          44.976          49.023
   45 (vir)    63          53.941          64.138
   46 (vir)    63          53.941          64.138
   47 (vir)    63          53.941          66.094
   48 (vir)    63          53.941          66.094
   49 (vir)    63          82.129          82.887
   50 (vir)    63          82.129          82.887
   51 (vir)    63          82.129          82.902
   52 (vir)    63          82.129          82.902
 
  kpoint:      64             coordinate:     0.0081    0.5040    0.5040
 
    n           k    ϵ_nk^DFT+SOC (eV)   ϵ_nk^G0W0+SOC (eV)
    1 (occ)    64          -2.620          -2.756
    2 (occ)    64          -2.620          -2.756
    3 (occ)    64          -2.619          -2.595
    4 (occ)    64          -2.619          -2.595
    5 (occ)    64           2.354           1.470
    6 (occ)    64           2.354           1.470
    7 (occ)    64           2.358           3.792
    8 (occ)    64           2.358           3.792
    9 (vir)    64           6.349           6.749
   10 (vir)    64           6.349           6.749
   11 (vir)    64           6.354           8.141
   12 (vir)    64           6.354           8.141
   13 (vir)    64          15.463          15.975
   14 (vir)    64          15.463          15.975
   15 (vir)    64          15.469          16.513
   16 (vir)    64          15.469          16.513
   17 (vir)    64          17.001          16.620
   18 (vir)    64          17.001          16.620
   19 (vir)    64          17.005          17.543
   20 (vir)    64          17.005          17.543
   21 (vir)    64          18.516          19.069
   22 (vir)    64          18.516          19.069
   23 (vir)    64          18.532          20.974
   24 (vir)    64          18.532          20.974
   25 (vir)    64          18.927          22.525
   26 (vir)    64          18.927          22.525
   27 (vir)    64          18.933          23.597
   28 (vir)    64          18.933          23.597
   29 (vir)    64          31.159          30.617
   30 (vir)    64          31.159          30.617
   31 (vir)    64          31.168          31.863
   32 (vir)    64          31.168          31.863
   33 (vir)    64          31.642          35.902
   34 (vir)    64          31.642          35.902
   35 (vir)    64          31.643          39.749
   36 (vir)    64          31.643          39.749
   37 (vir)    64          32.912          41.913
   38 (vir)    64          32.912          41.913
   39 (vir)    64          32.914          43.273
   40 (vir)    64          32.914          43.273
   41 (vir)    64          44.957          47.366
   42 (vir)    64          44.957          47.366
   43 (vir)    64          44.973          51.145
   44 (vir)    64          44.973          51.145
   45 (vir)    64          53.939          64.177
   46 (vir)    64          53.939          64.177
   47 (vir)    64          53.966          66.072
   48 (vir)    64          53.966          66.072
   49 (vir)    64          82.125          77.051
   50 (vir)    64          82.125          77.051
   51 (vir)    64          82.131          89.553
   52 (vir)    64          82.131          89.553
 
  kpoint:      65             coordinate:     0.0161    0.5081    0.5081
 
    n           k    ϵ_nk^DFT+SOC (eV)   ϵ_nk^G0W0+SOC (eV)
    1 (occ)    65          -2.620          -2.753
    2 (occ)    65          -2.620          -2.753
    3 (occ)    65          -2.617          -2.603
    4 (occ)    65          -2.617          -2.603
    5 (occ)    65           2.343           1.474
    6 (occ)    65           2.343           1.474
    7 (occ)    65           2.359           3.682
    8 (occ)    65           2.359           3.682
    9 (vir)    65           6.350           6.762
   10 (vir)    65           6.350           6.762
   11 (vir)    65           6.371           8.143
   12 (vir)    65           6.371           8.143
   13 (vir)    65          15.445          16.047
   14 (vir)    65          15.445          16.047
   15 (vir)    65          15.459          16.505
   16 (vir)    65          15.459          16.505
   17 (vir)    65          16.954          16.570
   18 (vir)    65          16.954          16.570
   19 (vir)    65          16.973          17.399
   20 (vir)    65          16.973          17.399
   21 (vir)    65          18.526          19.139
   22 (vir)    65          18.526          19.139
   23 (vir)    65          18.585          20.555
   24 (vir)    65          18.585          20.555
   25 (vir)    65          18.947          22.454
   26 (vir)    65          18.947          22.454
   27 (vir)    65          18.969          23.599
   28 (vir)    65          18.969          23.599
   29 (vir)    65          31.137          30.626
   30 (vir)    65          31.137          30.626
   31 (vir)    65          31.174          31.535
   32 (vir)    65          31.174          31.535
   33 (vir)    65          31.634          36.174
   34 (vir)    65          31.634          36.174
   35 (vir)    65          31.638          39.973
   36 (vir)    65          31.638          39.973
   37 (vir)    65          32.918          41.767
   38 (vir)    65          32.918          41.767
   39 (vir)    65          32.928          43.120
   40 (vir)    65          32.928          43.120
   41 (vir)    65          44.902          47.665
   42 (vir)    65          44.902          47.665
   43 (vir)    65          44.966          51.353
   44 (vir)    65          44.966          51.353
   45 (vir)    65          53.931          64.295
   46 (vir)    65          53.931          64.295
   47 (vir)    65          54.041          66.050
   48 (vir)    65          54.041          66.050
   49 (vir)    65          82.111          77.240
   50 (vir)    65          82.111          77.240
   51 (vir)    65          82.138          89.526
   52 (vir)    65          82.138          89.526
 
  kpoint:      66             coordinate:     0.0242    0.5121    0.5121
 
    n           k    ϵ_nk^DFT+SOC (eV)   ϵ_nk^G0W0+SOC (eV)
    1 (occ)    66          -2.622          -2.747
    2 (occ)    66          -2.622          -2.747
    3 (occ)    66          -2.614          -2.614
    4 (occ)    66          -2.614          -2.614
    5 (occ)    66           2.325           1.480
    6 (occ)    66           2.325           1.480
    7 (occ)    66           2.362           3.501
    8 (occ)    66           2.362           3.501
    9 (vir)    66           6.353           6.787
   10 (vir)    66           6.353           6.787
   11 (vir)    66           6.398           8.148
   12 (vir)    66           6.398           8.148
   13 (vir)    66          15.417          16.163
   14 (vir)    66          15.417          16.163
   15 (vir)    66          15.442          16.485
   16 (vir)    66          15.442          16.485
   17 (vir)    66          16.883          16.496
   18 (vir)    66          16.883          16.496
   19 (vir)    66          16.920          17.387
   20 (vir)    66          16.920          17.387
   21 (vir)    66          18.542          19.190
   22 (vir)    66          18.542          19.190
   23 (vir)    66          18.665          19.933
   24 (vir)    66          18.665          19.933
   25 (vir)    66          18.981          22.302
   26 (vir)    66          18.981          22.302
   27 (vir)    66          19.027          23.609
   28 (vir)    66          19.027          23.609
   29 (vir)    66          31.102          30.642
   30 (vir)    66          31.102          30.642
   31 (vir)    66          31.185          31.110
   32 (vir)    66          31.185          31.110
   33 (vir)    66          31.621          36.608
   34 (vir)    66          31.621          36.608
   35 (vir)    66          31.629          40.378
   36 (vir)    66          31.629          40.378
   37 (vir)    66          32.927          41.501
   38 (vir)    66          32.927          41.501
   39 (vir)    66          32.950          42.857
   40 (vir)    66          32.950          42.857
   41 (vir)    66          44.811          47.994
   42 (vir)    66          44.811          47.994
   43 (vir)    66          44.954          51.706
   44 (vir)    66          44.954          51.706
   45 (vir)    66          53.918          64.497
   46 (vir)    66          53.918          64.497
   47 (vir)    66          54.163          66.181
   48 (vir)    66          54.163          66.181
   49 (vir)    66          82.090          77.601
   50 (vir)    66          82.090          77.601
   51 (vir)    66          82.149          89.619
   52 (vir)    66          82.149          89.619
 
  kpoint:      67             coordinate:     0.0323    0.5161    0.5161
 
    n           k    ϵ_nk^DFT+SOC (eV)   ϵ_nk^G0W0+SOC (eV)
    1 (occ)    67          -2.623          -2.739
    2 (occ)    67          -2.623          -2.739
    3 (occ)    67          -2.610          -2.631
    4 (occ)    67          -2.610          -2.631
    5 (occ)    67           2.299           1.490
    6 (occ)    67           2.299           1.490
    7 (occ)    67           2.365           3.280
    8 (occ)    67           2.365           3.280
    9 (vir)    67           6.356           6.827
   10 (vir)    67           6.356           6.827
   11 (vir)    67           6.437           8.154
   12 (vir)    67           6.437           8.154
   13 (vir)    67          15.378          16.316
   14 (vir)    67          15.378          16.316
   15 (vir)    67          15.419          16.413
   16 (vir)    67          15.419          16.413
   17 (vir)    67          16.793          16.447
   18 (vir)    67          16.793          16.447
   19 (vir)    67          16.852          18.543
   20 (vir)    67          16.852          18.543
   21 (vir)    67          18.564          19.172
   22 (vir)    67          18.564          19.172
   23 (vir)    67          18.768          19.251
   24 (vir)    67          18.768          19.251
   25 (vir)    67          19.026          21.927
   26 (vir)    67          19.026          21.927
   27 (vir)    67          19.103          23.483
   28 (vir)    67          19.103          23.483
   29 (vir)    67          31.053          30.668
   30 (vir)    67          31.053          30.668
   31 (vir)    67          31.200          30.734
   32 (vir)    67          31.200          30.734
   33 (vir)    67          31.604          37.164
   34 (vir)    67          31.604          37.164
   35 (vir)    67          31.615          40.973
   36 (vir)    67          31.615          40.973
   37 (vir)    67          32.939          41.257
   38 (vir)    67          32.939          41.257
   39 (vir)    67          32.982          42.477
   40 (vir)    67          32.982          42.477
   41 (vir)    67          44.689          48.167
   42 (vir)    67          44.689          48.167
   43 (vir)    67          44.937          52.139
   44 (vir)    67          44.937          52.139
   45 (vir)    67          53.900          64.794
   46 (vir)    67          53.900          64.794
   47 (vir)    67          54.330          66.762
   48 (vir)    67          54.330          66.762
   49 (vir)    67          82.059          78.117
   50 (vir)    67          82.059          78.117
   51 (vir)    67          82.164          90.049
   52 (vir)    67          82.164          90.049
 
  kpoint:      68             coordinate:     0.0403    0.5202    0.5202
 
    n           k    ϵ_nk^DFT+SOC (eV)   ϵ_nk^G0W0+SOC (eV)
    1 (occ)    68          -2.625          -2.731
    2 (occ)    68          -2.625          -2.731
    3 (occ)    68          -2.604          -2.651
    4 (occ)    68          -2.604          -2.651
    5 (occ)    68           2.268           1.501
    6 (occ)    68           2.268           1.501
    7 (occ)    68           2.369           3.045
    8 (occ)    68           2.369           3.045
    9 (vir)    68           6.360           6.884
   10 (vir)    68           6.360           6.884
   11 (vir)    68           6.485           8.161
   12 (vir)    68           6.485           8.161
   13 (vir)    68          15.330          16.349
   14 (vir)    68          15.330          16.349
   15 (vir)    68          15.389          16.396
   16 (vir)    68          15.389          16.396
   17 (vir)    68          16.690          16.507
   18 (vir)    68          16.690          16.507
   19 (vir)    68          16.771          18.725
   20 (vir)    68          16.771          18.725
   21 (vir)    68          18.593          19.062
   22 (vir)    68          18.593          19.062
   23 (vir)    68          18.888          19.335
   24 (vir)    68          18.888          19.335
   25 (vir)    68          19.083          21.503
   26 (vir)    68          19.083          21.503
   27 (vir)    68          19.194          23.402
   28 (vir)    68          19.194          23.402
   29 (vir)    68          30.991          30.337
   30 (vir)    68          30.991          30.337
   31 (vir)    68          31.219          30.702
   32 (vir)    68          31.219          30.702
   33 (vir)    68          31.581          37.702
   34 (vir)    68          31.581          37.702
   35 (vir)    68          31.598          40.573
   36 (vir)    68          31.598          40.573
   37 (vir)    68          32.955          41.635
   38 (vir)    68          32.955          41.635
   39 (vir)    68          33.021          41.959
   40 (vir)    68          33.021          41.959
   41 (vir)    68          44.539          48.061
   42 (vir)    68          44.539          48.061
   43 (vir)    68          44.916          52.527
   44 (vir)    68          44.916          52.527
   45 (vir)    68          53.876          65.206
   46 (vir)    68          53.876          65.206
   47 (vir)    68          54.538          67.986
   48 (vir)    68          54.538          67.986
   49 (vir)    68          82.020          78.792
   50 (vir)    68          82.020          78.792
   51 (vir)    68          82.184          90.465
   52 (vir)    68          82.184          90.465
 
  kpoint:      69             coordinate:     0.0484    0.5242    0.5242
 
    n           k    ϵ_nk^DFT+SOC (eV)   ϵ_nk^G0W0+SOC (eV)
    1 (occ)    69          -2.628          -2.723
    2 (occ)    69          -2.628          -2.723
    3 (occ)    69          -2.598          -2.666
    4 (occ)    69          -2.598          -2.666
    5 (occ)    69           2.231           1.514
    6 (occ)    69           2.231           1.514
    7 (occ)    69           2.374           2.789
    8 (occ)    69           2.374           2.789
    9 (vir)    69           6.365           6.964
   10 (vir)    69           6.365           6.964
   11 (vir)    69           6.543           8.170
   12 (vir)    69           6.543           8.170
   13 (vir)    69          15.272          16.331
   14 (vir)    69          15.272          16.331
   15 (vir)    69          15.354          16.361
   16 (vir)    69          15.354          16.361
   17 (vir)    69          16.577          16.738
   18 (vir)    69          16.577          16.738
   19 (vir)    69          16.680          17.797
   20 (vir)    69          16.680          17.797
   21 (vir)    69          18.627          18.881
   22 (vir)    69          18.627          18.881
   23 (vir)    69          19.021          19.430
   24 (vir)    69          19.021          19.430
   25 (vir)    69          19.150          21.140
   26 (vir)    69          19.150          21.140
   27 (vir)    69          19.297          23.163
   28 (vir)    69          19.297          23.163
   29 (vir)    69          30.917          30.493
   30 (vir)    69          30.917          30.493
   31 (vir)    69          31.243          30.745
   32 (vir)    69          31.243          30.745
   33 (vir)    69          31.555          35.829
   34 (vir)    69          31.555          35.829
   35 (vir)    69          31.575          37.522
   36 (vir)    69          31.575          37.522
   37 (vir)    69          32.973          41.260
   38 (vir)    69          32.973          41.260
   39 (vir)    69          33.070          41.983
   40 (vir)    69          33.070          41.983
   41 (vir)    69          44.365          47.772
   42 (vir)    69          44.365          47.772
   43 (vir)    69          44.889          52.561
   44 (vir)    69          44.889          52.561
   45 (vir)    69          53.848          65.773
   46 (vir)    69          53.848          65.773
   47 (vir)    69          54.782          69.241
   48 (vir)    69          54.782          69.241
   49 (vir)    69          81.972          79.587
   50 (vir)    69          81.972          79.587
   51 (vir)    69          82.208          90.282
   52 (vir)    69          82.208          90.282
 
  kpoint:      70             coordinate:     0.0565    0.5282    0.5282
 
    n           k    ϵ_nk^DFT+SOC (eV)   ϵ_nk^G0W0+SOC (eV)
    1 (occ)    70          -2.631          -2.720
    2 (occ)    70          -2.631          -2.720
    3 (occ)    70          -2.590          -2.688
    4 (occ)    70          -2.590          -2.688
    5 (occ)    70           2.188           1.530
    6 (occ)    70           2.188           1.530
    7 (occ)    70           2.380           2.518
    8 (occ)    70           2.380           2.518
    9 (vir)    70           6.371           7.067
   10 (vir)    70           6.371           7.067
   11 (vir)    70           6.610           8.180
   12 (vir)    70           6.610           8.180
   13 (vir)    70          15.207          16.098
   14 (vir)    70          15.207          16.098
   15 (vir)    70          15.313          16.254
   16 (vir)    70          15.313          16.254
   17 (vir)    70          16.459          17.017
   18 (vir)    70          16.459          17.017
   19 (vir)    70          16.581          17.527
   20 (vir)    70          16.581          17.527
   21 (vir)    70          18.667          18.667
   22 (vir)    70          18.667          18.667
   23 (vir)    70          19.164          19.387
   24 (vir)    70          19.164          19.387
   25 (vir)    70          19.227          20.810
   26 (vir)    70          19.227          20.810
   27 (vir)    70          19.409          22.818
   28 (vir)    70          19.409          22.818
   29 (vir)    70          30.830          30.442
   30 (vir)    70          30.830          30.442
   31 (vir)    70          31.271          30.797
   32 (vir)    70          31.271          30.797
   33 (vir)    70          31.525          36.718
   34 (vir)    70          31.525          36.718
   35 (vir)    70          31.547          36.832
   36 (vir)    70          31.547          36.832
   37 (vir)    70          32.993          40.225
   38 (vir)    70          32.993          40.225
   39 (vir)    70          33.127          41.671
   40 (vir)    70          33.127          41.671
   41 (vir)    70          44.171          47.783
   42 (vir)    70          44.171          47.783
   43 (vir)    70          44.858          51.026
   44 (vir)    70          44.858          51.026
   45 (vir)    70          53.815          66.626
   46 (vir)    70          53.815          66.626
   47 (vir)    70          55.059          70.213
   48 (vir)    70          55.059          70.213
   49 (vir)    70          81.916          80.563
   50 (vir)    70          81.916          80.563
   51 (vir)    70          82.236          90.339
   52 (vir)    70          82.236          90.339
 
  kpoint:      71             coordinate:     0.0645    0.5323    0.5323
 
    n           k    ϵ_nk^DFT+SOC (eV)   ϵ_nk^G0W0+SOC (eV)
    1 (occ)    71          -2.635          -2.713
    2 (occ)    71          -2.635          -2.713
    3 (occ)    71          -2.581          -2.668
    4 (occ)    71          -2.581          -2.668
    5 (occ)    71           2.141           1.546
    6 (occ)    71           2.141           1.546
    7 (occ)    71           2.387           2.243
    8 (occ)    71           2.387           2.243
    9 (vir)    71           6.377           7.205
   10 (vir)    71           6.377           7.205
   11 (vir)    71           6.686           8.192
   12 (vir)    71           6.686           8.192
   13 (vir)    71          15.136          16.165
   14 (vir)    71          15.136          16.165
   15 (vir)    71          15.268          16.169
   16 (vir)    71          15.268          16.169
   17 (vir)    71          16.336          17.364
   18 (vir)    71          16.336          17.364
   19 (vir)    71          16.478          17.389
   20 (vir)    71          16.478          17.389
   21 (vir)    71          18.711          18.453
   22 (vir)    71          18.711          18.453
   23 (vir)    71          19.305          19.378
   24 (vir)    71          19.305          19.378
   25 (vir)    71          19.320          20.537
   26 (vir)    71          19.320          20.537
   27 (vir)    71          19.528          23.853
   28 (vir)    71          19.528          23.853
   29 (vir)    71          30.732          30.465
   30 (vir)    71          30.732          30.465
   31 (vir)    71          31.302          30.855
   32 (vir)    71          31.302          30.855
   33 (vir)    71          31.491          38.703
   34 (vir)    71          31.491          38.703
   35 (vir)    71          31.514          39.061
   36 (vir)    71          31.514          39.061
   37 (vir)    71          33.014          41.058
   38 (vir)    71          33.014          41.058
   39 (vir)    71          33.193          43.151
   40 (vir)    71          33.193          43.151
   41 (vir)    71          43.960          43.349
   42 (vir)    71          43.960          43.349
   43 (vir)    71          44.822          48.895
   44 (vir)    71          44.822          48.895
   45 (vir)    71          53.776          67.114
   46 (vir)    71          53.776          67.114
   47 (vir)    71          55.364          68.366
   48 (vir)    71          55.364          68.366
   49 (vir)    71          81.851          81.739
   50 (vir)    71          81.851          81.739
   51 (vir)    71          82.269          90.608
   52 (vir)    71          82.269          90.608
 
  kpoint:      72             coordinate:     0.0726    0.5363    0.5363
 
    n           k    ϵ_nk^DFT+SOC (eV)   ϵ_nk^G0W0+SOC (eV)
    1 (occ)    72          -2.640          -2.700
    2 (occ)    72          -2.640          -2.700
    3 (occ)    72          -2.571          -2.624
    4 (occ)    72          -2.571          -2.624
    5 (occ)    72           2.090           1.564
    6 (occ)    72           2.090           1.564
    7 (occ)    72           2.394           1.977
    8 (occ)    72           2.394           1.977
    9 (vir)    72           6.385           7.377
   10 (vir)    72           6.385           7.377
   11 (vir)    72           6.769           8.205
   12 (vir)    72           6.769           8.205
   13 (vir)    72          15.058          15.905
   14 (vir)    72          15.058          15.905
   15 (vir)    72          15.217          16.090
   16 (vir)    72          15.217          16.090
   17 (vir)    72          16.211          17.269
   18 (vir)    72          16.211          17.269
   19 (vir)    72          16.371          17.787
   20 (vir)    72          16.371          17.787
   21 (vir)    72          18.761          18.261
   22 (vir)    72          18.761          18.261
   23 (vir)    72          19.401          19.511
   24 (vir)    72          19.401          19.511
   25 (vir)    72          19.471          20.335
   26 (vir)    72          19.471          20.335
   27 (vir)    72          19.653          23.900
   28 (vir)    72          19.653          23.900
   29 (vir)    72          30.623          30.435
   30 (vir)    72          30.623          30.435
   31 (vir)    72          31.338          30.922
   32 (vir)    72          31.338          30.922
   33 (vir)    72          31.455          36.106
   34 (vir)    72          31.455          36.106
   35 (vir)    72          31.475          36.569
   36 (vir)    72          31.475          36.569
   37 (vir)    72          33.037          39.161
   38 (vir)    72          33.037          39.161
   39 (vir)    72          33.266          40.829
   40 (vir)    72          33.266          40.829
   41 (vir)    72          43.738          50.685
   42 (vir)    72          43.738          50.685
   43 (vir)    72          44.782          52.028
   44 (vir)    72          44.782          52.028
   45 (vir)    72          53.733          68.145
   46 (vir)    72          53.733          68.145
   47 (vir)    72          55.694          68.190
   48 (vir)    72          55.694          68.190
   49 (vir)    72          81.777          83.021
   50 (vir)    72          81.777          83.021
   51 (vir)    72          82.306          90.882
   52 (vir)    72          82.306          90.882
 
  kpoint:      73             coordinate:     0.0806    0.5403    0.5403
 
    n           k    ϵ_nk^DFT+SOC (eV)   ϵ_nk^G0W0+SOC (eV)
    1 (occ)    73          -2.645          -2.679
    2 (occ)    73          -2.645          -2.679
    3 (occ)    73          -2.559          -2.620
    4 (occ)    73          -2.559          -2.620
    5 (occ)    73           2.036           1.582
    6 (occ)    73           2.036           1.582
    7 (occ)    73           2.403           1.731
    8 (occ)    73           2.403           1.731
    9 (vir)    73           6.394           7.578
   10 (vir)    73           6.394           7.578
   11 (vir)    73           6.860           8.219
   12 (vir)    73           6.860           8.219
   13 (vir)    73          14.975          15.758
   14 (vir)    73          14.975          15.758
   15 (vir)    73          15.163          16.017
   16 (vir)    73          15.163          16.017
   17 (vir)    73          16.084          17.148
   18 (vir)    73          16.084          17.148
   19 (vir)    73          16.261          18.105
   20 (vir)    73          16.261          18.105
   21 (vir)    73          18.814          18.173
   22 (vir)    73          18.814          18.173
   23 (vir)    73          19.500          19.850
   24 (vir)    73          19.500          19.850
   25 (vir)    73          19.632          20.201
   26 (vir)    73          19.632          20.201
   27 (vir)    73          19.782          23.844
   28 (vir)    73          19.782          23.844
   29 (vir)    73          30.504          30.317
   30 (vir)    73          30.504          30.317
   31 (vir)    73          31.378          31.001
   32 (vir)    73          31.378          31.001
   33 (vir)    73          31.416          34.021
   34 (vir)    73          31.416          34.021
   35 (vir)    73          31.430          38.666
   36 (vir)    73          31.430          38.666
   37 (vir)    73          33.061          39.319
   38 (vir)    73          33.061          39.319
   39 (vir)    73          33.348          39.665
   40 (vir)    73          33.348          39.665
   41 (vir)    73          43.506          41.312
   42 (vir)    73          43.506          41.312
   43 (vir)    73          44.737          44.928
   44 (vir)    73          44.737          44.928
   45 (vir)    73          53.686          68.539
   46 (vir)    73          53.686          68.539
   47 (vir)    73          56.045          69.453
   48 (vir)    73          56.045          69.453
   49 (vir)    73          81.695          84.452
   50 (vir)    73          81.695          84.452
   51 (vir)    73          82.347          92.972
   52 (vir)    73          82.347          92.972
 
  kpoint:      74             coordinate:     0.0887    0.5444    0.5444
 
    n           k    ϵ_nk^DFT+SOC (eV)   ϵ_nk^G0W0+SOC (eV)
    1 (occ)    74          -2.651          -2.638
    2 (occ)    74          -2.651          -2.638
    3 (occ)    74          -2.546          -2.630
    4 (occ)    74          -2.546          -2.630
    5 (occ)    74           1.979           1.514
    6 (occ)    74           1.979           1.514
    7 (occ)    74           2.412           1.601
    8 (occ)    74           2.412           1.601
    9 (vir)    74           6.403           7.809
   10 (vir)    74           6.403           7.809
   11 (vir)    74           6.957           8.234
   12 (vir)    74           6.957           8.234
   13 (vir)    74          14.887          15.665
   14 (vir)    74          14.887          15.665
   15 (vir)    74          15.105          15.953
   16 (vir)    74          15.105          15.953
   17 (vir)    74          15.956          17.030
   18 (vir)    74          15.956          17.030
   19 (vir)    74          16.150          17.996
   20 (vir)    74          16.150          17.996
   21 (vir)    74          18.872          18.176
   22 (vir)    74          18.872          18.176
   23 (vir)    74          19.603          20.126
   24 (vir)    74          19.603          20.126
   25 (vir)    74          19.796          20.190
   26 (vir)    74          19.796          20.190
   27 (vir)    74          19.914          23.821
   28 (vir)    74          19.914          23.821
   29 (vir)    74          30.374          30.196
   30 (vir)    74          30.374          30.196
   31 (vir)    74          31.375          31.094
   32 (vir)    74          31.375          31.094
   33 (vir)    74          31.379          32.545
   34 (vir)    74          31.379          32.545
   35 (vir)    74          31.421          39.133
   36 (vir)    74          31.421          39.133
   37 (vir)    74          33.085          40.662
   38 (vir)    74          33.085          40.662
   39 (vir)    74          33.437          42.610
   40 (vir)    74          33.437          42.610
   41 (vir)    74          43.269          50.692
   42 (vir)    74          43.269          50.692
   43 (vir)    74          44.687          66.167
   44 (vir)    74          44.687          66.167
   45 (vir)    74          53.634          66.311
   46 (vir)    74          53.634          66.311
   47 (vir)    74          56.414          70.469
   48 (vir)    74          56.414          70.469
   49 (vir)    74          81.604          84.542
   50 (vir)    74          81.604          84.542
   51 (vir)    74          82.393          86.085
   52 (vir)    74          82.393          86.085
 
  kpoint:      75             coordinate:     0.0968    0.5484    0.5484
 
    n           k    ϵ_nk^DFT+SOC (eV)   ϵ_nk^G0W0+SOC (eV)
    1 (occ)    75          -2.658          -2.686
    2 (occ)    75          -2.658          -2.686
    3 (occ)    75          -2.532          -2.591
    4 (occ)    75          -2.532          -2.591
    5 (occ)    75           1.920           1.325
    6 (occ)    75           1.920           1.325
    7 (occ)    75           2.423           1.621
    8 (occ)    75           2.423           1.621
    9 (vir)    75           6.414           8.069
   10 (vir)    75           6.414           8.069
   11 (vir)    75           7.061           8.251
   12 (vir)    75           7.061           8.251
   13 (vir)    75          14.796          15.579
   14 (vir)    75          14.796          15.579
   15 (vir)    75          15.043          15.878
   16 (vir)    75          15.043          15.878
   17 (vir)    75          15.829          16.918
   18 (vir)    75          15.829          16.918
   19 (vir)    75          16.038          17.211
   20 (vir)    75          16.038          17.211
   21 (vir)    75          18.933          17.965
   22 (vir)    75          18.933          17.965
   23 (vir)    75          19.711          20.080
   24 (vir)    75          19.711          20.080
   25 (vir)    75          19.963          20.224
   26 (vir)    75          19.963          20.224
   27 (vir)    75          20.049          23.805
   28 (vir)    75          20.049          23.805
   29 (vir)    75          30.235          30.194
   30 (vir)    75          30.235          30.194
   31 (vir)    75          31.321          30.676
   32 (vir)    75          31.321          30.676
   33 (vir)    75          31.332          31.195
   34 (vir)    75          31.332          31.195
   35 (vir)    75          31.469          38.631
   36 (vir)    75          31.469          38.631
   37 (vir)    75          33.110          41.415
   38 (vir)    75          33.110          41.415
   39 (vir)    75          33.534          44.179
   40 (vir)    75          33.534          44.179
   41 (vir)    75          43.027          52.122
   42 (vir)    75          43.027          52.122
   43 (vir)    75          44.634          65.001
   44 (vir)    75          44.634          65.001
   45 (vir)    75          53.578          67.539
   46 (vir)    75          53.578          67.539
   47 (vir)    75          56.798          71.572
   48 (vir)    75          56.798          71.572
   49 (vir)    75          81.505          81.821
   50 (vir)    75          81.505          81.821
   51 (vir)    75          82.443          88.000
   52 (vir)    75          82.443          88.000
 
  kpoint:      76             coordinate:     0.1048    0.5524    0.5524
 
    n           k    ϵ_nk^DFT+SOC (eV)   ϵ_nk^G0W0+SOC (eV)
    1 (occ)    76          -2.665          -2.739
    2 (occ)    76          -2.665          -2.739
    3 (occ)    76          -2.517          -2.558
    4 (occ)    76          -2.517          -2.558
    5 (occ)    76           1.859           1.141
    6 (occ)    76           1.859           1.141
    7 (occ)    76           2.434           1.641
    8 (occ)    76           2.434           1.641
    9 (vir)    76           6.425           8.269
   10 (vir)    76           6.425           8.269
   11 (vir)    76           7.170           8.350
   12 (vir)    76           7.170           8.350
   13 (vir)    76          14.702          15.513
   14 (vir)    76          14.702          15.513
   15 (vir)    76          14.979          15.788
   16 (vir)    76          14.979          15.788
   17 (vir)    76          15.701          16.852
   18 (vir)    76          15.701          16.852
   19 (vir)    76          15.926          18.159
   20 (vir)    76          15.926          18.159
   21 (vir)    76          18.997          19.935
   22 (vir)    76          18.997          19.935
   23 (vir)    76          19.824          20.268
   24 (vir)    76          19.824          20.268
   25 (vir)    76          20.131          23.784
   26 (vir)    76          20.131          23.784
   27 (vir)    76          20.188          27.422
   28 (vir)    76          20.188          27.422
   29 (vir)    76          30.087          28.475
   30 (vir)    76          30.087          28.475
   31 (vir)    76          31.257          30.315
   32 (vir)    76          31.257          30.315
   33 (vir)    76          31.287          31.284
   34 (vir)    76          31.287          31.284
   35 (vir)    76          31.520          38.663
   36 (vir)    76          31.520          38.663
   37 (vir)    76          33.135          41.968
   38 (vir)    76          33.135          41.968
   39 (vir)    76          33.638          45.239
   40 (vir)    76          33.638          45.239
   41 (vir)    76          42.784          53.160
   42 (vir)    76          42.784          53.160
   43 (vir)    76          44.576          63.692
   44 (vir)    76          44.576          63.692
   45 (vir)    76          53.517          68.208
   46 (vir)    76          53.517          68.208
   47 (vir)    76          57.195          72.868
   48 (vir)    76          57.195          72.868
   49 (vir)    76          81.398          84.174
   50 (vir)    76          81.398          84.174
   51 (vir)    76          82.498          90.077
   52 (vir)    76          82.498          90.077
 
  kpoint:      77             coordinate:     0.1129    0.5565    0.5565
 
    n           k    ϵ_nk^DFT+SOC (eV)   ϵ_nk^G0W0+SOC (eV)
    1 (occ)    77          -2.674          -2.706
    2 (occ)    77          -2.674          -2.706
    3 (occ)    77          -2.501          -2.534
    4 (occ)    77          -2.501          -2.534
    5 (occ)    77           1.797           1.014
    6 (occ)    77           1.797           1.014
    7 (occ)    77           2.446           1.661
    8 (occ)    77           2.446           1.661
    9 (vir)    77           6.437           8.289
   10 (vir)    77           6.437           8.289
   11 (vir)    77           7.285           8.643
   12 (vir)    77           7.285           8.643
   13 (vir)    77          14.605          15.482
   14 (vir)    77          14.605          15.482
   15 (vir)    77          14.912          15.691
   16 (vir)    77          14.912          15.691
   17 (vir)    77          15.574          16.699
   18 (vir)    77          15.574          16.699
   19 (vir)    77          15.814          17.457
   20 (vir)    77          15.814          17.457
   21 (vir)    77          19.064          20.457
   22 (vir)    77          19.064          20.457
   23 (vir)    77          19.940          23.750
   24 (vir)    77          19.940          23.750
   25 (vir)    77          20.292          25.829
   26 (vir)    77          20.292          25.829
   27 (vir)    77          20.336          28.371
   28 (vir)    77          20.336          28.371
   29 (vir)    77          29.931          30.518
   30 (vir)    77          29.931          30.518
   31 (vir)    77          31.186          31.352
   32 (vir)    77          31.186          31.352
   33 (vir)    77          31.241          39.287
   34 (vir)    77          31.241          39.287
   35 (vir)    77          31.574          40.859
   36 (vir)    77          31.574          40.859
   37 (vir)    77          33.159          42.219
   38 (vir)    77          33.159          42.219
   39 (vir)    77          33.749          45.753
   40 (vir)    77          33.749          45.753
   41 (vir)    77          42.542          51.411
   42 (vir)    77          42.542          51.411
   43 (vir)    77          44.514          62.242
   44 (vir)    77          44.514          62.242
   45 (vir)    77          53.453          68.838
   46 (vir)    77          53.453          68.838
   47 (vir)    77          57.601          74.131
   48 (vir)    77          57.601          74.131
   49 (vir)    77          81.282          85.281
   50 (vir)    77          81.282          85.281
   51 (vir)    77          82.557          91.891
   52 (vir)    77          82.557          91.891
 
  kpoint:      78             coordinate:     0.1210    0.5605    0.5605
 
    n           k    ϵ_nk^DFT+SOC (eV)   ϵ_nk^G0W0+SOC (eV)
    1 (occ)    78          -2.684          -2.659
    2 (occ)    78          -2.684          -2.659
    3 (occ)    78          -2.483          -2.516
    4 (occ)    78          -2.483          -2.516
    5 (occ)    78           1.735           0.951
    6 (occ)    78           1.735           0.951
    7 (occ)    78           2.459           1.681
    8 (occ)    78           2.459           1.681
    9 (vir)    78           6.450           8.309
   10 (vir)    78           6.450           8.309
   11 (vir)    78           7.404           8.938
   12 (vir)    78           7.404           8.938
   13 (vir)    78          14.506          15.512
   14 (vir)    78          14.506          15.512
   15 (vir)    78          14.843          15.589
   16 (vir)    78          14.843          15.589
   17 (vir)    78          15.447          16.529
   18 (vir)    78          15.447          16.529
   19 (vir)    78          15.703          16.609
   20 (vir)    78          15.703          16.609
   21 (vir)    78          19.134          20.521
   22 (vir)    78          19.134          20.521
   23 (vir)    78          20.058          21.669
   24 (vir)    78          20.058          21.669
   25 (vir)    78          20.440          23.695
   26 (vir)    78          20.440          23.695
   27 (vir)    78          20.501          25.443
   28 (vir)    78          20.501          25.443
   29 (vir)    78          29.767          30.721
   30 (vir)    78          29.767          30.721
   31 (vir)    78          31.108          31.426
   32 (vir)    78          31.108          31.426
   33 (vir)    78          31.192          38.635
   34 (vir)    78          31.192          38.635
   35 (vir)    78          31.633          39.422
   36 (vir)    78          31.633          39.422
   37 (vir)    78          33.184          42.205
   38 (vir)    78          33.184          42.205
   39 (vir)    78          33.867          45.967
   40 (vir)    78          33.867          45.967
   41 (vir)    78          42.302          51.833
   42 (vir)    78          42.302          51.833
   43 (vir)    78          44.448          60.671
   44 (vir)    78          44.448          60.671
   45 (vir)    78          53.385          69.468
   46 (vir)    78          53.385          69.468
   47 (vir)    78          58.015          75.304
   48 (vir)    78          58.015          75.304
   49 (vir)    78          81.158          85.848
   50 (vir)    78          81.158          85.848
   51 (vir)    78          82.622          93.203
   52 (vir)    78          82.622          93.203
 
  kpoint:      79             coordinate:     0.1290    0.5645    0.5645
 
    n           k    ϵ_nk^DFT+SOC (eV)   ϵ_nk^G0W0+SOC (eV)
    1 (occ)    79          -2.694          -2.607
    2 (occ)    79          -2.694          -2.607
    3 (occ)    79          -2.465          -2.502
    4 (occ)    79          -2.465          -2.502
    5 (occ)    79           1.672           0.847
    6 (occ)    79           1.672           0.847
    7 (occ)    79           2.473           1.702
    8 (occ)    79           2.473           1.702
    9 (vir)    79           6.464           8.330
   10 (vir)    79           6.464           8.330
   11 (vir)    79           7.528           9.222
   12 (vir)    79           7.528           9.222
   13 (vir)    79          14.406          15.359
   14 (vir)    79          14.406          15.359
   15 (vir)    79          14.771          15.485
   16 (vir)    79          14.771          15.485
   17 (vir)    79          15.321          16.532
   18 (vir)    79          15.321          16.532
   19 (vir)    79          15.593          16.691
   20 (vir)    79          15.593          16.691
   21 (vir)    79          19.205          21.022
   22 (vir)    79          19.205          21.022
   23 (vir)    79          20.180          21.046
   24 (vir)    79          20.180          21.046
   25 (vir)    79          20.579          23.613
   26 (vir)    79          20.579          23.613
   27 (vir)    79          20.675          25.498
   28 (vir)    79          20.675          25.498
   29 (vir)    79          29.596          30.878
   30 (vir)    79          29.596          30.878
   31 (vir)    79          31.022          31.527
   32 (vir)    79          31.022          31.527
   33 (vir)    79          31.143          37.876
   34 (vir)    79          31.143          37.876
   35 (vir)    79          31.694          39.313
   36 (vir)    79          31.694          39.313
   37 (vir)    79          33.208          42.040
   38 (vir)    79          33.208          42.040
   39 (vir)    79          33.990          46.049
   40 (vir)    79          33.990          46.049
   41 (vir)    79          42.065          52.980
   42 (vir)    79          42.065          52.980
   43 (vir)    79          44.379          59.034
   44 (vir)    79          44.379          59.034
   45 (vir)    79          53.313          69.971
   46 (vir)    79          53.313          69.971
   47 (vir)    79          58.434          76.371
   48 (vir)    79          58.434          76.371
   49 (vir)    79          81.025          86.075
   50 (vir)    79          81.025          86.075
   51 (vir)    79          82.692          94.086
   52 (vir)    79          82.692          94.086
 
  kpoint:      80             coordinate:     0.1371    0.5685    0.5685
 
    n           k    ϵ_nk^DFT+SOC (eV)   ϵ_nk^G0W0+SOC (eV)
    1 (occ)    80          -2.706          -2.551
    2 (occ)    80          -2.706          -2.551
    3 (occ)    80          -2.445          -2.493
    4 (occ)    80          -2.445          -2.493
    5 (occ)    80           1.610           0.869
    6 (occ)    80           1.610           0.869
    7 (occ)    80           2.488           1.723
    8 (occ)    80           2.488           1.723
    9 (vir)    80           6.479           8.350
   10 (vir)    80           6.479           8.350
   11 (vir)    80           7.656           9.480
   12 (vir)    80           7.656           9.480
   13 (vir)    80          14.304          15.306
   14 (vir)    80          14.304          15.306
   15 (vir)    80          14.698          15.378
   16 (vir)    80          14.698          15.378
   17 (vir)    80          15.196          16.486
   18 (vir)    80          15.196          16.486
   19 (vir)    80          15.483          16.598
   20 (vir)    80          15.483          16.598
   21 (vir)    80          19.278          21.063
   22 (vir)    80          19.278          21.063
   23 (vir)    80          20.303          21.105
   24 (vir)    80          20.303          21.105
   25 (vir)    80          20.717          23.503
   26 (vir)    80          20.717          23.503
   27 (vir)    80          20.852          25.736
   28 (vir)    80          20.852          25.736
   29 (vir)    80          29.417          30.873
   30 (vir)    80          29.417          30.873
   31 (vir)    80          30.930          31.642
   32 (vir)    80          30.930          31.642
   33 (vir)    80          31.092          37.667
   34 (vir)    80          31.092          37.667
   35 (vir)    80          31.758          39.015
   36 (vir)    80          31.758          39.015
   37 (vir)    80          33.232          41.822
   38 (vir)    80          33.232          41.822
   39 (vir)    80          34.120          46.075
   40 (vir)    80          34.120          46.075
   41 (vir)    80          41.833          53.918
   42 (vir)    80          41.833          53.918
   43 (vir)    80          44.306          57.155
   44 (vir)    80          44.306          57.155
   45 (vir)    80          53.238          70.095
   46 (vir)    80          53.238          70.095
   47 (vir)    80          58.855          77.321
   48 (vir)    80          58.855          77.321
   49 (vir)    80          80.885          86.886
   50 (vir)    80          80.885          86.886
   51 (vir)    80          82.768          94.639
   52 (vir)    80          82.768          94.639
 
  kpoint:      81             coordinate:     0.1452    0.5726    0.5726
 
    n           k    ϵ_nk^DFT+SOC (eV)   ϵ_nk^G0W0+SOC (eV)
    1 (occ)    81          -2.719          -2.491
    2 (occ)    81          -2.719          -2.491
    3 (occ)    81          -2.423          -2.487
    4 (occ)    81          -2.423          -2.487
    5 (occ)    81           1.548           0.871
    6 (occ)    81           1.548           0.871
    7 (occ)    81           2.504           1.744
    8 (occ)    81           2.504           1.744
    9 (vir)    81           6.495           8.369
   10 (vir)    81           6.495           8.369
   11 (vir)    81           7.788           9.702
   12 (vir)    81           7.788           9.702
   13 (vir)    81          14.201          15.270
   14 (vir)    81          14.201          15.270
   15 (vir)    81          14.624          15.327
   16 (vir)    81          14.624          15.327
   17 (vir)    81          15.072          16.394
   18 (vir)    81          15.072          16.394
   19 (vir)    81          15.375          16.483
   20 (vir)    81          15.375          16.483
   21 (vir)    81          19.354          21.219
   22 (vir)    81          19.354          21.219
   23 (vir)    81          20.428          21.749
   24 (vir)    81          20.428          21.749
   25 (vir)    81          20.852          23.363
   26 (vir)    81          20.852          23.363
   27 (vir)    81          21.031          26.063
   28 (vir)    81          21.031          26.063
   29 (vir)    81          29.233          30.799
   30 (vir)    81          29.233          30.799
   31 (vir)    81          30.829          31.760
   32 (vir)    81          30.829          31.760
   33 (vir)    81          31.039          37.699
   34 (vir)    81          31.039          37.699
   35 (vir)    81          31.826          38.558
   36 (vir)    81          31.826          38.558
   37 (vir)    81          33.255          41.605
   38 (vir)    81          33.255          41.605
   39 (vir)    81          34.255          46.075
   40 (vir)    81          34.255          46.075
   41 (vir)    81          41.608          52.581
   42 (vir)    81          41.608          52.581
   43 (vir)    81          44.230          54.478
   44 (vir)    81          44.230          54.478
   45 (vir)    81          53.160          69.633
   46 (vir)    81          53.160          69.633
   47 (vir)    81          59.277          78.137
   48 (vir)    81          59.277          78.137
   49 (vir)    81          80.736          86.295
   50 (vir)    81          80.736          86.295
   51 (vir)    81          82.850          94.907
   52 (vir)    81          82.850          94.907
 
  kpoint:      82             coordinate:     0.1532    0.5766    0.5766
 
    n           k    ϵ_nk^DFT+SOC (eV)   ϵ_nk^G0W0+SOC (eV)
    1 (occ)    82          -2.733          -2.496
    2 (occ)    82          -2.733          -2.496
    3 (occ)    82          -2.401          -2.418
    4 (occ)    82          -2.401          -2.418
    5 (occ)    82           1.487           0.874
    6 (occ)    82           1.487           0.874
    7 (occ)    82           2.521           1.765
    8 (occ)    82           2.521           1.765
    9 (vir)    82           6.511           8.389
   10 (vir)    82           6.511           8.389
   11 (vir)    82           7.923           9.877
   12 (vir)    82           7.923           9.877
   13 (vir)    82          14.097          15.159
   14 (vir)    82          14.097          15.159
   15 (vir)    82          14.548          15.350
   16 (vir)    82          14.548          15.350
   17 (vir)    82          14.949          16.290
   18 (vir)    82          14.949          16.290
   19 (vir)    82          15.269          16.355
   20 (vir)    82          15.269          16.355
   21 (vir)    82          19.430          21.418
   22 (vir)    82          19.430          21.418
   23 (vir)    82          20.554          22.758
   24 (vir)    82          20.554          22.758
   25 (vir)    82          20.987          23.202
   26 (vir)    82          20.987          23.202
   27 (vir)    82          21.212          26.444
   28 (vir)    82          21.212          26.444
   29 (vir)    82          29.043          31.558
   30 (vir)    82          29.043          31.558
   31 (vir)    82          30.721          31.876
   32 (vir)    82          30.721          31.876
   33 (vir)    82          30.984          37.840
   34 (vir)    82          30.984          37.840
   35 (vir)    82          31.896          37.980
   36 (vir)    82          31.896          37.980
   37 (vir)    82          33.279          41.355
   38 (vir)    82          33.279          41.355
   39 (vir)    82          34.395          46.069
   40 (vir)    82          34.395          46.069
   41 (vir)    82          41.388          54.649
   42 (vir)    82          41.388          54.649
   43 (vir)    82          44.151          56.676
   44 (vir)    82          44.151          56.676
   45 (vir)    82          53.079          68.537
   46 (vir)    82          53.079          68.537
   47 (vir)    82          59.698          78.800
   48 (vir)    82          59.698          78.800
   49 (vir)    82          80.579          85.875
   50 (vir)    82          80.579          85.875
   51 (vir)    82          82.939          94.920
   52 (vir)    82          82.939          94.920
 
  kpoint:      83             coordinate:     0.1613    0.5806    0.5806
 
    n           k    ϵ_nk^DFT+SOC (eV)   ϵ_nk^G0W0+SOC (eV)
    1 (occ)    83          -2.749          -2.520
    2 (occ)    83          -2.749          -2.520
    3 (occ)    83          -2.377          -2.343
    4 (occ)    83          -2.377          -2.343
    5 (occ)    83           1.428           0.905
    6 (occ)    83           1.428           0.905
    7 (occ)    83           2.538           1.787
    8 (occ)    83           2.538           1.787
    9 (vir)    83           6.529           8.409
   10 (vir)    83           6.529           8.409
   11 (vir)    83           8.061           9.999
   12 (vir)    83           8.061           9.999
   13 (vir)    83          13.992          15.046
   14 (vir)    83          13.992          15.046
   15 (vir)    83          14.470          15.359
   16 (vir)    83          14.470          15.359
   17 (vir)    83          14.827          16.196
   18 (vir)    83          14.827          16.196
   19 (vir)    83          15.164          16.208
   20 (vir)    83          15.164          16.208
   21 (vir)    83          19.508          21.644
   22 (vir)    83          19.508          21.644
   23 (vir)    83          20.682          23.040
   24 (vir)    83          20.682          23.040
   25 (vir)    83          21.120          24.055
   26 (vir)    83          21.120          24.055
   27 (vir)    83          21.393          26.903
   28 (vir)    83          21.393          26.903
   29 (vir)    83          28.848          30.465
   30 (vir)    83          28.848          30.465
   31 (vir)    83          30.605          31.985
   32 (vir)    83          30.605          31.985
   33 (vir)    83          30.928          37.322
   34 (vir)    83          30.928          37.322
   35 (vir)    83          31.970          38.020
   36 (vir)    83          31.970          38.020
   37 (vir)    83          33.302          41.025
   38 (vir)    83          33.302          41.025
   39 (vir)    83          34.541          46.078
   40 (vir)    83          34.541          46.078
   41 (vir)    83          41.177          54.475
   42 (vir)    83          41.177          54.475
   43 (vir)    83          44.069          54.485
   44 (vir)    83          44.069          54.485
   45 (vir)    83          52.995          67.968
   46 (vir)    83          52.995          67.968
   47 (vir)    83          60.114          79.288
   48 (vir)    83          60.114          79.288
   49 (vir)    83          80.413          85.396
   50 (vir)    83          80.413          85.396
   51 (vir)    83          83.035          94.718
   52 (vir)    83          83.035          94.718
 
  kpoint:      84             coordinate:     0.1694    0.5847    0.5847
 
    n           k    ϵ_nk^DFT+SOC (eV)   ϵ_nk^G0W0+SOC (eV)
    1 (occ)    84          -2.766          -2.529
    2 (occ)    84          -2.766          -2.529
    3 (occ)    84          -2.352          -2.266
    4 (occ)    84          -2.352          -2.266
    5 (occ)    84           1.370           0.964
    6 (occ)    84           1.370           0.964
    7 (occ)    84           2.556           1.809
    8 (occ)    84           2.556           1.809
    9 (vir)    84           6.547           8.431
   10 (vir)    84           6.547           8.431
   11 (vir)    84           8.203          10.064
   12 (vir)    84           8.203          10.064
   13 (vir)    84          13.888          14.932
   14 (vir)    84          13.888          14.932
   15 (vir)    84          14.392          15.345
   16 (vir)    84          14.392          15.345
   17 (vir)    84          14.707          16.040
   18 (vir)    84          14.707          16.040
   19 (vir)    84          15.060          16.111
   20 (vir)    84          15.060          16.111
   21 (vir)    84          19.587          21.874
   22 (vir)    84          19.587          21.874
   23 (vir)    84          20.810          22.961
   24 (vir)    84          20.810          22.961
   25 (vir)    84          21.253          25.562
   26 (vir)    84          21.253          25.562
   27 (vir)    84          21.574          27.629
   28 (vir)    84          21.574          27.629
   29 (vir)    84          28.648          29.970
   30 (vir)    84          28.648          29.970
   31 (vir)    84          30.481          32.084
   32 (vir)    84          30.481          32.084
   33 (vir)    84          30.870          36.627
   34 (vir)    84          30.870          36.627
   35 (vir)    84          32.045          38.194
   36 (vir)    84          32.045          38.194
   37 (vir)    84          33.326          40.868
   38 (vir)    84          33.326          40.868
   39 (vir)    84          34.690          46.122
   40 (vir)    84          34.690          46.122
   41 (vir)    84          40.973          54.034
   42 (vir)    84          40.973          54.034
   43 (vir)    84          43.986          54.514
   44 (vir)    84          43.986          54.514
   45 (vir)    84          52.909          66.393
   46 (vir)    84          52.909          66.393
   47 (vir)    84          60.524          79.583
   48 (vir)    84          60.524          79.583
   49 (vir)    84          80.240          83.555
   50 (vir)    84          80.240          83.555
   51 (vir)    84          83.139          94.381
   52 (vir)    84          83.139          94.381
 
  kpoint:      85             coordinate:     0.1774    0.5887    0.5887
 
    n           k    ϵ_nk^DFT+SOC (eV)   ϵ_nk^G0W0+SOC (eV)
    1 (occ)    85          -2.785          -2.522
    2 (occ)    85          -2.785          -2.522
    3 (occ)    85          -2.326          -2.194
    4 (occ)    85          -2.326          -2.194
    5 (occ)    85           1.314           1.045
    6 (occ)    85           1.314           1.045
    7 (occ)    85           2.576           1.832
    8 (occ)    85           2.576           1.832
    9 (vir)    85           6.566           8.453
   10 (vir)    85           6.566           8.453
   11 (vir)    85           8.347          10.066
   12 (vir)    85           8.347          10.066
   13 (vir)    85          13.783          14.815
   14 (vir)    85          13.783          14.815
   15 (vir)    85          14.313          15.297
   16 (vir)    85          14.313          15.297
   17 (vir)    85          14.587          15.853
   18 (vir)    85          14.587          15.853
   19 (vir)    85          14.958          16.025
   20 (vir)    85          14.958          16.025
   21 (vir)    85          19.666          22.103
   22 (vir)    85          19.666          22.103
   23 (vir)    85          20.939          24.360
   24 (vir)    85          20.939          24.360
   25 (vir)    85          21.383          26.735
   26 (vir)    85          21.383          26.735
   27 (vir)    85          21.755          29.320
   28 (vir)    85          21.755          29.320
   29 (vir)    85          28.444          29.320
   30 (vir)    85          28.444          29.320
   31 (vir)    85          30.350          32.168
   32 (vir)    85          30.350          32.168
   33 (vir)    85          30.810          35.934
   34 (vir)    85          30.810          35.934
   35 (vir)    85          32.123          38.339
   36 (vir)    85          32.123          38.339
   37 (vir)    85          33.351          41.080
   38 (vir)    85          33.351          41.080
   39 (vir)    85          34.844          46.210
   40 (vir)    85          34.844          46.210
   41 (vir)    85          40.777          53.439
   42 (vir)    85          40.777          53.439
   43 (vir)    85          43.900          54.188
   44 (vir)    85          43.900          54.188
   45 (vir)    85          52.821          65.151
   46 (vir)    85          52.821          65.151
   47 (vir)    85          60.924          79.665
   48 (vir)    85          60.924          79.665
   49 (vir)    85          80.058          83.430
   50 (vir)    85          80.058          83.430
   51 (vir)    85          83.251          94.163
   52 (vir)    85          83.251          94.163
 
  kpoint:      86             coordinate:     0.1855    0.5927    0.5927
 
    n           k    ϵ_nk^DFT+SOC (eV)   ϵ_nk^G0W0+SOC (eV)
    1 (occ)    86          -2.806          -2.533
    2 (occ)    86          -2.806          -2.533
    3 (occ)    86          -2.299          -2.135
    4 (occ)    86          -2.299          -2.135
    5 (occ)    86           1.261           1.138
    6 (occ)    86           1.261           1.138
    7 (occ)    86           2.596           1.856
    8 (occ)    86           2.596           1.856
    9 (vir)    86           6.586           8.477
   10 (vir)    86           6.586           8.477
   11 (vir)    86           8.494          10.061
   12 (vir)    86           8.494          10.061
   13 (vir)    86          13.678          14.696
   14 (vir)    86          13.678          14.696
   15 (vir)    86          14.234          15.211
   16 (vir)    86          14.234          15.211
   17 (vir)    86          14.469          15.651
   18 (vir)    86          14.469          15.651
   19 (vir)    86          14.857          15.921
   20 (vir)    86          14.857          15.921
   21 (vir)    86          19.746          20.260
   22 (vir)    86          19.746          20.260
   23 (vir)    86          21.068          21.219
   24 (vir)    86          21.068          21.219
   25 (vir)    86          21.513          22.326
   26 (vir)    86          21.513          22.326
   27 (vir)    86          21.936          27.383
   28 (vir)    86          21.936          27.383
   29 (vir)    86          28.235          32.231
   30 (vir)    86          28.235          32.231
   31 (vir)    86          30.211          35.282
   32 (vir)    86          30.211          35.282
   33 (vir)    86          30.748          38.451
   34 (vir)    86          30.748          38.451
   35 (vir)    86          32.204          40.127
   36 (vir)    86          32.204          40.127
   37 (vir)    86          33.377          41.495
   38 (vir)    86          33.377          41.495
   39 (vir)    86          35.001          46.367
   40 (vir)    86          35.001          46.367
   41 (vir)    86          40.591          52.831
   42 (vir)    86          40.591          52.831
   43 (vir)    86          43.814          53.675
   44 (vir)    86          43.814          53.675
   45 (vir)    86          52.730          64.259
   46 (vir)    86          52.730          64.259
   47 (vir)    86          61.313          79.521
   48 (vir)    86          61.313          79.521
   49 (vir)    86          79.868          82.716
   50 (vir)    86          79.868          82.716
   51 (vir)    86          83.373          95.241
   52 (vir)    86          83.373          95.241
 
  kpoint:      87             coordinate:     0.1935    0.5968    0.5968
 
    n           k    ϵ_nk^DFT+SOC (eV)   ϵ_nk^G0W0+SOC (eV)
    1 (occ)    87          -2.828          -2.557
    2 (occ)    87          -2.828          -2.557
    3 (occ)    87          -2.270          -2.095
    4 (occ)    87          -2.270          -2.095
    5 (occ)    87           1.209           1.234
    6 (occ)    87           1.209           1.234
    7 (occ)    87           2.617           1.880
    8 (occ)    87           2.617           1.880
    9 (vir)    87           6.607           8.502
   10 (vir)    87           6.607           8.502
   11 (vir)    87           8.644          10.067
   12 (vir)    87           8.644          10.067
   13 (vir)    87          13.573          14.571
   14 (vir)    87          13.573          14.571
   15 (vir)    87          14.153          15.171
   16 (vir)    87          14.153          15.171
   17 (vir)    87          14.352          15.442
   18 (vir)    87          14.352          15.442
   19 (vir)    87          14.758          15.825
   20 (vir)    87          14.758          15.825
   21 (vir)    87          19.827          20.818
   22 (vir)    87          19.827          20.818
   23 (vir)    87          21.197          21.398
   24 (vir)    87          21.197          21.398
   25 (vir)    87          21.641          22.539
   26 (vir)    87          21.641          22.539
   27 (vir)    87          22.116          27.719
   28 (vir)    87          22.116          27.719
   29 (vir)    87          28.024          32.281
   30 (vir)    87          28.024          32.281
   31 (vir)    87          30.064          34.729
   32 (vir)    87          30.064          34.729
   33 (vir)    87          30.682          38.554
   34 (vir)    87          30.682          38.554
   35 (vir)    87          32.286          40.270
   36 (vir)    87          32.286          40.270
   37 (vir)    87          33.404          41.718
   38 (vir)    87          33.404          41.718
   39 (vir)    87          35.162          46.696
   40 (vir)    87          35.162          46.696
   41 (vir)    87          40.413          52.358
   42 (vir)    87          40.413          52.358
   43 (vir)    87          43.726          53.273
   44 (vir)    87          43.726          53.273
   45 (vir)    87          52.638          63.154
   46 (vir)    87          52.638          63.154
   47 (vir)    87          61.688          79.141
   48 (vir)    87          61.688          79.141
   49 (vir)    87          79.669          81.894
   50 (vir)    87          79.669          81.894
   51 (vir)    87          83.504          95.770
   52 (vir)    87          83.504          95.770
 
  kpoint:      88             coordinate:     0.2016    0.6008    0.6008
 
    n           k    ϵ_nk^DFT+SOC (eV)   ϵ_nk^G0W0+SOC (eV)
    1 (occ)    88          -2.851          -2.590
    2 (occ)    88          -2.851          -2.590
    3 (occ)    88          -2.240          -2.070
    4 (occ)    88          -2.240          -2.070
    5 (occ)    88           1.161           1.323
    6 (occ)    88           1.161           1.323
    7 (occ)    88           2.638           1.906
    8 (occ)    88           2.638           1.906
    9 (vir)    88           6.629           8.528
   10 (vir)    88           6.629           8.528
   11 (vir)    88           8.795          10.045
   12 (vir)    88           8.795          10.045
   13 (vir)    88          13.468          14.438
   14 (vir)    88          13.468          14.438
   15 (vir)    88          14.072          15.230
   16 (vir)    88          14.072          15.230
   17 (vir)    88          14.237          15.518
   18 (vir)    88          14.237          15.518
   19 (vir)    88          14.661          16.148
   20 (vir)    88          14.661          16.148
   21 (vir)    88          19.908          21.171
   22 (vir)    88          19.908          21.171
   23 (vir)    88          21.327          21.230
   24 (vir)    88          21.327          21.230
   25 (vir)    88          21.767          22.701
   26 (vir)    88          21.767          22.701
   27 (vir)    88          22.294          27.904
   28 (vir)    88          22.294          27.904
   29 (vir)    88          27.810          28.356
   30 (vir)    88          27.810          28.356
   31 (vir)    88          29.910          32.345
   32 (vir)    88          29.910          32.345
   33 (vir)    88          30.614          33.687
   34 (vir)    88          30.614          33.687
   35 (vir)    88          32.370          34.374
   36 (vir)    88          32.370          34.374
   37 (vir)    88          33.433          38.666
   38 (vir)    88          33.433          38.666
   39 (vir)    88          35.325          45.820
   40 (vir)    88          35.325          45.820
   41 (vir)    88          40.244          52.147
   42 (vir)    88          40.244          52.147
   43 (vir)    88          43.637          52.841
   44 (vir)    88          43.637          52.841
   45 (vir)    88          52.545          62.534
   46 (vir)    88          52.545          62.534
   47 (vir)    88          62.045          78.523
   48 (vir)    88          62.045          78.523
   49 (vir)    88          79.462          81.004
   50 (vir)    88          79.462          81.004
   51 (vir)    88          83.646          94.462
   52 (vir)    88          83.646          94.462
 
  kpoint:      89             coordinate:     0.2097    0.6048    0.6048
 
    n           k    ϵ_nk^DFT+SOC (eV)   ϵ_nk^G0W0+SOC (eV)
    1 (occ)    89          -2.877          -2.630
    2 (occ)    89          -2.877          -2.630
    3 (occ)    89          -2.209          -2.053
    4 (occ)    89          -2.209          -2.053
    5 (occ)    89           1.115           1.397
    6 (occ)    89           1.115           1.397
    7 (occ)    89           2.661           1.932
    8 (occ)    89           2.661           1.932
    9 (vir)    89           6.652           8.556
   10 (vir)    89           6.652           8.556
   11 (vir)    89           8.949          10.026
   12 (vir)    89           8.949          10.026
   13 (vir)    89          13.364          14.297
   14 (vir)    89          13.364          14.297
   15 (vir)    89          13.991          15.170
   16 (vir)    89          13.991          15.170
   17 (vir)    89          14.123          15.267
   18 (vir)    89          14.123          15.267
   19 (vir)    89          14.565          15.985
   20 (vir)    89          14.565          15.985
   21 (vir)    89          19.989          21.037
   22 (vir)    89          19.989          21.037
   23 (vir)    89          21.456          21.048
   24 (vir)    89          21.456          21.048
   25 (vir)    89          21.892          22.850
   26 (vir)    89          21.892          22.850
   27 (vir)    89          22.471          30.931
   28 (vir)    89          22.471          30.931
   29 (vir)    89          27.592          32.482
   30 (vir)    89          27.592          32.482
   31 (vir)    89          29.750          34.354
   32 (vir)    89          29.750          34.354
   33 (vir)    89          30.542          34.962
   34 (vir)    89          30.542          34.962
   35 (vir)    89          32.455          38.619
   36 (vir)    89          32.455          38.619
   37 (vir)    89          33.465          42.674
   38 (vir)    89          33.465          42.674
   39 (vir)    89          35.491          45.463
   40 (vir)    89          35.491          45.463
   41 (vir)    89          40.084          50.630
   42 (vir)    89          40.084          50.630
   43 (vir)    89          43.549          52.528
   44 (vir)    89          43.549          52.528
   45 (vir)    89          52.450          61.940
   46 (vir)    89          52.450          61.940
   47 (vir)    89          62.383          77.680
   48 (vir)    89          62.383          77.680
   49 (vir)    89          79.247          80.449
   50 (vir)    89          79.247          80.449
   51 (vir)    89          83.798          93.873
   52 (vir)    89          83.798          93.873
 
  kpoint:      90             coordinate:     0.2177    0.6089    0.6089
 
    n           k    ϵ_nk^DFT+SOC (eV)   ϵ_nk^G0W0+SOC (eV)
    1 (occ)    90          -2.904          -2.677
    2 (occ)    90          -2.904          -2.677
    3 (occ)    90          -2.177          -2.035
    4 (occ)    90          -2.177          -2.035
    5 (occ)    90           1.072           1.451
    6 (occ)    90           1.072           1.451
    7 (occ)    90           2.684           1.960
    8 (occ)    90           2.684           1.960
    9 (vir)    90           6.675           8.585
   10 (vir)    90           6.675           8.585
   11 (vir)    90           9.105          10.020
   12 (vir)    90           9.105          10.020
   13 (vir)    90          13.260          14.178
   14 (vir)    90          13.260          14.178
   15 (vir)    90          13.909          14.874
   16 (vir)    90          13.909          14.874
   17 (vir)    90          14.010          15.081
   18 (vir)    90          14.010          15.081
   19 (vir)    90          14.471          15.892
   20 (vir)    90          14.471          15.892
   21 (vir)    90          20.070          20.753
   22 (vir)    90          20.070          20.753
   23 (vir)    90          21.585          20.785
   24 (vir)    90          21.585          20.785
   25 (vir)    90          22.015          23.264
   26 (vir)    90          22.015          23.264
   27 (vir)    90          22.646          27.376
   28 (vir)    90          22.646          27.376
   29 (vir)    90          27.373          31.434
   30 (vir)    90          27.373          31.434
   31 (vir)    90          29.582          32.727
   32 (vir)    90          29.582          32.727
   33 (vir)    90          30.466          34.791
   34 (vir)    90          30.466          34.791
   35 (vir)    90          32.542          40.846
   36 (vir)    90          32.542          40.846
   37 (vir)    90          33.501          45.458
   38 (vir)    90          33.501          45.458
   39 (vir)    90          35.660          45.630
   40 (vir)    90          35.660          45.630
   41 (vir)    90          39.932          50.412
   42 (vir)    90          39.932          50.412
   43 (vir)    90          43.461          52.417
   44 (vir)    90          43.461          52.417
   45 (vir)    90          52.355          57.752
   46 (vir)    90          52.355          57.752
   47 (vir)    90          62.698          76.648
   48 (vir)    90          62.698          76.648
   49 (vir)    90          79.023          86.456
   50 (vir)    90          79.023          86.456
   51 (vir)    90          83.962          93.751
   52 (vir)    90          83.962          93.751
 
  kpoint:      91             coordinate:     0.2258    0.6129    0.6129
 
    n           k    ϵ_nk^DFT+SOC (eV)   ϵ_nk^G0W0+SOC (eV)
    1 (occ)    91          -2.934          -2.730
    2 (occ)    91          -2.934          -2.730
    3 (occ)    91          -2.143          -2.013
    4 (occ)    91          -2.143          -2.013
    5 (occ)    91           1.032           1.482
    6 (occ)    91           1.032           1.482
    7 (occ)    91           2.709           1.989
    8 (occ)    91           2.709           1.989
    9 (vir)    91           6.699           8.615
   10 (vir)    91           6.699           8.615
   11 (vir)    91           9.262          10.027
   12 (vir)    91           9.262          10.027
   13 (vir)    91          13.156          14.161
   14 (vir)    91          13.156          14.161
   15 (vir)    91          13.825          14.715
   16 (vir)    91          13.825          14.715
   17 (vir)    91          13.900          14.957
   18 (vir)    91          13.900          14.957
   19 (vir)    91          14.379          15.814
   20 (vir)    91          14.379          15.814
   21 (vir)    91          20.151          20.309
   22 (vir)    91          20.151          20.309
   23 (vir)    91          21.714          20.558
   24 (vir)    91          21.714          20.558
   25 (vir)    91          22.137          22.755
   26 (vir)    91          22.137          22.755
   27 (vir)    91          22.819          25.821
   28 (vir)    91          22.819          25.821
   29 (vir)    91          27.152          32.521
   30 (vir)    91          27.152          32.521
   31 (vir)    91          29.408          33.061
   32 (vir)    91          29.408          33.061
   33 (vir)    91          30.386          33.289
   34 (vir)    91          30.386          33.289
   35 (vir)    91          32.630          34.965
   36 (vir)    91          32.630          34.965
   37 (vir)    91          33.541          35.916
   38 (vir)    91          33.541          35.916
   39 (vir)    91          35.830          47.252
   40 (vir)    91          35.830          47.252
   41 (vir)    91          39.789          50.172
   42 (vir)    91          39.789          50.172
   43 (vir)    91          43.374          52.437
   44 (vir)    91          43.374          52.437
   45 (vir)    91          52.259          67.983
   46 (vir)    91          52.259          67.983
   47 (vir)    91          62.989          75.477
   48 (vir)    91          62.989          75.477
   49 (vir)    91          78.790          84.544
   50 (vir)    91          78.790          84.544
   51 (vir)    91          84.137          93.870
   52 (vir)    91          84.137          93.870
 
  kpoint:      92             coordinate:     0.2339    0.6169    0.6169
 
    n           k    ϵ_nk^DFT+SOC (eV)   ϵ_nk^G0W0+SOC (eV)
    1 (occ)    92          -2.965          -2.793
    2 (occ)    92          -2.965          -2.793
    3 (occ)    92          -2.109          -1.988
    4 (occ)    92          -2.109          -1.988
    5 (occ)    92           0.995           1.446
    6 (occ)    92           0.995           1.446
    7 (occ)    92           2.734           2.020
    8 (occ)    92           2.734           2.020
    9 (vir)    92           6.724           8.646
   10 (vir)    92           6.724           8.646
   11 (vir)    92           9.422          10.049
   12 (vir)    92           9.422          10.049
   13 (vir)    92          13.053          14.059
   14 (vir)    92          13.053          14.059
   15 (vir)    92          13.740          14.574
   16 (vir)    92          13.740          14.574
   17 (vir)    92          13.794          14.805
   18 (vir)    92          13.794          14.805
   19 (vir)    92          14.288          15.738
   20 (vir)    92          14.288          15.738
   21 (vir)    92          20.232          19.793
   22 (vir)    92          20.232          19.793
   23 (vir)    92          21.843          20.354
   24 (vir)    92          21.843          20.354
   25 (vir)    92          22.256          22.973
   26 (vir)    92          22.256          22.973
   27 (vir)    92          22.989          24.176
   28 (vir)    92          22.989          24.176
   29 (vir)    92          26.929          31.753
   30 (vir)    92          26.929          31.753
   31 (vir)    92          29.229          32.273
   32 (vir)    92          29.229          32.273
   33 (vir)    92          30.301          32.960
   34 (vir)    92          30.301          32.960
   35 (vir)    92          32.719          33.402
   36 (vir)    92          32.719          33.402
   37 (vir)    92          33.586          33.445
   38 (vir)    92          33.586          33.445
   39 (vir)    92          36.002          37.597
   40 (vir)    92          36.002          37.597
   41 (vir)    92          39.654          43.212
   42 (vir)    92          39.654          43.212
   43 (vir)    92          43.289          50.155
   44 (vir)    92          43.289          50.155
   45 (vir)    92          52.162          68.696
   46 (vir)    92          52.162          68.696
   47 (vir)    92          63.252          74.227
   48 (vir)    92          63.252          74.227
   49 (vir)    92          78.549          84.391
   50 (vir)    92          78.549          84.391
   51 (vir)    92          84.324          90.378
   52 (vir)    92          84.324          90.378
 
  kpoint:      93             coordinate:     0.2419    0.6210    0.6210
 
    n           k    ϵ_nk^DFT+SOC (eV)   ϵ_nk^G0W0+SOC (eV)
    1 (occ)    93          -2.998          -2.884
    2 (occ)    93          -2.998          -2.884
    3 (occ)    93          -2.073          -1.963
    4 (occ)    93          -2.073          -1.963
    5 (occ)    93           0.961           1.497
    6 (occ)    93           0.961           1.497
    7 (occ)    93           2.759           2.052
    8 (occ)    93           2.759           2.052
    9 (vir)    93           6.750           8.678
   10 (vir)    93           6.750           8.678
   11 (vir)    93           9.583          10.091
   12 (vir)    93           9.583          10.091
   13 (vir)    93          12.951          13.941
   14 (vir)    93          12.951          13.941
   15 (vir)    93          13.649          14.448
   16 (vir)    93          13.649          14.448
   17 (vir)    93          13.694          14.630
   18 (vir)    93          13.694          14.630
   19 (vir)    93          14.199          15.661
   20 (vir)    93          14.199          15.661
   21 (vir)    93          20.312          19.525
   22 (vir)    93          20.312          19.525
   23 (vir)    93          21.970          20.179
   24 (vir)    93          21.970          20.179
   25 (vir)    93          22.375          23.110
   26 (vir)    93          22.375          23.110
   27 (vir)    93          23.156          30.904
   28 (vir)    93          23.156          30.904
   29 (vir)    93          26.704          31.736
   30 (vir)    93          26.704          31.736
   31 (vir)    93          29.044          32.322
   32 (vir)    93          29.044          32.322
   33 (vir)    93          30.210          32.702
   34 (vir)    93          30.210          32.702
   35 (vir)    93          32.809          33.739
   36 (vir)    93          32.809          33.739
   37 (vir)    93          33.637          33.864
   38 (vir)    93          33.637          33.864
   39 (vir)    93          36.174          39.538
   40 (vir)    93          36.174          39.538
   41 (vir)    93          39.528          42.181
   42 (vir)    93          39.528          42.181
   43 (vir)    93          43.205          50.424
   44 (vir)    93          43.205          50.424
   45 (vir)    93          52.065          70.373
   46 (vir)    93          52.065          70.373
   47 (vir)    93          63.486          72.942
   48 (vir)    93          63.486          72.942
   49 (vir)    93          78.298          85.737
   50 (vir)    93          78.298          85.737
   51 (vir)    93          84.521          88.520
   52 (vir)    93          84.521          88.520
 
  kpoint:      94             coordinate:     0.2500    0.6250    0.6250
 
    n           k    ϵ_nk^DFT+SOC (eV)   ϵ_nk^G0W0+SOC (eV)
    1 (occ)    94          -3.033          -2.909
    2 (occ)    94          -3.033          -2.909
    3 (occ)    94          -2.035          -1.940
    4 (occ)    94          -2.035          -1.940
    5 (occ)    94           0.931           1.459
    6 (occ)    94           0.931           1.459
    7 (occ)    94           2.786           2.086
    8 (occ)    94           2.786           2.086
    9 (vir)    94           6.777           8.710
   10 (vir)    94           6.777           8.710
   11 (vir)    94           9.745          10.159
   12 (vir)    94           9.745          10.159
   13 (vir)    94          12.849          13.833
   14 (vir)    94          12.849          13.833
   15 (vir)    94          13.550          14.333
   16 (vir)    94          13.550          14.333
   17 (vir)    94          13.603          14.436
   18 (vir)    94          13.603          14.436
   19 (vir)    94          14.112          15.582
   20 (vir)    94          14.112          15.582
   21 (vir)    94          20.391          19.573
   22 (vir)    94          20.391          19.573
   23 (vir)    94          22.098          20.042
   24 (vir)    94          22.098          20.042
   25 (vir)    94          22.491          21.639
   26 (vir)    94          22.491          21.639
   27 (vir)    94          23.320          23.124
   28 (vir)    94          23.320          23.124
   29 (vir)    94          26.479          23.211
   30 (vir)    94          26.479          23.211
   31 (vir)    94          28.853          31.285
   32 (vir)    94          28.853          31.285
   33 (vir)    94          30.114          31.619
   34 (vir)    94          30.114          31.619
   35 (vir)    94          32.899          33.298
   36 (vir)    94          32.899          33.298
   37 (vir)    94          33.695          34.312
   38 (vir)    94          33.695          34.312
   39 (vir)    94          36.348          40.378
   40 (vir)    94          36.348          40.378
   41 (vir)    94          39.409          41.512
   42 (vir)    94          39.409          41.512
   43 (vir)    94          43.125          50.159
   44 (vir)    94          43.125          50.159
   45 (vir)    94          51.968          71.653
   46 (vir)    94          51.968          71.653
   47 (vir)    94          63.688          72.469
   48 (vir)    94          63.688          72.469
   49 (vir)    94          78.039          76.347
   50 (vir)    94          78.039          76.347
   51 (vir)    94          84.729          89.884
   52 (vir)    94          84.729          89.884
