 
  kpoint:       1             coordinate:     0.5000    0.5000    0.5000
 
    n           k   ϵ_nk^DFT (eV)     Σ^c_nk (eV)     Σ^x_nk (eV)    v_nk^xc (eV)   ϵ_nk^G0W0 (eV)
 
    1 (occ)     1          -4.412           5.572         -16.589         -10.821           -4.608
    2 (occ)     1          -1.776           3.298         -13.344         -10.240           -1.583
    3 (occ)     1           4.028           7.995         -19.373         -11.004            3.653
    4 (occ)     1           4.028           7.995         -19.373         -11.004            3.653
    5 (vir)     1           6.911         -10.721           2.667          -9.955            8.813
    6 (vir)     1           8.911          -4.412          -3.533          -9.356           10.321
    7 (vir)     1           8.911          -4.412          -3.533          -9.356           10.321
    8 (vir)     1          13.532          -5.314          -2.690          -8.147           13.675
    9 (vir)     1          16.312          -0.483          -5.856         -10.051           20.024
   10 (vir)     1          16.312          -0.482          -5.856         -10.051           20.025
   11 (vir)     1          16.874          -9.406          -6.953          -9.745           10.260
   12 (vir)     1          17.051          -5.387          -3.360          -9.909           18.213
   13 (vir)     1          17.051          -5.386          -3.360          -9.909           18.214
   14 (vir)     1          19.462          -6.362          -3.349         -10.629           20.380
   15 (vir)     1          30.097          -5.324          -2.318         -10.798           33.253
   16 (vir)     1          30.097          -5.362          -2.318         -10.798           33.216
   17 (vir)     1          33.286          -0.017          -2.898         -11.198           41.569
   18 (vir)     1          33.286          -0.017          -2.898         -11.198           41.569
   19 (vir)     1          38.786          -1.190          -6.651         -10.325           41.271
   20 (vir)     1          38.863           0.231          -4.538          -8.772           43.327
   21 (vir)     1          42.816           3.524          -0.920          -9.936           55.356
   22 (vir)     1          42.816           3.528          -0.920          -9.936           55.359
   23 (vir)     1          46.859          12.516         -13.326          -9.800           55.849
   24 (vir)     1          46.859          12.515         -13.326          -9.800           55.849
   25 (vir)     1          75.379           1.585          -0.842          -7.967           84.090
   26 (vir)     1          87.125           2.731           3.369          -7.192          100.416
 
 
  kpoint:       2             coordinate:     0.4839    0.4839    0.4839
 
    n           k   ϵ_nk^DFT (eV)     Σ^c_nk (eV)     Σ^x_nk (eV)    v_nk^xc (eV)   ϵ_nk^G0W0 (eV)
 
    1 (occ)     2          -4.428           5.583         -16.543         -10.816           -4.571
    2 (occ)     2          -1.754           3.362         -13.438         -10.245           -1.585
    3 (occ)     2           4.030           7.982         -19.356         -11.003            3.660
    4 (occ)     2           4.030           7.982         -19.356         -11.003            3.660
    5 (vir)     2           6.912         -10.724           2.682          -9.955            8.826
    6 (vir)     2           8.912          -4.412          -3.534          -9.359           10.325
    7 (vir)     2           8.912          -4.412          -3.534          -9.359           10.325
    8 (vir)     2          13.536          -5.314          -2.563          -8.153           13.811
    9 (vir)     2          16.156          -1.134          -5.203          -9.989           19.808
   10 (vir)     2          16.156          -1.135          -5.203          -9.989           19.807
   11 (vir)     2          16.831          -9.010          -6.334          -9.757           11.245
   12 (vir)     2          17.224          -4.845          -3.708          -9.972           18.642
   13 (vir)     2          17.224          -4.846          -3.708          -9.972           18.642
   14 (vir)     2          19.494          -6.707          -3.330         -10.612           20.069
   15 (vir)     2          30.060          -6.411          -2.426         -10.793           32.017
   16 (vir)     2          30.060          -6.441          -2.426         -10.793           31.986
   17 (vir)     2          33.298           0.027          -2.559         -11.198           41.964
   18 (vir)     2          33.298           0.027          -2.559         -11.198           41.964
   19 (vir)     2          38.272          -2.312          -7.381          -9.603           38.182
   20 (vir)     2          39.502          -1.255          -1.185          -9.492           46.554
   21 (vir)     2          42.835           3.437          -0.952          -9.937           55.256
   22 (vir)     2          42.835           3.436          -0.952          -9.937           55.255
   23 (vir)     2          46.872          11.690         -11.420          -9.802           56.944
   24 (vir)     2          46.872          11.689         -11.420          -9.802           56.943
   25 (vir)     2          75.116           4.696          -0.555          -7.979           87.236
   26 (vir)     2          87.179           2.499           3.868          -7.189          100.735
 
 
  kpoint:       3             coordinate:     0.4677    0.4677    0.4677
 
    n           k   ϵ_nk^DFT (eV)     Σ^c_nk (eV)     Σ^x_nk (eV)    v_nk^xc (eV)   ϵ_nk^G0W0 (eV)
 
    1 (occ)     3          -4.472           5.667         -16.431         -10.803           -4.434
    2 (occ)     3          -1.689           3.536         -13.682         -10.260           -1.575
    3 (occ)     3           4.036           7.946         -19.307         -11.003            3.679
    4 (occ)     3           4.036           7.946         -19.307         -11.003            3.679
    5 (vir)     3           6.918         -10.734           2.727          -9.955            8.867
    6 (vir)     3           8.915          -4.410          -3.538          -9.368           10.335
    7 (vir)     3           8.915          -4.410          -3.538          -9.368           10.335
    8 (vir)     3          13.544          -5.506          -2.243          -8.172           13.967
    9 (vir)     3          15.859          -2.512          -4.333          -9.909           18.923
   10 (vir)     3          15.859          -2.516          -4.333          -9.909           18.919
   11 (vir)     3          16.710          -8.035          -4.783          -9.786           13.678
   12 (vir)     3          17.568          -4.310          -3.767         -10.052           19.543
   13 (vir)     3          17.568          -4.310          -3.767         -10.052           19.543
   14 (vir)     3          19.581          -6.653          -3.237         -10.568           20.258
   15 (vir)     3          29.952          -8.586          -2.693         -10.778           29.451
   16 (vir)     3          29.952          -8.585          -2.693         -10.778           29.453
   17 (vir)     3          33.330           1.219          -1.671         -11.198           44.076
   18 (vir)     3          33.330           1.220          -1.671         -11.198           44.078
   19 (vir)     3          37.836          -2.581          -6.410          -9.583           38.428
   20 (vir)     3          40.309          -1.704           4.506          -9.505           52.617
   21 (vir)     3          42.890           2.353          -1.048          -9.940           54.134
   22 (vir)     3          42.890           2.356          -1.048          -9.940           54.137
   23 (vir)     3          46.911           9.143          -6.287          -9.805           59.573
   24 (vir)     3          46.911           9.143          -6.287          -9.805           59.572
   25 (vir)     3          74.348           0.473           0.186          -8.014           83.021
   26 (vir)     3          87.324          -7.596           4.959          -7.181           91.868
 
 
  kpoint:       4             coordinate:     0.4516    0.4516    0.4516
 
    n           k   ϵ_nk^DFT (eV)     Σ^c_nk (eV)     Σ^x_nk (eV)    v_nk^xc (eV)   ϵ_nk^G0W0 (eV)
 
    1 (occ)     4          -4.542           5.655         -16.313         -10.783           -4.416
    2 (occ)     4          -1.586           3.764         -13.983         -10.282           -1.523
    3 (occ)     4           4.046           7.891         -19.234         -11.002            3.705
    4 (occ)     4           4.046           7.891         -19.234         -11.002            3.705
    5 (vir)     4           6.926         -10.749           2.801          -9.955            8.934
    6 (vir)     4           8.920          -4.408          -3.546          -9.383           10.349
    7 (vir)     4           8.920          -4.408          -3.546          -9.383           10.349
    8 (vir)     4          13.558          -5.499          -1.881          -8.205           14.383
    9 (vir)     4          15.541          -3.825          -3.573          -9.840           17.983
   10 (vir)     4          15.541          -3.828          -3.573          -9.840           17.981
   11 (vir)     4          16.528          -7.054          -3.012          -9.815           16.278
   12 (vir)     4          17.965          -4.402          -3.483         -10.121           20.202
   13 (vir)     4          17.965          -4.399          -3.483         -10.121           20.204
   14 (vir)     4          19.706          -6.855          -3.058         -10.510           20.302
   15 (vir)     4          29.779          -0.290          -3.001         -10.754           37.243
   16 (vir)     4          29.779          -0.292          -3.001         -10.754           37.241
   17 (vir)     4          33.379          -8.413          -0.556         -11.198           35.608
   18 (vir)     4          33.379          -8.414          -0.556         -11.198           35.607
   19 (vir)     4          37.505          -2.864          -3.785          -9.576           40.431
   20 (vir)     4          41.251          -7.725           9.475          -9.501           52.502
   21 (vir)     4          42.982          -0.011          -1.201          -9.944           51.714
   22 (vir)     4          42.982          -0.015          -1.201          -9.944           51.710
   23 (vir)     4          46.977           5.063           0.539          -9.810           62.389
   24 (vir)     4          46.977           5.062           0.539          -9.810           62.388
   25 (vir)     4          73.135          -1.200           0.998          -8.069           81.003
   26 (vir)     4          87.517          -2.100           5.675          -7.169           98.262
 
 
  kpoint:       5             coordinate:     0.4355    0.4355    0.4355
 
    n           k   ϵ_nk^DFT (eV)     Σ^c_nk (eV)     Σ^x_nk (eV)    v_nk^xc (eV)   ϵ_nk^G0W0 (eV)
 
    1 (occ)     5          -4.631           5.173         -16.239         -10.761           -4.935
    2 (occ)     5          -1.449           3.946         -14.248         -10.307           -1.444
    3 (occ)     5           4.061           7.821         -19.149         -11.000            3.733
    4 (occ)     5           4.061           7.821         -19.149         -11.000            3.733
    5 (vir)     5           6.939         -10.772           2.903          -9.955            9.024
    6 (vir)     5           8.926          -4.407          -3.561          -9.405           10.362
    7 (vir)     5           8.926          -4.407          -3.561          -9.405           10.362
    8 (vir)     5          13.576          -5.539          -1.656          -8.257           14.639
    9 (vir)     5          15.227          -4.661          -2.976          -9.776           17.367
   10 (vir)     5          15.227          -4.663          -2.976          -9.776           17.365
   11 (vir)     5          16.307           2.071          -1.752          -9.832           26.459
   12 (vir)     5          18.387          -0.427          -3.128         -10.184           25.016
   13 (vir)     5          18.387          -0.404          -3.128         -10.184           25.039
   14 (vir)     5          19.850          -6.641          -2.883         -10.448           20.774
   15 (vir)     5          29.551          -0.231          -3.252         -10.722           36.791
   16 (vir)     5          29.551          -0.232          -3.252         -10.722           36.790
   17 (vir)     5          33.439          -2.537           0.434         -11.197           42.532
   18 (vir)     5          33.439          -2.621           0.434         -11.197           42.449
   19 (vir)     5          37.267         -11.953          -0.995          -9.570           33.889
   20 (vir)     5          42.324           3.322          11.525          -9.489           66.660
   21 (vir)     5          43.111          -0.287          -1.388          -9.950           51.387
   22 (vir)     5          43.111          -0.282          -1.388          -9.950           51.391
   23 (vir)     5          47.067          -1.797           7.169          -9.817           62.257
   24 (vir)     5          47.067          -1.802           7.169          -9.817           62.253
   25 (vir)     5          71.548           1.108           1.311          -8.141           82.109
   26 (vir)     5          87.714          -0.250           5.044          -7.156           99.665
 
 
  kpoint:       6             coordinate:     0.4194    0.4194    0.4194
 
    n           k   ϵ_nk^DFT (eV)     Σ^c_nk (eV)     Σ^x_nk (eV)    v_nk^xc (eV)   ϵ_nk^G0W0 (eV)
 
    1 (occ)     6          -4.735           5.312         -16.231         -10.738           -4.915
    2 (occ)     6          -1.285           4.091         -14.432         -10.334           -1.292
    3 (occ)     6           4.079           7.743         -19.061         -10.998            3.759
    4 (occ)     6           4.079           7.743         -19.061         -10.998            3.759
    5 (vir)     6           6.954         -10.806           3.034          -9.955            9.138
    6 (vir)     6           8.934          -4.408          -3.588          -9.432           10.370
    7 (vir)     6           8.934          -4.408          -3.588          -9.432           10.370
    8 (vir)     6          13.595          -4.601          -1.694          -8.333           15.633
    9 (vir)     6          14.924          -4.972          -2.597          -9.715           17.070
   10 (vir)     6          14.924          -4.972          -2.597          -9.715           17.070
   11 (vir)     6          16.065           0.440          -1.462          -9.824           24.868
   12 (vir)     6          18.824          -2.243          -2.895         -10.243           23.929
   13 (vir)     6          18.824          -2.243          -2.895         -10.243           23.930
   14 (vir)     6          19.998          -6.050          -2.842         -10.386           21.493
   15 (vir)     6          29.279           0.015          -3.410         -10.684           36.567
   16 (vir)     6          29.279           0.014          -3.410         -10.684           36.567
   17 (vir)     6          33.503          -5.789           1.045         -11.195           39.955
   18 (vir)     6          33.503          -5.756           1.045         -11.195           39.988
   19 (vir)     6          37.111           0.067           0.601          -9.563           47.343
   20 (vir)     6          43.276          -0.178          -1.556          -9.958           51.501
   21 (vir)     6          43.276          -0.176          -1.555          -9.958           51.503
   22 (vir)     6          43.518           2.166           9.358          -9.472           64.514
   23 (vir)     6          47.184          -2.053          12.069          -9.826           67.025
   24 (vir)     6          47.184          -2.048          12.069          -9.826           67.031
   25 (vir)     6          69.661          -0.056           0.622          -8.227           78.455
   26 (vir)     6          87.879           1.996           2.571          -7.143           99.589
 
 
  kpoint:       7             coordinate:     0.4032    0.4032    0.4032
 
    n           k   ϵ_nk^DFT (eV)     Σ^c_nk (eV)     Σ^x_nk (eV)    v_nk^xc (eV)   ϵ_nk^G0W0 (eV)
 
    1 (occ)     7          -4.849           5.538         -16.277         -10.716           -4.872
    2 (occ)     7          -1.097           4.132         -14.542         -10.361           -1.146
    3 (occ)     7           4.101           7.659         -18.974         -10.995            3.782
    4 (occ)     7           4.101           7.659         -18.974         -10.995            3.782
    5 (vir)     7           6.974         -10.856           3.197          -9.955            9.270
    6 (vir)     7           8.942          -4.410          -3.629          -9.465           10.369
    7 (vir)     7           8.942          -4.410          -3.629          -9.465           10.369
    8 (vir)     7          13.612          -3.479          -2.028          -8.444           16.548
    9 (vir)     7          14.635          -4.949          -2.435          -9.654           16.906
   10 (vir)     7          14.635          -4.949          -2.435          -9.654           16.906
   11 (vir)     7          15.816           0.343          -2.194          -9.782           23.747
   12 (vir)     7          19.270          -2.670          -2.856         -10.299           24.043
   13 (vir)     7          19.270          -2.670          -2.856         -10.299           24.043
   14 (vir)     7          20.139          -6.061          -3.006         -10.326           21.399
   15 (vir)     7          28.974           0.173          -3.486         -10.639           36.300
   16 (vir)     7          28.974           0.173          -3.486         -10.639           36.300
   17 (vir)     7          33.569          -6.552           1.181         -11.192           39.390
   18 (vir)     7          33.569          -6.549           1.181         -11.192           39.393
   19 (vir)     7          37.028           3.157           0.295          -9.555           50.034
   20 (vir)     7          43.477          -0.061          -1.615          -9.967           51.769
   21 (vir)     7          43.477          -0.058          -1.615          -9.967           51.772
   22 (vir)     7          44.814           7.470           3.267          -9.450           65.002
   23 (vir)     7          47.326          -0.241          14.597          -9.836           71.518
   24 (vir)     7          47.326          -0.241          14.597          -9.836           71.518
   25 (vir)     7          67.543           0.300          -1.199          -8.324           74.968
   26 (vir)     7          87.990           7.392          -1.521          -7.132          100.994
 
 
  kpoint:       8             coordinate:     0.3871    0.3871    0.3871
 
    n           k   ϵ_nk^DFT (eV)     Σ^c_nk (eV)     Σ^x_nk (eV)    v_nk^xc (eV)   ϵ_nk^G0W0 (eV)
 
    1 (occ)     8          -4.968           5.831         -16.350         -10.696           -4.792
    2 (occ)     8          -0.890           4.171         -14.625         -10.387           -0.956
    3 (occ)     8           4.128           7.572         -18.891         -10.993            3.802
    4 (occ)     8           4.128           7.572         -18.891         -10.993            3.802
    5 (vir)     8           6.996         -10.935           3.400          -9.956            9.417
    6 (vir)     8           8.951          -4.412          -3.686          -9.504           10.357
    7 (vir)     8           8.951          -4.412          -3.686          -9.504           10.357
    8 (vir)     8          13.619          -4.246          -2.598          -8.605           15.379
    9 (vir)     8          14.362          -5.009          -2.434          -9.594           16.513
   10 (vir)     8          14.362          -5.009          -2.434          -9.594           16.513
   11 (vir)     8          15.574           0.751          -3.587          -9.688           22.427
   12 (vir)     8          19.716          -3.755          -2.950         -10.351           23.362
   13 (vir)     8          19.716          -3.755          -2.950         -10.351           23.362
   14 (vir)     8          20.268          -6.558          -3.341         -10.266           20.636
   15 (vir)     8          28.648           0.110          -3.492         -10.592           35.858
   16 (vir)     8          28.648           0.110          -3.492         -10.592           35.858
   17 (vir)     8          33.631          -6.071           0.886         -11.188           39.634
   18 (vir)     8          33.631          -6.069           0.886         -11.188           39.636
   19 (vir)     8          37.009           5.455          -1.761          -9.544           50.246
   20 (vir)     8          43.713           0.668          -1.439          -9.978           52.919
   21 (vir)     8          43.713           0.667          -1.439          -9.978           52.918
   22 (vir)     8          46.187          12.853          -4.797          -9.421           63.664
   23 (vir)     8          47.493          -1.104          15.162          -9.847           71.397
   24 (vir)     8          47.493          -1.104          15.162          -9.847           71.397
   25 (vir)     8          65.265           4.651          -3.800          -8.430           74.545
   26 (vir)     8          88.033           9.278          -6.317          -7.124           98.119
 
 
  kpoint:       9             coordinate:     0.3710    0.3710    0.3710
 
    n           k   ϵ_nk^DFT (eV)     Σ^c_nk (eV)     Σ^x_nk (eV)    v_nk^xc (eV)   ϵ_nk^G0W0 (eV)
 
    1 (occ)     9          -5.091           6.108         -16.425         -10.677           -4.731
    2 (occ)     9          -0.667           4.170         -14.731         -10.412           -0.815
    3 (occ)     9           4.159           7.482         -18.808         -10.989            3.822
    4 (occ)     9           4.159           7.482         -18.808         -10.989            3.822
    5 (vir)     9           7.023         -11.057           3.650          -9.957            9.574
    6 (vir)     9           8.958          -4.410          -3.760          -9.549           10.337
    7 (vir)     9           8.958          -4.410          -3.760          -9.549           10.337
    8 (vir)     9          13.608          -4.367          -3.307          -8.834           14.768
    9 (vir)     9          14.104          -5.226          -2.516          -9.534           15.897
   10 (vir)     9          14.104          -5.226          -2.516          -9.534           15.898
   11 (vir)     9          15.355           0.909          -5.002          -9.527           20.789
   12 (vir)     9          20.152          -5.503          -3.019         -10.397           22.027
   13 (vir)     9          20.152          -5.503          -3.019         -10.397           22.027
   14 (vir)     9          20.379          -6.636          -3.728         -10.206           20.221
   15 (vir)     9          28.317          -0.002          -3.420         -10.543           35.438
   16 (vir)     9          28.317          -0.002          -3.420         -10.543           35.438
   17 (vir)     9          33.689          -6.580           0.296         -11.183           38.588
   18 (vir)     9          33.689          -6.581           0.296         -11.183           38.588
   19 (vir)     9          37.046           8.056          -4.685          -9.531           49.948
   20 (vir)     9          43.982           1.525          -0.878          -9.990           54.618
   21 (vir)     9          43.982           1.504          -0.879          -9.990           54.597
   22 (vir)     9          47.601          -0.462         -11.890          -9.381           44.631
   23 (vir)     9          47.685          -1.762          14.923          -9.859           70.705
   24 (vir)     9          47.685          -1.762          14.923          -9.859           70.705
   25 (vir)     9          62.898           6.050          -6.481          -8.546           71.013
   26 (vir)     9          88.002          10.734         -10.507          -7.119           95.348
 
 
  kpoint:      10             coordinate:     0.3548    0.3548    0.3548
 
    n           k   ϵ_nk^DFT (eV)     Σ^c_nk (eV)     Σ^x_nk (eV)    v_nk^xc (eV)   ϵ_nk^G0W0 (eV)
 
    1 (occ)    10          -5.215           5.690         -16.490         -10.660           -5.355
    2 (occ)    10          -0.430           4.217         -14.882         -10.437           -0.658
    3 (occ)    10           4.194           7.387         -18.723         -10.986            3.843
    4 (occ)    10           4.194           7.387         -18.723         -10.986            3.843
    5 (vir)    10           7.053         -11.237           3.958          -9.959            9.733
    6 (vir)    10           8.964          -4.399          -3.851          -9.598           10.312
    7 (vir)    10           8.964          -4.399          -3.851          -9.598           10.312
    8 (vir)    10          13.564          -4.373          -4.061          -9.139           14.270
    9 (vir)    10          13.864          -5.488          -2.616          -9.475           15.236
   10 (vir)    10          13.864          -5.488          -2.616          -9.475           15.236
   11 (vir)    10          15.175           0.915          -5.784          -9.289           19.595
   12 (vir)    10          20.471          -7.099          -4.017         -10.145           19.500
   13 (vir)    10          20.565          -6.814          -2.907         -10.433           21.276
   14 (vir)    10          20.565          -6.812          -2.907         -10.433           21.278
   15 (vir)    10          27.997           0.033          -3.240         -10.497           35.287
   16 (vir)    10          27.997           0.033          -3.240         -10.497           35.287
   17 (vir)    10          33.741          -7.448          -0.416         -11.176           37.053
   18 (vir)    10          33.741          -7.449          -0.416         -11.176           37.052
   19 (vir)    10          37.135           8.855          -7.266          -9.516           48.239
   20 (vir)    10          44.281           0.540           0.226         -10.004           55.050
   21 (vir)    10          44.281           0.550           0.226         -10.004           55.060
   22 (vir)    10          47.902          -2.633          15.183          -9.870           70.322
   23 (vir)    10          47.902          -2.634          15.183          -9.870           70.321
   24 (vir)    10          49.006           0.148         -15.234          -9.322           43.243
   25 (vir)    10          60.521           7.844          -8.523          -8.680           68.522
   26 (vir)    10          87.893          10.903         -12.831          -7.117           93.081
 
 
  kpoint:      11             coordinate:     0.3387    0.3387    0.3387
 
    n           k   ϵ_nk^DFT (eV)     Σ^c_nk (eV)     Σ^x_nk (eV)    v_nk^xc (eV)   ϵ_nk^G0W0 (eV)
 
    1 (occ)    11          -5.338           6.133         -16.547         -10.645           -5.107
    2 (occ)    11          -0.181           4.234         -15.048         -10.460           -0.534
    3 (occ)    11           4.233           7.290         -18.642         -10.982            3.863
    4 (occ)    11           4.233           7.290         -18.642         -10.982            3.863
    5 (vir)    11           7.087         -11.493           4.329          -9.962            9.884
    6 (vir)    11           8.966          -4.371          -3.958          -9.652           10.290
    7 (vir)    11           8.966          -4.371          -3.958          -9.652           10.290
    8 (vir)    11          13.473          -4.888          -4.728          -9.496           13.353
    9 (vir)    11          13.643          -5.615          -2.707          -9.417           14.738
   10 (vir)    11          13.643          -5.614          -2.707          -9.417           14.738
   11 (vir)    11          15.050           1.089          -5.597          -9.002           19.545
   12 (vir)    11          20.542          -6.474          -4.080         -10.081           20.069
   13 (vir)    11          20.936          -7.578          -2.553         -10.454           21.260
   14 (vir)    11          20.936          -7.563          -2.553         -10.454           21.275
   15 (vir)    11          27.709           1.347          -2.926         -10.459           36.588
   16 (vir)    11          27.709           1.347          -2.926         -10.459           36.588
   17 (vir)    11          33.786          -8.882          -1.102         -11.169           34.971
   18 (vir)    11          33.786          -8.883          -1.102         -11.169           34.970
   19 (vir)    11          37.271           8.292          -8.438          -9.498           46.623
   20 (vir)    11          44.606          -0.553           2.002         -10.019           56.076
   21 (vir)    11          44.606          -0.549           2.002         -10.019           56.079
   22 (vir)    11          48.145          -3.324          16.721          -9.881           71.422
   23 (vir)    11          48.145          -3.326          16.721          -9.881           71.420
   24 (vir)    11          50.328          11.826         -13.380          -9.220           57.995
   25 (vir)    11          58.229           9.638          -9.500          -8.853           67.220
   26 (vir)    11          87.703           9.961         -12.526          -7.118           92.256
 
 
  kpoint:      12             coordinate:     0.3226    0.3226    0.3226
 
    n           k   ϵ_nk^DFT (eV)     Σ^c_nk (eV)     Σ^x_nk (eV)    v_nk^xc (eV)   ϵ_nk^G0W0 (eV)
 
    1 (occ)    12          -5.459           6.793         -16.611         -10.631           -4.646
    2 (occ)    12           0.079           4.290         -15.146         -10.482           -0.294
    3 (occ)    12           4.277           7.197         -18.580         -10.978            3.871
    4 (occ)    12           4.277           7.197         -18.580         -10.978            3.871
    5 (vir)    12           7.124         -11.835           4.763          -9.966           10.018
    6 (vir)    12           8.965          -4.316          -4.081          -9.709           10.277
    7 (vir)    12           8.965          -4.316          -4.081          -9.709           10.277
    8 (vir)    12          13.329          -3.873          -5.099          -9.838           14.195
    9 (vir)    12          13.440          -5.573          -2.797          -9.360           14.430
   10 (vir)    12          13.440          -5.573          -2.797          -9.360           14.431
   11 (vir)    12          14.990          -3.559          -4.634          -8.729           15.526
   12 (vir)    12          20.593          -5.708          -3.862         -10.014           21.036
   13 (vir)    12          21.241          -7.815          -2.038         -10.455           21.843
   14 (vir)    12          21.241          -7.817          -2.038         -10.455           21.841
   15 (vir)    12          27.477          -7.714          -2.480         -10.435           27.718
   16 (vir)    12          27.477          -7.715          -2.480         -10.435           27.717
   17 (vir)    12          33.823         -10.774          -1.667         -11.162           32.544
   18 (vir)    12          33.823         -10.774          -1.667         -11.162           32.544
   19 (vir)    12          37.451           8.202          -7.670          -9.479           47.462
   20 (vir)    12          44.954          -1.337           4.496         -10.037           58.151
   21 (vir)    12          44.954          -1.336           4.496         -10.037           58.151
   22 (vir)    12          48.413          -4.034          19.375          -9.891           73.646
   23 (vir)    12          48.413          -4.035          19.375          -9.891           73.644
   24 (vir)    12          51.388           4.793          -7.059          -9.000           58.121
   25 (vir)    12          56.216          11.803          -9.173          -9.143           67.990
   26 (vir)    12          87.430           8.036          -9.597          -7.123           92.993
 
 
  kpoint:      13             coordinate:     0.3065    0.3065    0.3065
 
    n           k   ϵ_nk^DFT (eV)     Σ^c_nk (eV)     Σ^x_nk (eV)    v_nk^xc (eV)   ϵ_nk^G0W0 (eV)
 
    1 (occ)    13          -5.577           7.214         -16.695         -10.618           -4.440
    2 (occ)    13           0.348           4.228         -15.063         -10.505            0.018
    3 (occ)    13           4.324           7.121         -18.569         -10.974            3.850
    4 (occ)    13           4.324           7.121         -18.569         -10.974            3.850
    5 (vir)    13           7.165         -12.267           5.254          -9.971           10.123
    6 (vir)    13           8.958          -4.228          -4.215          -9.769           10.284
    7 (vir)    13           8.958          -4.228          -4.215          -9.769           10.284
    8 (vir)    13          13.135          -4.357          -5.062         -10.111           13.827
    9 (vir)    13          13.259          -5.354          -2.913          -9.307           14.298
   10 (vir)    13          13.259          -5.354          -2.913          -9.307           14.298
   11 (vir)    13          14.990          -4.687          -3.415          -8.526           15.414
   12 (vir)    13          20.623           2.955          -3.401          -9.943           30.120
   13 (vir)    13          21.456          -8.083          -1.549         -10.427           22.250
   14 (vir)    13          21.456          -8.085          -1.549         -10.427           22.248
   15 (vir)    13          27.330          -2.592          -1.961         -10.432           33.209
   16 (vir)    13          27.330          -2.634          -1.961         -10.432           33.166
   17 (vir)    13          33.853           1.761          -2.084         -11.154           44.684
   18 (vir)    13          33.853           1.766          -2.084         -11.154           44.689
   19 (vir)    13          37.674           6.076          -5.124          -9.458           48.085
   20 (vir)    13          45.317          -1.895           7.586         -10.057           61.066
   21 (vir)    13          45.317          -1.900           7.586         -10.057           61.061
   22 (vir)    13          48.706          -6.263          22.081          -9.900           74.424
   23 (vir)    13          48.706          -6.264          22.081          -9.900           74.424
   24 (vir)    13          51.576           1.426          -1.765          -8.623           59.860
   25 (vir)    13          55.098          12.213          -4.614          -9.588           72.284
   26 (vir)    13          87.073           5.505          -4.817          -7.132           94.893
 
 
  kpoint:      14             coordinate:     0.2903    0.2903    0.2903
 
    n           k   ϵ_nk^DFT (eV)     Σ^c_nk (eV)     Σ^x_nk (eV)    v_nk^xc (eV)   ϵ_nk^G0W0 (eV)
 
    1 (occ)    14          -5.691           7.505         -16.808         -10.607           -4.387
    2 (occ)    14           0.625           4.079         -14.695         -10.526            0.535
    3 (occ)    14           4.376           7.087         -18.653         -10.970            3.780
    4 (occ)    14           4.376           7.087         -18.653         -10.970            3.780
    5 (vir)    14           7.209         -12.781           5.784          -9.977           10.190
    6 (vir)    14           8.944          -4.110          -4.348          -9.828           10.314
    7 (vir)    14           8.944          -4.110          -4.348          -9.828           10.314
    8 (vir)    14          12.905          -4.831          -4.802         -10.308           13.580
    9 (vir)    14          13.098          -5.127          -3.074          -9.257           14.155
   10 (vir)    14          13.098          -5.126          -3.074          -9.257           14.155
   11 (vir)    14          15.038          -5.267          -2.392          -8.401           15.779
   12 (vir)    14          20.635           3.280          -2.819          -9.868           30.964
   13 (vir)    14          21.557          -8.231          -1.262         -10.367           22.430
   14 (vir)    14          21.557          -8.234          -1.262         -10.367           22.428
   15 (vir)    14          27.288           0.286          -1.502         -10.453           36.524
   16 (vir)    14          27.288           0.281          -1.502         -10.453           36.520
   17 (vir)    14          33.875          -0.735          -2.383         -11.146           41.903
   18 (vir)    14          33.876          -0.728          -2.383         -11.146           41.910
   19 (vir)    14          37.941           2.560          -1.558          -9.435           48.379
   20 (vir)    14          45.689          -2.953          10.902         -10.079           63.717
   21 (vir)    14          45.689          -2.959          10.902         -10.079           63.711
   22 (vir)    14          49.024          -1.780          23.354          -9.908           80.506
   23 (vir)    14          49.024          -1.088          23.354          -9.908           81.197
   24 (vir)    14          50.390           1.180          -1.845          -8.607           58.332
   25 (vir)    14          55.377           4.823           5.037          -9.672           74.908
   26 (vir)    14          86.630           2.340           0.550          -7.143           96.663
 
 
  kpoint:      15             coordinate:     0.2742    0.2742    0.2742
 
    n           k   ϵ_nk^DFT (eV)     Σ^c_nk (eV)     Σ^x_nk (eV)    v_nk^xc (eV)   ϵ_nk^G0W0 (eV)
 
    1 (occ)    15          -5.801           7.725         -16.943         -10.597           -4.422
    2 (occ)    15           0.909           3.749         -13.994         -10.548            1.212
    3 (occ)    15           4.432           7.147         -18.889         -10.966            3.656
    4 (occ)    15           4.432           7.147         -18.889         -10.966            3.656
    5 (vir)    15           7.257          -6.059           6.329          -9.985           17.512
    6 (vir)    15           8.923          -3.982          -4.458          -9.886           10.368
    7 (vir)    15           8.923          -3.982          -4.458          -9.886           10.368
    8 (vir)    15          12.650          -5.219          -4.665         -10.446           13.212
    9 (vir)    15          12.961          -4.838          -3.275          -9.214           14.062
   10 (vir)    15          12.961          -4.838          -3.275          -9.214           14.062
   11 (vir)    15          15.122          -5.564          -1.798          -8.335           16.095
   12 (vir)    15          20.632          -7.106          -2.294          -9.790           21.022
   13 (vir)    15          21.535          -8.236          -1.234         -10.278           22.344
   14 (vir)    15          21.535          -8.239          -1.234         -10.278           22.341
   15 (vir)    15          27.362          -8.586          -1.279         -10.495           27.992
   16 (vir)    15          27.362          -8.590          -1.279         -10.495           27.987
   17 (vir)    15          33.891          -0.141          -2.621         -11.138           42.266
   18 (vir)    15          33.891          -0.140          -2.621         -11.138           42.266
   19 (vir)    15          38.252           0.023           1.980          -9.411           49.666
   20 (vir)    15          46.062          -6.067          13.797         -10.104           63.897
   21 (vir)    15          46.062          -6.060          13.797         -10.104           63.903
   22 (vir)    15          48.740           2.013          -1.682          -8.733           57.804
   23 (vir)    15          49.364          -6.211          22.012          -9.915           75.080
   24 (vir)    15          49.364          -3.541          22.012          -9.915           77.750
   25 (vir)    15          56.136          -0.721          11.189          -9.618           76.221
   26 (vir)    15          86.097           0.228           5.199          -7.158           98.682
 
 
  kpoint:      16             coordinate:     0.2581    0.2581    0.2581
 
    n           k   ϵ_nk^DFT (eV)     Σ^c_nk (eV)     Σ^x_nk (eV)    v_nk^xc (eV)   ϵ_nk^G0W0 (eV)
 
    1 (occ)    16          -5.906           7.898         -17.084         -10.588           -4.504
    2 (occ)    16           1.200           3.231         -12.997         -10.570            2.003
    3 (occ)    16           4.492           7.345         -19.330         -10.963            3.470
    4 (occ)    16           4.492           7.345         -19.330         -10.963            3.470
    5 (vir)    16           7.308          -6.049           6.858          -9.995           18.111
    6 (vir)    16           8.892          -3.835          -4.504          -9.940           10.494
    7 (vir)    16           8.892          -3.835          -4.504          -9.940           10.494
    8 (vir)    16          12.378          -5.128          -4.902         -10.545           12.893
    9 (vir)    16          12.847          -4.430          -3.484          -9.178           14.112
   10 (vir)    16          12.847          -4.430          -3.484          -9.178           14.112
   11 (vir)    16          15.233          -5.681          -1.664          -8.308           16.196
   12 (vir)    16          20.616          -8.235          -1.998          -9.709           20.092
   13 (vir)    16          21.399          -8.236          -1.400         -10.171           21.933
   14 (vir)    16          21.399          -8.238          -1.400         -10.171           21.931
   15 (vir)    16          27.541          -8.444          -1.410         -10.548           28.235
   16 (vir)    16          27.541          -8.446          -1.410         -10.548           28.234
   17 (vir)    16          33.898           0.027          -2.852         -11.130           42.204
   18 (vir)    16          33.898           0.027          -2.852         -11.130           42.204
   19 (vir)    16          38.607           0.190           4.526          -9.384           52.708
   20 (vir)    16          46.431          -8.731          15.463         -10.130           63.294
   21 (vir)    16          46.431         -12.977          15.463         -10.130           59.047
   22 (vir)    16          47.107           1.580          -1.294          -8.845           56.238
   23 (vir)    16          49.723          -7.088          17.774          -9.921           70.329
   24 (vir)    16          49.723          -4.422          17.774          -9.921           72.995
   25 (vir)    16          56.883          -5.419          12.450          -9.584           73.498
   26 (vir)    16          85.471           4.459           8.230          -7.176          105.335
 
 
  kpoint:      17             coordinate:     0.2419    0.2419    0.2419
 
    n           k   ϵ_nk^DFT (eV)     Σ^c_nk (eV)     Σ^x_nk (eV)    v_nk^xc (eV)   ϵ_nk^G0W0 (eV)
 
    1 (occ)    17          -6.006           8.144         -17.208         -10.579           -4.491
    2 (occ)    17           1.497           2.581         -11.838         -10.592            2.832
    3 (occ)    17           4.555           7.720         -20.019         -10.960            3.215
    4 (occ)    17           4.555           7.720         -20.019         -10.960            3.215
    5 (vir)    17           7.361          -5.776           7.335         -10.007           18.927
    6 (vir)    17           8.852          -3.785          -4.425          -9.988           10.630
    7 (vir)    17           8.852          -3.785          -4.425          -9.988           10.630
    8 (vir)    17          12.096          -4.389          -5.520         -10.621           12.809
    9 (vir)    17          12.758          -4.031          -3.658          -9.153           14.221
   10 (vir)    17          12.758          -4.031          -3.658          -9.153           14.221
   11 (vir)    17          15.365          -5.881          -1.870          -8.304           15.918
   12 (vir)    17          20.593          -6.364          -2.037          -9.625           21.818
   13 (vir)    17          21.170          -8.616          -1.658         -10.054           20.951
   14 (vir)    17          21.170          -8.561          -1.658         -10.054           21.005
   15 (vir)    17          27.805          -8.313          -1.860         -10.603           28.236
   16 (vir)    17          27.805          -8.314          -1.860         -10.603           28.235
   17 (vir)    17          33.899           0.054          -3.098         -11.124           41.978
   18 (vir)    17          33.899           0.053          -3.098         -11.124           41.977
   19 (vir)    17          39.008          -9.581           5.513          -9.354           44.293
   20 (vir)    17          45.605         -10.784          -1.070          -8.946           42.697
   21 (vir)    17          46.790         -12.095          15.202         -10.157           60.054
   22 (vir)    17          46.790         -11.435          15.202         -10.157           60.714
   23 (vir)    17          50.095         -10.003          11.414          -9.926           61.431
   24 (vir)    17          50.095          -8.027          11.414          -9.926           63.408
   25 (vir)    17          57.491          -7.243           9.671          -9.572           69.491
   26 (vir)    17          84.749          -1.226           9.415          -7.196          100.134
 
 
  kpoint:      18             coordinate:     0.2258    0.2258    0.2258
 
    n           k   ϵ_nk^DFT (eV)     Σ^c_nk (eV)     Σ^x_nk (eV)    v_nk^xc (eV)   ϵ_nk^G0W0 (eV)
 
    1 (occ)    18          -6.100           8.066         -17.294         -10.571           -4.757
    2 (occ)    18           1.798           1.809         -10.727         -10.615            3.495
    3 (occ)    18           4.621           8.297         -20.977         -10.958            2.899
    4 (occ)    18           4.621           8.297         -20.977         -10.958            2.899
    5 (vir)    18           7.418          -5.577           7.727         -10.020           19.588
    6 (vir)    18           8.802          -3.819          -4.150         -10.029           10.862
    7 (vir)    18           8.802          -3.819          -4.150         -10.029           10.862
    8 (vir)    18          11.807          -4.241          -6.290         -10.681           11.957
    9 (vir)    18          12.693          -3.794          -3.764          -9.139           14.274
   10 (vir)    18          12.693          -3.794          -3.764          -9.139           14.275
   11 (vir)    18          15.513          -5.943          -2.210          -8.316           15.675
   12 (vir)    18          20.571          -7.122          -2.410          -9.540           20.579
   13 (vir)    18          20.874          -7.596          -1.923          -9.935           21.290
   14 (vir)    18          20.874          -7.596          -1.923          -9.935           21.291
   15 (vir)    18          28.127          -8.049          -2.441         -10.653           28.291
   16 (vir)    18          28.127          -8.049          -2.441         -10.653           28.290
   17 (vir)    18          33.892          -0.052          -3.347         -11.118           41.610
   18 (vir)    18          33.892          -0.053          -3.347         -11.118           41.610
   19 (vir)    18          39.447         -10.102           4.920          -9.315           43.580
   20 (vir)    18          44.271          -6.131          -1.048          -9.046           46.138
   21 (vir)    18          47.133         -14.839          12.758         -10.186           55.238
   22 (vir)    18          47.133         -13.870          12.758         -10.186           56.207
   23 (vir)    18          50.474         -13.109           4.410          -9.930           51.706
   24 (vir)    18          50.474         -12.119           4.410          -9.930           52.695
   25 (vir)    18          57.916         -11.197           4.757          -9.578           61.054
   26 (vir)    18          83.928          -8.952           9.194          -7.218           91.388
 
 
  kpoint:      19             coordinate:     0.2097    0.2097    0.2097
 
    n           k   ϵ_nk^DFT (eV)     Σ^c_nk (eV)     Σ^x_nk (eV)    v_nk^xc (eV)   ϵ_nk^G0W0 (eV)
 
    1 (occ)    19          -6.188           7.841         -17.329         -10.564           -5.111
    2 (occ)    19           2.105           0.980          -9.898         -10.638            3.824
    3 (occ)    19           4.690           9.137         -22.191         -10.957            2.594
    4 (occ)    19           4.690           9.137         -22.191         -10.957            2.594
    5 (vir)    19           7.477          -5.517           8.008         -10.035           20.003
    6 (vir)    19           8.742          -4.046          -3.607         -10.061           11.150
    7 (vir)    19           8.742          -4.046          -3.607         -10.061           11.150
    8 (vir)    19          11.513          -4.022          -6.875         -10.731           11.347
    9 (vir)    19          12.653          -3.858          -3.789          -9.138           14.144
   10 (vir)    19          12.653          -3.858          -3.789          -9.138           14.144
   11 (vir)    19          15.672          -5.915          -2.472          -8.336           15.620
   12 (vir)    19          20.535          -7.273          -2.149          -9.818           20.931
   13 (vir)    19          20.535          -7.272          -2.149          -9.818           20.932
   14 (vir)    19          20.557          -7.369          -2.998          -9.455           19.644
   15 (vir)    19          28.483          -7.510          -2.917         -10.694           28.751
   16 (vir)    19          28.483          -7.510          -2.917         -10.694           28.750
   17 (vir)    19          33.878          -0.021          -3.554         -11.113           41.417
   18 (vir)    19          33.878          -0.022          -3.554         -11.113           41.416
   19 (vir)    19          39.898         -14.720           3.229          -9.255           37.663
   20 (vir)    19          43.136           0.673          -1.196          -9.164           51.778
   21 (vir)    19          47.457         -14.678           8.511         -10.214           51.504
   22 (vir)    19          47.457         -13.704           8.511         -10.214           52.478
   23 (vir)    19          50.851         -13.467          -1.689          -9.934           45.629
   24 (vir)    19          50.851         -13.165          -1.689          -9.934           45.931
   25 (vir)    19          58.138         -11.894           0.015          -9.600           55.858
   26 (vir)    19          83.003          -8.851           8.408          -7.242           89.801
 
 
  kpoint:      20             coordinate:     0.1935    0.1935    0.1935
 
    n           k   ϵ_nk^DFT (eV)     Σ^c_nk (eV)     Σ^x_nk (eV)    v_nk^xc (eV)   ϵ_nk^G0W0 (eV)
 
    1 (occ)    20          -6.271           7.704         -17.309         -10.558           -5.317
    2 (occ)    20           2.414           0.184          -9.546         -10.662            3.714
    3 (occ)    20           4.762          10.215         -23.612         -10.957            2.322
    4 (occ)    20           4.762          10.215         -23.612         -10.957            2.322
    5 (vir)    20           7.537          -5.321           8.161         -10.052           20.429
    6 (vir)    20           8.673          -4.550          -2.744         -10.083           11.462
    7 (vir)    20           8.673          -4.550          -2.744         -10.083           11.462
    8 (vir)    20          11.217          -3.883          -6.986         -10.772           11.119
    9 (vir)    20          12.636          -3.335          -3.751          -9.150           14.700
   10 (vir)    20          12.636          -3.334          -3.751          -9.150           14.701
   11 (vir)    20          15.841          -5.863          -2.522          -8.361           15.816
   12 (vir)    20          20.171          -6.924          -2.314          -9.702           20.635
   13 (vir)    20          20.171          -6.923          -2.314          -9.702           20.636
   14 (vir)    20          20.562          -7.488          -3.611          -9.371           18.834
   15 (vir)    20          28.854          -6.357          -3.122         -10.727           30.102
   16 (vir)    20          28.854          -6.365          -3.122         -10.727           30.094
   17 (vir)    20          33.858          -0.006          -3.659         -11.109           41.302
   18 (vir)    20          33.858          -0.009          -3.659         -11.109           41.299
   19 (vir)    20          40.236          -9.145           1.251          -9.147           41.488
   20 (vir)    20          42.321           5.077          -1.546          -9.331           55.183
   21 (vir)    20          47.761          -8.407           3.358         -10.242           52.954
   22 (vir)    20          47.761          -6.914           3.358         -10.242           54.447
   23 (vir)    20          51.218         -12.083          -5.838          -9.938           43.235
   24 (vir)    20          51.218         -12.082          -5.838          -9.938           43.236
   25 (vir)    20          58.147          -4.339          -2.673          -9.635           60.771
   26 (vir)    20          81.971           8.566           7.895          -7.266          105.698
 
 
  kpoint:      21             coordinate:     0.1774    0.1774    0.1774
 
    n           k   ϵ_nk^DFT (eV)     Σ^c_nk (eV)     Σ^x_nk (eV)    v_nk^xc (eV)   ϵ_nk^G0W0 (eV)
 
    1 (occ)    21          -6.347           7.358         -17.244         -10.552           -5.681
    2 (occ)    21           2.726          -0.433          -9.771         -10.688            3.209
    3 (occ)    21           4.835          11.498         -25.163         -10.959            2.130
    4 (occ)    21           4.835          11.498         -25.163         -10.959            2.130
    5 (vir)    21           7.598          -5.408           8.179         -10.069           20.439
    6 (vir)    21           8.596          -5.390          -1.549         -10.096           11.752
    7 (vir)    21           8.596          -5.390          -1.549         -10.096           11.752
    8 (vir)    21          10.918          -4.051          -6.509         -10.808           11.166
    9 (vir)    21          12.641          -3.437          -3.690          -9.175           14.689
   10 (vir)    21          12.641          -3.437          -3.690          -9.175           14.689
   11 (vir)    21          16.015          -5.823          -2.344          -8.389           16.237
   12 (vir)    21          19.798          -6.571          -2.416          -9.589           20.400
   13 (vir)    21          19.798          -6.568          -2.416          -9.589           20.403
   14 (vir)    21          20.600          -7.499          -4.050          -9.289           18.340
   15 (vir)    21          29.226          -5.909          -3.025         -10.752           31.044
   16 (vir)    21          29.226          -5.915          -3.025         -10.752           31.038
   17 (vir)    21          33.830           0.421          -3.614         -11.107           41.744
   18 (vir)    21          33.830           0.422          -3.614         -11.107           41.745
   19 (vir)    21          40.100          -8.007          -0.173          -9.077           40.997
   20 (vir)    21          42.174          -8.893          -2.191          -9.462           40.553
   21 (vir)    21          48.044          -7.610          -1.658         -10.269           49.045
   22 (vir)    21          48.044          -6.630          -1.658         -10.269           50.024
   23 (vir)    21          51.567          -3.328          -7.737          -9.941           50.443
   24 (vir)    21          51.567          -3.309          -7.737          -9.941           50.461
   25 (vir)    21          57.943          -4.153          -2.442          -9.683           61.030
   26 (vir)    21          80.831           3.072           8.125          -7.291           99.319
 
 
  kpoint:      22             coordinate:     0.1613    0.1613    0.1613
 
    n           k   ϵ_nk^DFT (eV)     Σ^c_nk (eV)     Σ^x_nk (eV)    v_nk^xc (eV)   ϵ_nk^G0W0 (eV)
 
    1 (occ)    22          -6.417           7.021         -17.148         -10.547           -5.997
    2 (occ)    22           3.040          -0.755         -10.541         -10.714            2.457
    3 (occ)    22           4.910          12.918         -26.746         -10.963            2.045
    4 (occ)    22           4.910          12.918         -26.746         -10.963            2.045
    5 (vir)    22           7.659          -4.952           8.065         -10.087           20.859
    6 (vir)    22           8.512          -6.569          -0.058         -10.100           11.987
    7 (vir)    22           8.512          -6.569          -0.058         -10.100           11.987
    8 (vir)    22          10.619          -4.575          -5.532         -10.838           11.350
    9 (vir)    22          12.666          -3.508          -3.653          -9.211           14.716
   10 (vir)    22          12.666          -3.508          -3.653          -9.211           14.717
   11 (vir)    22          16.189          -5.634          -2.033          -8.420           16.942
   12 (vir)    22          19.426          -6.040          -2.457          -9.477           20.406
   13 (vir)    22          19.426          -6.037          -2.457          -9.477           20.409
   14 (vir)    22          20.684          -7.347          -4.192          -9.209           18.355
   15 (vir)    22          29.589           0.264          -2.725         -10.770           37.898
   16 (vir)    22          29.589           0.203          -2.725         -10.770           37.837
   17 (vir)    22          33.796           0.302          -3.397         -11.106           41.807
   18 (vir)    22          33.796           0.304          -3.397         -11.106           41.808
   19 (vir)    22          39.490         -11.459          -0.895          -9.147           36.283
   20 (vir)    22          42.680          -9.209          -2.760          -9.461           40.172
   21 (vir)    22          48.304          -0.243          -5.764         -10.295           52.591
   22 (vir)    22          48.304          -0.242          -5.764         -10.295           52.592
   23 (vir)    22          51.890           0.252          -7.748          -9.944           54.338
   24 (vir)    22          51.890           0.255          -7.748          -9.944           54.341
   25 (vir)    22          57.531          -2.084           0.396          -9.741           65.584
   26 (vir)    22          79.583          -3.353           9.021          -7.314           92.565
 
 
  kpoint:      23             coordinate:     0.1452    0.1452    0.1452
 
    n           k   ϵ_nk^DFT (eV)     Σ^c_nk (eV)     Σ^x_nk (eV)    v_nk^xc (eV)   ϵ_nk^G0W0 (eV)
 
    1 (occ)    23          -6.481           6.614         -17.039         -10.543           -6.363
    2 (occ)    23           3.353          -0.596         -11.698         -10.742            1.802
    3 (occ)    23           4.984           6.790         -28.259         -10.968           -5.517
    4 (occ)    23           4.984           4.269         -28.259         -10.968           -8.037
    5 (vir)    23           7.719          -5.228           7.824         -10.105           20.420
    6 (vir)    23           8.425          -8.018           1.650         -10.097           12.154
    7 (vir)    23           8.425          -8.018           1.650         -10.097           12.154
    8 (vir)    23          10.321          -5.291          -4.293         -10.864           11.600
    9 (vir)    23          12.708          -3.568          -3.681          -9.259           14.718
   10 (vir)    23          12.708          -3.568          -3.681          -9.259           14.717
   11 (vir)    23          16.361          -5.750          -1.730          -8.451           17.332
   12 (vir)    23          19.064          -6.276          -2.447          -9.367           19.707
   13 (vir)    23          19.064          -6.287          -2.447          -9.367           19.696
   14 (vir)    23          20.831          -6.741          -4.041          -9.131           19.180
   15 (vir)    23          29.936           1.242          -2.386         -10.781           39.573
   16 (vir)    23          29.936           1.241          -2.386         -10.781           39.572
   17 (vir)    23          33.755          -4.924          -3.023         -11.107           36.914
   18 (vir)    23          33.755          -4.938          -3.023         -11.107           36.900
   19 (vir)    23          38.753          -8.802          -1.374          -9.235           37.812
   20 (vir)    23          43.468          -8.998          -2.579          -9.453           41.344
   21 (vir)    23          48.541           0.137          -8.701         -10.320           50.297
   22 (vir)    23          48.541           0.137          -8.701         -10.320           50.297
   23 (vir)    23          52.182           0.017          -6.585          -9.947           55.561
   24 (vir)    23          52.182           0.017          -6.585          -9.947           55.561
   25 (vir)    23          56.930          -3.350           4.617          -9.808           68.004
   26 (vir)    23          78.228         -11.985          10.043          -7.334           83.620
 
 
  kpoint:      24             coordinate:     0.1290    0.1290    0.1290
 
    n           k   ϵ_nk^DFT (eV)     Σ^c_nk (eV)     Σ^x_nk (eV)    v_nk^xc (eV)   ϵ_nk^G0W0 (eV)
 
    1 (occ)    24          -6.538           6.270         -16.932         -10.539           -6.661
    2 (occ)    24           3.664          -0.017         -12.997         -10.773            1.423
    3 (occ)    24           5.058           7.329         -29.616         -10.976           -6.253
    4 (occ)    24           5.058           4.527         -29.616         -10.976           -9.054
    5 (vir)    24           7.777          -5.305           7.455         -10.120           20.047
    6 (vir)    24           8.336          -9.673           3.461         -10.088           12.212
    7 (vir)    24           8.336          -9.673           3.461         -10.088           12.212
    8 (vir)    24          10.025          -6.084          -3.056         -10.886           11.771
    9 (vir)    24          12.764          -3.468          -3.802          -9.316           14.810
   10 (vir)    24          12.764          -3.468          -3.802          -9.316           14.811
   11 (vir)    24          16.523          -5.768          -1.553          -8.482           17.684
   12 (vir)    24          18.717          -5.183          -2.395          -9.258           20.398
   13 (vir)    24          18.717          -5.152          -2.395          -9.258           20.428
   14 (vir)    24          21.058          -6.803          -3.730          -9.054           19.579
   15 (vir)    24          30.263           2.225          -2.163         -10.787           41.112
   16 (vir)    24          30.263           2.224          -2.163         -10.787           41.111
   17 (vir)    24          33.708          -9.520          -2.546         -11.110           32.752
   18 (vir)    24          33.708          -9.535          -2.546         -11.110           32.737
   19 (vir)    24          37.995          -7.499          -1.774          -9.322           38.043
   20 (vir)    24          44.405          -4.744          -1.553          -9.465           47.573
   21 (vir)    24          48.755           3.215         -10.683         -10.343           51.630
   22 (vir)    24          48.755           3.215         -10.683         -10.343           51.630
   23 (vir)    24          52.441           0.079          -4.989          -9.949           57.480
   24 (vir)    24          52.441           0.080          -4.989          -9.949           57.481
   25 (vir)    24          56.165          -3.150           8.594          -9.878           71.487
   26 (vir)    24          76.775          -2.563          10.477          -7.347           92.035
 
 
  kpoint:      25             coordinate:     0.1129    0.1129    0.1129
 
    n           k   ϵ_nk^DFT (eV)     Σ^c_nk (eV)     Σ^x_nk (eV)    v_nk^xc (eV)   ϵ_nk^G0W0 (eV)
 
    1 (occ)    25          -6.589           5.980         -16.835         -10.535           -6.908
    2 (occ)    25           3.971           0.948         -14.176         -10.806            1.548
    3 (occ)    25           5.129           8.010         -30.753         -10.986           -6.628
    4 (occ)    25           5.129           4.979         -30.753         -10.986           -9.658
    5 (vir)    25           7.830          -5.747           6.940         -10.130           19.153
    6 (vir)    25           8.248         -11.499           5.250         -10.074           12.073
    7 (vir)    25           8.248         -11.499           5.250         -10.074           12.073
    8 (vir)    25           9.735          -7.028          -1.996         -10.905           11.617
    9 (vir)    25          12.832          -3.351          -4.019          -9.381           14.842
   10 (vir)    25          12.832          -3.351          -4.019          -9.381           14.842
   11 (vir)    25          16.672          -5.793          -1.543          -8.514           17.850
   12 (vir)    25          18.393          -5.668          -2.317          -9.151           19.559
   13 (vir)    25          18.393          -5.655          -2.317          -9.151           19.572
   14 (vir)    25          21.382          -5.980          -3.464          -8.975           20.913
   15 (vir)    25          30.565           2.353          -2.129         -10.787           41.576
   16 (vir)    25          30.565           2.350          -2.129         -10.787           41.574
   17 (vir)    25          33.655         -10.137          -2.045         -11.115           32.589
   18 (vir)    25          33.655         -10.161          -2.045         -11.115           32.564
   19 (vir)    25          37.218          -7.835          -2.080          -9.415           36.719
   20 (vir)    25          45.451         -12.421           0.070          -9.500           42.600
   21 (vir)    25          48.945           9.080         -12.147         -10.364           56.243
   22 (vir)    25          48.945           9.081         -12.147         -10.364           56.244
   23 (vir)    25          52.664           0.290          -3.505          -9.950           59.399
   24 (vir)    25          52.664           0.291          -3.505          -9.950           59.400
   25 (vir)    25          55.280          -4.992          10.837          -9.945           71.070
   26 (vir)    25          75.234          -8.948           9.786          -7.350           83.422
 
 
  kpoint:      26             coordinate:     0.0968    0.0968    0.0968
 
    n           k   ϵ_nk^DFT (eV)     Σ^c_nk (eV)     Σ^x_nk (eV)    v_nk^xc (eV)   ϵ_nk^G0W0 (eV)
 
    1 (occ)    26          -6.633           5.687         -16.751         -10.533           -7.163
    2 (occ)    26           4.270           2.150         -15.027         -10.841            2.234
    3 (occ)    26           5.197           8.689         -31.642         -10.998           -6.758
    4 (occ)    26           5.197           5.509         -31.642         -10.998           -9.938
    5 (vir)    26           7.875          -5.992           6.225         -10.132           18.241
    6 (vir)    26           8.163          -4.585           6.904         -10.057           20.539
    7 (vir)    26           8.163          -4.309           6.904         -10.057           20.816
    8 (vir)    26           9.455          -8.166          -1.114         -10.924           11.098
    9 (vir)    26          12.906          -3.183          -4.317          -9.451           14.857
   10 (vir)    26          12.906          -3.183          -4.317          -9.451           14.857
   11 (vir)    26          16.804          -5.799          -1.666          -8.544           17.884
   12 (vir)    26          18.096          -6.069          -2.230          -9.047           18.844
   13 (vir)    26          18.096          -6.061          -2.230          -9.047           18.851
   14 (vir)    26          21.816          -2.564          -3.421          -8.889           24.720
   15 (vir)    26          30.840           2.027          -2.255         -10.783           41.395
   16 (vir)    26          30.840           2.017          -2.255         -10.783           41.385
   17 (vir)    26          33.598         -10.144          -1.616         -11.123           32.961
   18 (vir)    26          33.599         -10.175          -1.616         -11.123           32.931
   19 (vir)    26          36.407          -9.246          -2.246          -9.522           34.437
   20 (vir)    26          46.576          -7.333           1.963          -9.564           50.770
   21 (vir)    26          49.111          -2.515         -13.464         -10.383           43.516
   22 (vir)    26          49.111          -3.623         -13.464         -10.383           42.407
   23 (vir)    26          52.852           0.450          -2.419          -9.951           60.835
   24 (vir)    26          52.852           0.451          -2.419          -9.951           60.836
   25 (vir)    26          54.337          -0.036          10.405          -9.999           74.704
   26 (vir)    26          73.627          -1.526           7.855          -7.338           87.294
 
 
  kpoint:      27             coordinate:     0.0806    0.0806    0.0806
 
    n           k   ϵ_nk^DFT (eV)     Σ^c_nk (eV)     Σ^x_nk (eV)    v_nk^xc (eV)   ϵ_nk^G0W0 (eV)
 
    1 (occ)    27          -6.670           5.922         -16.680         -10.530           -6.897
    2 (occ)    27           4.556           3.268         -15.450         -10.880            3.255
    3 (occ)    27           5.259           9.421         -32.285         -11.010           -6.595
    4 (occ)    27           5.259           6.204         -32.285         -11.010           -9.812
    5 (vir)    27           7.911         -11.954           5.208         -10.122           11.287
    6 (vir)    27           8.085          -5.117           8.337         -10.037           21.343
    7 (vir)    27           8.085          -4.683           8.337         -10.037           21.777
    8 (vir)    27           9.191          -9.415          -0.230         -10.945           10.491
    9 (vir)    27          12.982          -2.989          -4.664          -9.524           14.853
   10 (vir)    27          12.982          -2.989          -4.664          -9.524           14.853
   11 (vir)    27          16.916          -5.668          -1.850          -8.573           17.971
   12 (vir)    27          17.831          -6.292          -2.151          -8.946           18.334
   13 (vir)    27          17.831          -6.285          -2.151          -8.946           18.341
   14 (vir)    27          22.366           0.909          -3.663          -8.789           28.402
   15 (vir)    27          31.086           1.913          -2.431         -10.774           41.341
   16 (vir)    27          31.086           1.909          -2.431         -10.774           41.338
   17 (vir)    27          33.539         -10.221          -1.352         -11.134           33.100
   18 (vir)    27          33.539         -10.262          -1.352         -11.134           33.059
   19 (vir)    27          35.542          -3.159          -2.264          -9.653           39.772
   20 (vir)    27          47.730           0.075           3.859          -9.674           61.338
   21 (vir)    27          49.253          -0.715         -14.768         -10.400           44.170
   22 (vir)    27          49.253          -2.156         -14.768         -10.400           42.729
   23 (vir)    27          53.007           0.465          -1.796          -9.952           61.627
   24 (vir)    27          53.007           0.466          -1.796          -9.952           61.628
   25 (vir)    27          53.421           1.730           7.117         -10.021           72.289
   26 (vir)    27          71.986          -0.717           5.026          -7.305           83.600
 
 
  kpoint:      28             coordinate:     0.0645    0.0645    0.0645
 
    n           k   ϵ_nk^DFT (eV)     Σ^c_nk (eV)     Σ^x_nk (eV)    v_nk^xc (eV)   ϵ_nk^G0W0 (eV)
 
    1 (occ)    28          -6.701           5.987         -16.621         -10.528           -6.805
    2 (occ)    28           4.823           4.194         -15.473         -10.922            4.466
    3 (occ)    28           5.314           9.943         -32.714         -11.024           -6.433
    4 (occ)    28           5.314           6.708         -32.714         -11.024           -9.668
    5 (vir)    28           7.933         -10.300           3.734         -10.095           11.463
    6 (vir)    28           8.016          -5.057           9.500         -10.018           22.476
    7 (vir)    28           8.016          -4.519           9.500         -10.018           23.015
    8 (vir)    28           8.953         -10.474           0.966         -10.971           10.416
    9 (vir)    28          13.056          -2.812          -5.021          -9.596           14.819
   10 (vir)    28          13.056          -2.812          -5.021          -9.596           14.819
   11 (vir)    28          17.007          -5.375          -2.035          -8.598           18.196
   12 (vir)    28          17.603          -6.095          -2.094          -8.852           18.266
   13 (vir)    28          17.603          -6.105          -2.094          -8.852           18.256
   14 (vir)    28          23.026           0.834          -4.108          -8.665           28.416
   15 (vir)    28          31.298           2.220          -2.524         -10.762           41.756
   16 (vir)    28          31.298           2.225          -2.524         -10.762           41.761
   17 (vir)    28          33.479         -10.476          -1.314         -11.147           32.836
   18 (vir)    28          33.479         -10.489          -1.314         -11.147           32.823
   19 (vir)    28          34.617           3.056          -2.194          -9.819           45.298
   20 (vir)    28          48.810           2.323           5.417          -9.865           66.414
   21 (vir)    28          49.369           3.780         -15.972         -10.414           47.592
   22 (vir)    28          49.369           0.321         -15.972         -10.414           44.133
   23 (vir)    28          52.669           8.752           1.739          -9.978           73.138
   24 (vir)    28          53.129           0.407          -1.577          -9.952           61.911
   25 (vir)    28          53.129           0.408          -1.577          -9.952           61.912
   26 (vir)    28          70.364           0.031           1.916          -7.243           79.553
 
 
  kpoint:      29             coordinate:     0.0484    0.0484    0.0484
 
    n           k   ϵ_nk^DFT (eV)     Σ^c_nk (eV)     Σ^x_nk (eV)    v_nk^xc (eV)   ϵ_nk^G0W0 (eV)
 
    1 (occ)    29          -6.724           5.744         -16.572         -10.527           -7.025
    2 (occ)    29           5.059           4.986         -15.230         -10.967            5.782
    3 (occ)    29           5.360          10.235         -32.973         -11.037           -6.342
    4 (occ)    29           5.360           6.988         -32.973         -11.037           -9.589
    5 (vir)    29           7.936          -8.216           1.687         -10.053           11.460
    6 (vir)    29           7.958          -5.223          10.377         -10.000           23.111
    7 (vir)    29           7.958          -4.654          10.377         -10.000           23.680
    8 (vir)    29           8.755         -11.918           2.745         -11.003           10.584
    9 (vir)    29          13.122          -2.712          -5.346          -9.662           14.726
   10 (vir)    29          13.122          -2.712          -5.346          -9.662           14.726
   11 (vir)    29          17.077          -5.193          -2.182          -8.619           18.321
   12 (vir)    29          17.417          -6.008          -2.066          -8.770           18.114
   13 (vir)    29          17.417          -6.010          -2.066          -8.770           18.112
   14 (vir)    29          23.767           0.327          -4.580          -8.499           28.012
   15 (vir)    29          31.473           1.421          -2.446         -10.747           41.195
   16 (vir)    29          31.473           1.421          -2.446         -10.747           41.196
   17 (vir)    29          33.422         -11.029          -1.511         -11.162           32.045
   18 (vir)    29          33.422         -11.027          -1.511         -11.162           32.047
   19 (vir)    29          33.655           2.411          -2.150         -10.032           43.948
   20 (vir)    29          49.460           1.701         -16.912         -10.426           44.674
   21 (vir)    29          49.460          -0.672         -16.912         -10.426           42.302
   22 (vir)    29          49.569          12.180           4.821         -10.163           76.733
   23 (vir)    29          52.332           2.019          -2.811          -9.841           61.381
   24 (vir)    29          53.221           0.136          -1.638          -9.952           61.670
   25 (vir)    29          53.221           0.135          -1.638          -9.952           61.670
   26 (vir)    29          68.838           7.441          -0.860          -7.146           82.564
 
 
  kpoint:      30             coordinate:     0.0323    0.0323    0.0323
 
    n           k   ϵ_nk^DFT (eV)     Σ^c_nk (eV)     Σ^x_nk (eV)    v_nk^xc (eV)   ϵ_nk^G0W0 (eV)
 
    1 (occ)    30          -6.742           5.585         -16.534         -10.526           -7.165
    2 (occ)    30           5.251           5.423         -14.903         -11.010            6.781
    3 (occ)    30           5.394          10.377         -33.114         -11.047           -6.296
    4 (occ)    30           5.394           7.128         -33.114         -11.047           -9.544
    5 (vir)    30           7.915          -5.887          10.977          -9.985           22.990
    6 (vir)    30           7.915          -4.139          10.977          -9.985           24.738
    7 (vir)    30           7.918          -6.231          -0.686         -10.008           11.010
    8 (vir)    30           8.611          -3.388           4.950         -11.029           21.202
    9 (vir)    30          13.175          -2.575          -5.605          -9.716           14.712
   10 (vir)    30          13.175          -2.575          -5.605          -9.716           14.711
   11 (vir)    30          17.127          -5.074          -2.282          -8.634           18.404
   12 (vir)    30          17.280          -5.816          -2.059          -8.705           18.109
   13 (vir)    30          17.280          -5.816          -2.059          -8.705           18.109
   14 (vir)    30          24.518           0.090          -4.911          -8.279           27.975
   15 (vir)    30          31.606           0.841          -2.210         -10.731           40.968
   16 (vir)    30          31.606           0.841          -2.210         -10.731           40.968
   17 (vir)    30          32.731           3.283          -2.226         -10.296           44.084
   18 (vir)    30          33.375         -10.984          -1.861         -11.178           31.707
   19 (vir)    30          33.375         -10.982          -1.861         -11.178           31.710
   20 (vir)    30          49.526           0.430         -17.504         -10.434           42.886
   21 (vir)    30          49.526          -1.108         -17.504         -10.434           41.348
   22 (vir)    30          49.753          11.087          -0.594         -10.382           70.628
   23 (vir)    30          52.614           0.066          -2.445          -9.795           60.029
   24 (vir)    30          53.285           0.039          -1.835          -9.951           61.440
   25 (vir)    30          53.285           0.039          -1.835          -9.951           61.440
   26 (vir)    30          67.530           5.338          -2.914          -7.018           76.972
 
 
  kpoint:      31             coordinate:     0.0161    0.0161    0.0161
 
    n           k   ϵ_nk^DFT (eV)     Σ^c_nk (eV)     Σ^x_nk (eV)    v_nk^xc (eV)   ϵ_nk^G0W0 (eV)
 
    1 (occ)    31          -6.752           5.681         -16.510         -10.526           -7.056
    2 (occ)    31           5.378           5.536         -14.649         -11.044            7.308
    3 (occ)    31           5.416          10.461         -33.179         -11.054           -6.248
    4 (occ)    31           5.416           7.226         -33.179         -11.054           -9.483
    5 (vir)    31           7.888          -5.897          11.325          -9.975           23.290
    6 (vir)    31           7.888          -4.144          11.325          -9.975           25.044
    7 (vir)    31           7.892          -4.794          -2.565          -9.980           10.512
    8 (vir)    31           8.528          -4.167           6.765         -11.039           22.165
    9 (vir)    31          13.208          -2.489          -5.770          -9.752           14.701
   10 (vir)    31          13.208          -2.489          -5.770          -9.752           14.701
   11 (vir)    31          17.156          -4.913          -2.338          -8.644           18.549
   12 (vir)    31          17.195          -5.730          -2.064          -8.662           18.063
   13 (vir)    31          17.195          -5.731          -2.064          -8.662           18.062
   14 (vir)    31          25.130          -0.089          -5.045          -8.032           28.027
   15 (vir)    31          31.689           0.608          -1.948         -10.719           41.068
   16 (vir)    31          31.689           0.608          -1.948         -10.719           41.068
   17 (vir)    31          32.006         -10.461          -2.393         -10.576           29.727
   18 (vir)    31          33.342          -8.651          -2.202         -11.190           33.680
   19 (vir)    31          33.342          -8.721          -2.202         -11.190           33.610
   20 (vir)    31          49.565          -0.518         -17.787         -10.439           41.699
   21 (vir)    31          49.565          -1.871         -17.787         -10.439           40.345
   22 (vir)    31          49.644           8.548          -5.836         -10.434           62.789
   23 (vir)    31          53.113           1.974          -0.827          -9.893           64.153
   24 (vir)    31          53.323           0.018          -2.027          -9.951           61.266
   25 (vir)    31          53.323           0.018          -2.027          -9.951           61.265
   26 (vir)    31          66.615           4.972          -4.129          -6.892           74.350
 
 
  kpoint:      32             coordinate:     0.0000    0.0000    0.0000
 
    n           k   ϵ_nk^DFT (eV)     Σ^c_nk (eV)     Σ^x_nk (eV)    v_nk^xc (eV)   ϵ_nk^G0W0 (eV)
 
    1 (occ)    32          -6.755           5.692         -16.502         -10.525           -7.039
    2 (occ)    32           5.423           6.104         -14.564         -11.057            8.019
    3 (occ)    32           5.423          10.657         -33.188         -11.057           -6.052
    4 (occ)    32           5.423           7.484         -33.197         -11.057           -9.233
    5 (vir)    32           7.879          -4.259          -3.247          -9.972           10.345
    6 (vir)    32           7.879          -5.239          11.438          -9.972           24.049
    7 (vir)    32           7.879          -3.608          11.438          -9.972           25.680
    8 (vir)    32           8.503          -3.092           7.436         -11.039           23.886
    9 (vir)    32          13.220          -2.461          -5.827          -9.765           14.698
   10 (vir)    32          13.220          -2.461          -5.827          -9.765           14.698
   11 (vir)    32          17.166          -5.700          -2.067          -8.647           18.047
   12 (vir)    32          17.166          -5.698          -2.067          -8.647           18.048
   13 (vir)    32          17.166          -4.829          -2.355          -8.647           18.629
   14 (vir)    32          25.378          -0.107          -5.064          -7.905           28.112
   15 (vir)    32          31.718           1.289          -2.290         -10.714           41.431
   16 (vir)    32          31.718           0.542          -1.833         -10.714           41.141
   17 (vir)    32          31.718           0.802          -2.029         -10.714           41.204
   18 (vir)    32          33.331          -8.466          -2.344         -11.195           33.716
   19 (vir)    32          33.331          -8.609          -2.344         -11.195           33.574
   20 (vir)    32          49.578           0.592         -10.649         -10.441           49.961
   21 (vir)    32          49.578          -0.550         -17.865         -10.441           41.604
   22 (vir)    32          49.578          -1.420         -14.909         -10.441           43.689
   23 (vir)    32          53.335           0.209          -0.951          -9.951           62.544
   24 (vir)    32          53.335           0.027          -1.430          -9.951           61.883
   25 (vir)    32          53.335           0.008          -2.104          -9.951           61.190
   26 (vir)    32          66.280           4.904          -4.528          -6.835           73.491
 
 
  kpoint:      33             coordinate:     0.0000    0.0161    0.0161
 
    n           k   ϵ_nk^DFT (eV)     Σ^c_nk (eV)     Σ^x_nk (eV)    v_nk^xc (eV)   ϵ_nk^G0W0 (eV)
 
    1 (occ)    33          -6.751           5.807         -16.543         -10.526           -6.961
    2 (occ)    33           5.388          12.110         -26.663         -11.057            1.892
    3 (occ)    33           5.401          10.299         -20.733         -11.044            6.011
    4 (occ)    33           5.401           9.405         -33.264         -11.044           -7.414
    5 (vir)    33           7.868          -6.307           6.281          -9.964           17.806
    6 (vir)    33           7.906          -8.908           1.686          -9.985           10.668
    7 (vir)    33           7.906          -4.022          11.260          -9.985           25.128
    8 (vir)    33           8.536          -3.500           7.519         -11.040           23.595
    9 (vir)    33          13.184          -2.498          -5.761          -9.731           14.657
   10 (vir)    33          13.225          -2.574          -5.670          -9.765           14.746
   11 (vir)    33          17.175          -5.871          -2.023          -8.649           17.931
   12 (vir)    33          17.175          -5.180          -2.206          -8.649           18.439
   13 (vir)    33          17.210          -5.466          -2.147          -8.678           18.275
   14 (vir)    33          25.052          -0.032          -5.066          -8.067           28.022
   15 (vir)    33          31.692           1.703          -2.309         -10.714           41.800
   16 (vir)    33          31.692           0.699          -1.864         -10.714           41.242
   17 (vir)    33          32.061           1.720          -2.221         -10.560           42.120
   18 (vir)    33          33.307          -8.766          -2.198         -11.194           33.536
   19 (vir)    33          33.395         -11.266          -2.036         -11.171           31.264
   20 (vir)    33          49.527           0.164         -10.405         -10.436           49.722
   21 (vir)    33          49.527          -0.989         -17.031         -10.436           41.943
   22 (vir)    33          49.741          -1.660         -12.048         -10.439           46.471
   23 (vir)    33          52.949           0.032          -1.434          -9.872           61.420
   24 (vir)    33          53.361           0.044          -1.281          -9.952           62.077
   25 (vir)    33          53.361           0.067          -2.087          -9.952           61.294
   26 (vir)    33          66.722           4.028          -4.147          -6.909           73.511
 
 
  kpoint:      34             coordinate:     0.0000    0.0323    0.0323
 
    n           k   ϵ_nk^DFT (eV)     Σ^c_nk (eV)     Σ^x_nk (eV)    v_nk^xc (eV)   ϵ_nk^G0W0 (eV)
 
    1 (occ)    34          -6.737           6.050         -16.660         -10.526           -6.820
    2 (occ)    34           5.287          12.115         -25.602         -11.058            2.858
    3 (occ)    34           5.337          10.093         -20.572         -11.012            5.870
    4 (occ)    34           5.337           9.420         -33.304         -11.012           -7.536
    5 (vir)    34           7.835          -7.395           5.533          -9.942           15.915
    6 (vir)    34           7.984          -9.101           1.743         -10.021           10.646
    7 (vir)    34           7.984          -5.944          10.607         -10.021           22.667
    8 (vir)    34           8.631          -5.544           7.589         -11.043           21.719
    9 (vir)    34          13.082          -2.613          -5.566          -9.639           14.543
   10 (vir)    34          13.239          -2.887          -5.223          -9.767           14.896
   11 (vir)    34          17.204          -6.164          -1.921          -8.656           17.775
   12 (vir)    34          17.204          -5.256          -2.069          -8.656           18.535
   13 (vir)    34          17.339          -5.604          -2.104          -8.760           18.391
   14 (vir)    34          24.284          -0.076          -4.996          -8.353           27.565
   15 (vir)    34          31.617          -7.894          -2.417         -10.715           32.021
   16 (vir)    34          31.617           1.475          -1.931         -10.715           41.875
   17 (vir)    34          32.709          -9.758          -2.552         -10.539           30.939
   18 (vir)    34          33.234         -10.851          -1.810         -11.192           31.764
   19 (vir)    34          33.744         -10.197          -1.453         -10.866           32.961
   20 (vir)    34          49.382          11.384          -8.576         -10.424           62.614
   21 (vir)    34          49.382          -2.235         -14.275         -10.424           43.296
   22 (vir)    34          50.224           6.241          -5.306         -10.429           61.587
   23 (vir)    34          51.950           0.229          -1.211          -9.708           60.675
   24 (vir)    34          53.434           0.288          -2.207          -9.954           61.469
   25 (vir)    34          53.434           0.716          -2.048          -9.954           62.055
   26 (vir)    34          67.885           1.939          -3.109          -7.057           73.771
 
 
  kpoint:      35             coordinate:     0.0000    0.0484    0.0484
 
    n           k   ϵ_nk^DFT (eV)     Σ^c_nk (eV)     Σ^x_nk (eV)    v_nk^xc (eV)   ϵ_nk^G0W0 (eV)
 
    1 (occ)    35          -6.714           6.532         -16.831         -10.528           -6.485
    2 (occ)    35           5.132          11.490         -23.603         -11.060            4.078
    3 (occ)    35           5.239           9.650         -20.166         -10.967            5.689
    4 (occ)    35           5.239           9.224         -32.930         -10.967           -7.501
    5 (vir)    35           7.783         -12.017           4.392          -9.905           10.064
    6 (vir)    35           8.105          -9.220           1.681         -10.070           10.636
    7 (vir)    35           8.105          -6.244           9.220         -10.070           21.151
    8 (vir)    35           8.775          -5.831           7.229         -11.047           21.220
    9 (vir)    35          12.928          -2.821          -5.253          -9.511           14.365
   10 (vir)    35          13.264          -3.330          -4.552          -9.769           15.150
   11 (vir)    35          17.252          -6.222          -1.826          -8.667           17.871
   12 (vir)    35          17.252          -1.151          -1.911          -8.667           22.857
   13 (vir)    35          17.540          -5.821          -2.040          -8.875           18.554
   14 (vir)    35          23.387          -3.557          -4.717          -8.581           23.695
   15 (vir)    35          31.492           5.641          -2.559         -10.715           45.289
   16 (vir)    35          31.492         -11.279          -1.976         -10.715           28.951
   17 (vir)    35          33.031          -8.953          -2.109         -10.851           32.820
   18 (vir)    35          33.113         -10.835          -1.309         -11.187           32.156
   19 (vir)    35          34.658          -9.161          -1.772         -10.274           33.999
   20 (vir)    35          49.158           0.705          -6.105         -10.407           54.164
   21 (vir)    35          49.158          -3.075          -9.192         -10.407           47.298
   22 (vir)    35          50.633           2.211          -0.835          -9.553           61.562
   23 (vir)    35          51.010           1.950           4.126         -10.405           67.490
   24 (vir)    35          53.535           0.059          -3.070          -9.954           60.477
   25 (vir)    35          53.535           0.209          -1.905          -9.954           61.793
   26 (vir)    35          69.460           0.085          -1.601          -7.187           75.131
 
 
  kpoint:      36             coordinate:     0.0000    0.0645    0.0645
 
    n           k   ϵ_nk^DFT (eV)     Σ^c_nk (eV)     Σ^x_nk (eV)    v_nk^xc (eV)   ϵ_nk^G0W0 (eV)
 
    1 (occ)    36          -6.682           6.768         -17.021         -10.530           -6.406
    2 (occ)    36           4.935           8.264         -20.591         -11.063            3.671
    3 (occ)    36           5.115           8.894         -19.383         -10.918            5.544
    4 (occ)    36           5.115           7.976         -31.759         -10.918           -7.751
    5 (vir)    36           7.714         -10.813           2.992          -9.857            9.750
    6 (vir)    36           8.262          -9.067           1.337         -10.124           10.656
    7 (vir)    36           8.262          -7.884           6.900         -10.124           17.402
    8 (vir)    36           8.952          -7.507           6.053         -11.048           18.547
    9 (vir)    36          12.741          -3.172          -4.853          -9.369           14.085
   10 (vir)    36          13.298          -3.978          -3.760          -9.772           15.332
   11 (vir)    36          17.318          -6.190          -1.807          -8.684           18.004
   12 (vir)    36          17.318          -5.421          -1.806          -8.684           18.775
   13 (vir)    36          17.799          -6.147          -1.957          -9.002           18.697
   14 (vir)    36          22.531          -6.146          -4.204          -8.742           20.923
   15 (vir)    36          31.319         -10.531          -2.699         -10.715           28.804
   16 (vir)    36          31.319          -9.136          -1.947         -10.715           30.951
   17 (vir)    36          32.945          -8.736          -0.869         -11.181           34.521
   18 (vir)    36          33.166         -10.365          -1.807         -10.972           31.965
   19 (vir)    36          35.783          -7.743          -2.025          -9.945           35.960
   20 (vir)    36          48.872           0.177          -3.594         -10.388           55.843
   21 (vir)    36          48.872          -0.017          -1.929         -10.388           57.314
   22 (vir)    36          49.228          -9.491          -0.420          -9.437           48.754
   23 (vir)    36          52.059           2.676          13.695         -10.357           78.786
   24 (vir)    36          53.646           4.505          -3.304          -9.949           64.796
   25 (vir)    36          53.646          -0.011          -1.358          -9.949           62.227
   26 (vir)    36          71.199          -3.013           0.171          -7.271           75.628
 
 
  kpoint:      37             coordinate:     0.0000    0.0806    0.0806
 
    n           k   ϵ_nk^DFT (eV)     Σ^c_nk (eV)     Σ^x_nk (eV)    v_nk^xc (eV)   ϵ_nk^G0W0 (eV)
 
    1 (occ)    37          -6.642           7.098         -17.193         -10.532           -6.206
    2 (occ)    37           4.708           4.081         -16.747         -11.067            3.109
    3 (occ)    37           4.973           7.764         -18.142         -10.872            5.466
    4 (occ)    37           4.973           6.314         -29.593         -10.872           -7.434
    5 (vir)    37           7.630          -9.589           1.474          -9.800            9.315
    6 (vir)    37           8.447          -8.495           0.587         -10.177           10.716
    7 (vir)    37           8.447         -11.197           3.662         -10.177           11.089
    8 (vir)    37           9.145          -7.451           3.921         -11.038           16.652
    9 (vir)    37          12.539          -3.713          -4.434          -9.234           13.626
   10 (vir)    37          13.342          -5.055          -2.974          -9.777           15.089
   11 (vir)    37          17.404          -5.526          -1.885          -8.705           18.698
   12 (vir)    37          17.404          -5.926          -1.811          -8.705           18.372
   13 (vir)    37          18.105          -6.419          -1.851          -9.128           18.963
   14 (vir)    37          21.786          -7.175          -3.580          -8.857           19.889
   15 (vir)    37          31.100          -9.847          -2.815         -10.714           29.151
   16 (vir)    37          31.100          -9.472          -1.834         -10.714           30.507
   17 (vir)    37          32.729          -7.945          -0.652         -11.173           35.306
   18 (vir)    37          33.267          -6.508          -1.933         -11.018           35.844
   19 (vir)    37          36.872          -7.890          -1.628          -9.750           37.104
   20 (vir)    37          47.868          -9.118          -0.107          -9.359           48.002
   21 (vir)    37          48.540         -12.184          -1.609         -10.369           45.116
   22 (vir)    37          48.540         -12.080           6.433         -10.369           53.263
   23 (vir)    37          53.303          -9.346          20.558         -10.282           74.797
   24 (vir)    37          53.748          -9.040          -2.633          -9.941           52.016
   25 (vir)    37          53.748          -1.472          -0.058          -9.941           62.159
   26 (vir)    37          72.948          -8.505           1.913          -7.315           73.671
 
 
  kpoint:      38             coordinate:     0.0000    0.0968    0.0968
 
    n           k   ϵ_nk^DFT (eV)     Σ^c_nk (eV)     Σ^x_nk (eV)    v_nk^xc (eV)   ϵ_nk^G0W0 (eV)
 
    1 (occ)    38          -6.592           7.396         -17.308         -10.535           -5.969
    2 (occ)    38           4.459          -0.311         -12.509         -11.072            2.711
    3 (occ)    38           4.819           6.312         -16.461         -10.830            5.500
    4 (occ)    38           4.819          12.920         -26.496         -10.830            2.074
    5 (vir)    38           7.534          -8.458          -0.030          -9.736            8.783
    6 (vir)    38           8.653          -7.456          -0.608         -10.227           10.816
    7 (vir)    38           8.653          -7.337          -0.223         -10.227           11.320
    8 (vir)    38           9.336         -10.929           1.030         -11.005           10.442
    9 (vir)    38          12.343          -4.001          -4.124          -9.128           13.347
   10 (vir)    38          13.395          -5.272          -2.323          -9.782           15.582
   11 (vir)    38          17.508          -5.589          -2.022          -8.732           18.629
   12 (vir)    38          17.508          -5.812          -1.936          -8.732           18.493
   13 (vir)    38          18.448          -6.189          -1.727          -9.247           19.779
   14 (vir)    38          21.172          -7.874          -3.038          -8.947           19.207
   15 (vir)    38          30.838          -9.185          -2.910         -10.711           29.454
   16 (vir)    38          30.838          -9.126          -1.691         -10.711           30.731
   17 (vir)    38          32.467          -7.834          -0.760         -11.163           35.037
   18 (vir)    38          33.367          -1.243          -2.289         -11.042           40.877
   19 (vir)    38          37.869          -8.610          -0.632          -9.622           38.250
   20 (vir)    38          46.623          -8.073           0.002          -9.309           47.861
   21 (vir)    38          48.174         -14.736          -0.585         -10.351           43.204
   22 (vir)    38          48.174         -13.614          14.079         -10.351           58.990
   23 (vir)    38          53.827         -13.547          -1.196          -9.927           49.012
   24 (vir)    38          53.827         -12.257           2.061          -9.927           53.559
   25 (vir)    38          54.654         -10.748          22.545         -10.183           76.633
   26 (vir)    38          74.615          -9.979           3.227          -7.331           75.195
 
 
  kpoint:      39             coordinate:     0.0000    0.1129    0.1129
 
    n           k   ϵ_nk^DFT (eV)     Σ^c_nk (eV)     Σ^x_nk (eV)    v_nk^xc (eV)   ϵ_nk^G0W0 (eV)
 
    1 (occ)    39          -6.533           7.737         -17.336         -10.539           -5.593
    2 (occ)    39           4.196          -3.504          -8.476         -11.078            3.293
    3 (occ)    39           4.659           4.678         -14.464         -10.793            5.667
    4 (occ)    39           4.659           9.353         -22.779         -10.793            2.027
    5 (vir)    39           7.431          -7.473          -1.412          -9.669            8.216
    6 (vir)    39           8.875          -6.030          -2.176         -10.273           10.942
    7 (vir)    39           8.875          -3.587          -4.277         -10.273           11.283
    8 (vir)    39           9.504          -8.234          -2.080         -10.925           10.115
    9 (vir)    39          12.176          -3.869          -4.135          -9.078           13.249
   10 (vir)    39          13.459          -5.385          -1.919          -9.788           15.944
   11 (vir)    39          17.632          -4.997          -2.130          -8.766           19.271
   12 (vir)    39          17.632          -5.593          -2.138          -8.766           18.666
   13 (vir)    39          18.822          -6.332          -1.604          -9.356           20.242
   14 (vir)    39          20.684          -8.869          -2.754          -9.024           18.085
   15 (vir)    39          30.537          -8.808          -1.605         -10.705           30.828
   16 (vir)    39          30.537          -8.314          -3.001         -10.705           29.927
   17 (vir)    39          32.160          -9.306          -1.193         -11.151           32.813
   18 (vir)    39          33.471          -0.497          -2.586         -11.058           41.447
   19 (vir)    39          38.781          -9.754           0.398          -9.535           38.960
   20 (vir)    39          45.523          -4.761          -0.125          -9.281           49.918
   21 (vir)    39          47.781         -16.085          -0.713         -10.334           41.316
   22 (vir)    39          47.781         -14.674          19.093         -10.334           62.534
   23 (vir)    39          53.875         -14.427           0.477          -9.911           49.834
   24 (vir)    39          53.875         -14.293           4.558          -9.911           54.050
   25 (vir)    39          56.020         -11.276          18.912         -10.068           73.724
   26 (vir)    39          76.152         -10.339           3.686          -7.328           76.827
 
 
  kpoint:      40             coordinate:     0.0000    0.1290    0.1290
 
    n           k   ϵ_nk^DFT (eV)     Σ^c_nk (eV)     Σ^x_nk (eV)    v_nk^xc (eV)   ϵ_nk^G0W0 (eV)
 
    1 (occ)    40          -6.465           7.774         -17.263         -10.543           -5.410
    2 (occ)    40           3.921          -5.214          -5.249         -11.083            4.542
    3 (occ)    40           4.496           3.044         -12.367         -10.762            5.935
    4 (occ)    40           4.496           5.750         -18.905         -10.762            2.104
    5 (vir)    40           7.323          -6.627          -2.596          -9.600            7.701
    6 (vir)    40           9.110          -4.525          -3.941         -10.315           10.958
    7 (vir)    40           9.110          -1.663          -7.940         -10.315            9.821
    8 (vir)    40           9.626          -5.836          -4.650         -10.766            9.906
    9 (vir)    40          12.063          -3.469          -4.750          -9.117           12.962
   10 (vir)    40          13.533          -5.381          -1.826          -9.795           16.122
   11 (vir)    40          17.773          -4.570          -2.119          -8.807           19.891
   12 (vir)    40          17.773          -5.343          -2.330          -8.807           18.907
   13 (vir)    40          19.223          -6.493          -1.531          -9.454           20.653
   14 (vir)    40          20.312          -7.883          -2.814          -9.093           18.708
   15 (vir)    40          30.200          -8.679          -1.650         -10.695           30.565
   16 (vir)    40          30.200          -8.390          -3.105         -10.695           29.399
   17 (vir)    40          31.809          -8.359          -1.843         -11.137           32.744
   18 (vir)    40          33.581          -0.076          -2.637         -11.071           41.940
   19 (vir)    40          39.637          -9.856           0.662          -9.473           39.915
   20 (vir)    40          44.577          -1.836          -0.458          -9.268           51.551
   21 (vir)    40          47.364         -15.418          -1.853         -10.318           40.412
   22 (vir)    40          47.364         -13.898          20.214         -10.318           63.998
   23 (vir)    40          53.885         -13.439           1.613          -9.891           51.950
   24 (vir)    40          53.885         -12.416           6.570          -9.891           57.930
   25 (vir)    40          57.318         -10.500          10.546          -9.946           67.310
   26 (vir)    40          77.535          -9.419           2.965          -7.313           78.394
 
 
  kpoint:      41             coordinate:     0.0000    0.1452    0.1452
 
    n           k   ϵ_nk^DFT (eV)     Σ^c_nk (eV)     Σ^x_nk (eV)    v_nk^xc (eV)   ϵ_nk^G0W0 (eV)
 
    1 (occ)    41          -6.388           8.678         -17.099         -10.549           -4.260
    2 (occ)    41           3.640          -7.662          -3.289         -11.089            3.777
    3 (occ)    41           4.333           1.594         -10.433         -10.735            6.228
    4 (occ)    41           4.333           2.688         -15.373         -10.735            2.382
    5 (vir)    41           7.213          -5.916          -3.534          -9.532            7.295
    6 (vir)    41           9.355          -3.220          -5.663         -10.352           10.825
    7 (vir)    41           9.355           1.730         -10.702         -10.352           10.736
    8 (vir)    41           9.678          -4.262          -6.018         -10.507            9.905
    9 (vir)    41          12.030          -2.582          -6.119          -9.267           12.597
   10 (vir)    41          13.617          -5.233          -2.046          -9.804           16.142
   11 (vir)    41          17.933          -4.705          -1.958          -8.856           20.126
   12 (vir)    41          17.933          -5.111          -2.415          -8.856           19.263
   13 (vir)    41          19.649          -6.575          -1.574          -9.542           21.042
   14 (vir)    41          20.038          -6.641          -3.177          -9.160           19.380
   15 (vir)    41          29.832          -8.779          -1.842         -10.680           29.891
   16 (vir)    41          29.832          -7.400          -3.223         -10.680           29.889
   17 (vir)    41          31.416           0.890          -2.525         -11.121           40.901
   18 (vir)    41          33.696           0.054          -2.487         -11.083           42.345
   19 (vir)    41          40.471          -8.115          -0.429          -9.424           41.352
   20 (vir)    41          43.783           1.163          -0.919          -9.268           53.296
   21 (vir)    41          46.926         -11.781          -3.532         -10.304           41.918
   22 (vir)    41          46.926         -10.142          17.331         -10.304           64.420
   23 (vir)    41          53.857          -9.479           1.445          -9.870           55.692
   24 (vir)    41          53.857          -7.587           7.156          -9.870           63.295
   25 (vir)    41          58.485          -5.483          -0.348          -9.826           62.480
   26 (vir)    41          78.758          -5.788           1.009          -7.291           81.270
 
 
  kpoint:      42             coordinate:     0.0000    0.1613    0.1613
 
    n           k   ϵ_nk^DFT (eV)     Σ^c_nk (eV)     Σ^x_nk (eV)    v_nk^xc (eV)   ϵ_nk^G0W0 (eV)
 
    1 (occ)    42          -6.302           7.545         -16.872         -10.555           -5.075
    2 (occ)    42           3.352          -7.719          -2.811         -11.093            3.915
    3 (occ)    42           4.171           0.520          -8.916         -10.712            6.487
    4 (occ)    42           4.171           0.627         -12.605         -10.712            2.906
    5 (vir)    42           7.103          -5.345          -4.210          -9.465            7.013
    6 (vir)    42           9.610          -1.686          -7.091         -10.385           11.218
    7 (vir)    42           9.610           2.727         -12.233         -10.385           10.489
    8 (vir)    42           9.648          -3.602          -6.095         -10.177           10.128
    9 (vir)    42          12.090          -1.195          -7.915          -9.497           12.477
   10 (vir)    42          13.712          -4.969          -2.513          -9.813           16.043
   11 (vir)    42          18.110          -5.406          -1.705          -8.914           19.913
   12 (vir)    42          18.110          -5.087          -2.328          -8.914           19.609
   13 (vir)    42          19.846           2.497          -3.687          -9.225           27.882
   14 (vir)    42          20.098          -6.442          -1.787          -9.622           21.491
   15 (vir)    42          29.439          -9.457          -2.120         -10.659           28.522
   16 (vir)    42          29.439          -6.547          -3.332         -10.659           30.219
   17 (vir)    42          30.982          -0.138          -3.035         -11.103           38.912
   18 (vir)    42          33.814           1.305          -2.374         -11.094           43.839
   19 (vir)    42          41.315           0.095          -2.913          -9.384           47.880
   20 (vir)    42          43.127          -1.248          -1.402          -9.278           49.756
   21 (vir)    42          46.466         -10.207          -5.091         -10.293           41.461
   22 (vir)    42          46.466          -4.242          11.517         -10.293           64.034
   23 (vir)    42          53.793          -3.386          -0.505          -9.848           59.750
   24 (vir)    42          53.793          -7.357           5.741          -9.848           62.025
   25 (vir)    42          59.476           4.304         -10.908          -9.711           62.584
   26 (vir)    42          79.827          -6.582          -1.874          -7.266           78.637
 
 
  kpoint:      43             coordinate:     0.0000    0.1774    0.1774
 
    n           k   ϵ_nk^DFT (eV)     Σ^c_nk (eV)     Σ^x_nk (eV)    v_nk^xc (eV)   ϵ_nk^G0W0 (eV)
 
    1 (occ)    43          -6.208           6.917         -16.630         -10.561           -5.359
    2 (occ)    43           3.062          -6.203          -3.743         -11.097            4.212
    3 (occ)    43           4.013          -0.075          -8.001         -10.693            6.629
    4 (occ)    43           4.013          -0.299         -10.853         -10.693            3.553
    5 (vir)    43           6.995          -4.914          -4.628          -9.401            6.854
    6 (vir)    43           9.543          -3.562          -5.396          -9.845           10.430
    7 (vir)    43           9.871          -0.836          -8.031         -10.415           11.419
    8 (vir)    43           9.871           2.527         -12.461         -10.415           10.352
    9 (vir)    43          12.236           0.011          -9.389          -9.740           12.598
   10 (vir)    43          13.818          -4.457          -3.107          -9.824           16.078
   11 (vir)    43          18.302          -5.520          -2.069          -8.983           19.696
   12 (vir)    43          18.302          -6.290          -1.505          -8.983           19.489
   13 (vir)    43          19.720           1.779          -4.133          -9.290           26.656
   14 (vir)    43          20.569          -6.378          -2.177          -9.695           21.709
   15 (vir)    43          29.028           1.276          -2.380         -10.632           38.556
   16 (vir)    43          29.028          -5.578          -3.398         -10.632           30.683
   17 (vir)    43          30.510          -0.476          -3.218         -11.082           37.898
   18 (vir)    43          33.932           1.552          -2.534         -11.105           44.056
   19 (vir)    43          42.198           5.835          -6.199          -9.347           51.181
   20 (vir)    43          42.597           0.333          -1.802          -9.296           50.424
   21 (vir)    43          45.981          -3.381          -5.912         -10.284           46.972
   22 (vir)    43          45.981          -1.392           4.585         -10.284           59.458
   23 (vir)    43          53.700           0.015          -4.203          -9.826           59.337
   24 (vir)    43          53.700          -0.499           2.399          -9.826           65.425
   25 (vir)    43          60.263          -0.217         -18.440          -9.607           51.213
   26 (vir)    43          80.755          -0.068          -5.029          -7.238           82.896
 
 
  kpoint:      44             coordinate:     0.0000    0.1935    0.1935
 
    n           k   ϵ_nk^DFT (eV)     Σ^c_nk (eV)     Σ^x_nk (eV)    v_nk^xc (eV)   ϵ_nk^G0W0 (eV)
 
    1 (occ)    44          -6.105           6.289         -16.424         -10.569           -5.671
    2 (occ)    44           2.768          -3.853          -5.762         -11.099            4.253
    3 (occ)    44           3.858          -0.138          -7.761         -10.676            6.636
    4 (occ)    44           3.858          -0.327         -10.174         -10.676            4.033
    5 (vir)    44           6.890          -4.706          -4.812          -9.340            6.712
    6 (vir)    44           9.384          -3.817          -4.500          -9.558           10.625
    7 (vir)    44          10.139          -0.629          -8.391         -10.441           11.560
    8 (vir)    44          10.139           1.500         -11.576         -10.441           10.504
    9 (vir)    44          12.448           0.615          -9.948          -9.948           13.063
   10 (vir)    44          13.934          -3.833          -3.678          -9.835           16.259
   11 (vir)    44          18.507          -7.562          -1.711          -9.064           18.297
   12 (vir)    44          18.507          -5.892          -1.534          -9.064           20.145
   13 (vir)    44          19.646          -0.251          -4.331          -9.355           24.419
   14 (vir)    44          21.062          -5.631          -2.684          -9.763           22.510
   15 (vir)    44          28.606          -3.121          -2.537         -10.595           33.544
   16 (vir)    44          28.606           1.662          -3.391         -10.595           37.472
   17 (vir)    44          30.003          -1.460          -3.030         -11.059           36.573
   18 (vir)    44          34.047           1.876          -2.982         -11.117           44.059
   19 (vir)    44          42.175           0.147          -2.032          -9.320           49.609
   20 (vir)    44          43.145          11.740          -9.225          -9.313           54.972
   21 (vir)    44          45.468           0.917          -5.659         -10.277           51.003
   22 (vir)    44          45.468          -0.426          -1.603         -10.277           53.716
   23 (vir)    44          53.585          -0.429          -9.015          -9.805           53.945
   24 (vir)    44          53.585          -0.368          -2.159          -9.805           60.863
   25 (vir)    44          60.832           1.167         -21.199          -9.513           50.313
   26 (vir)    44          81.560           2.299          -7.632          -7.210           83.437
 
 
  kpoint:      45             coordinate:     0.0000    0.2097    0.2097
 
    n           k   ϵ_nk^DFT (eV)     Σ^c_nk (eV)     Σ^x_nk (eV)    v_nk^xc (eV)   ϵ_nk^G0W0 (eV)
 
    1 (occ)    45          -5.993           5.730         -16.298         -10.577           -5.984
    2 (occ)    45           2.473          -1.183          -8.384         -11.100            4.006
    3 (occ)    45           3.709           0.292          -8.147         -10.663            6.517
    4 (occ)    45           3.709           0.353         -10.436         -10.663            4.289
    5 (vir)    45           6.789          -4.534          -4.796          -9.282            6.742
    6 (vir)    45           9.191          -4.129          -3.720          -9.328           10.670
    7 (vir)    45          10.412          -1.020          -8.200         -10.463           11.655
    8 (vir)    45          10.412          -0.045          -9.965         -10.463           10.865
    9 (vir)    45          12.708           0.720          -9.479         -10.106           14.055
   10 (vir)    45          14.062          -3.369          -4.091          -9.848           16.450
   11 (vir)    45          18.721          -7.321          -1.380          -9.159           19.179
   12 (vir)    45          18.721          -6.766          -1.912          -9.159           19.202
   13 (vir)    45          19.611           0.069          -4.192          -9.420           24.909
   14 (vir)    45          21.576          -2.667          -3.185          -9.828           25.553
   15 (vir)    45          28.183          -7.487          -2.578         -10.549           28.666
   16 (vir)    45          28.183           1.516          -3.301         -10.549           36.946
   17 (vir)    45          29.464          -8.010          -2.554         -11.033           29.934
   18 (vir)    45          34.157           1.268          -3.408         -11.128           43.145
   19 (vir)    45          41.846           0.833          -2.048          -9.349           49.980
   20 (vir)    45          44.177          12.261         -10.815          -9.281           54.904
   21 (vir)    45          44.926           1.699          -4.408         -10.273           52.491
   22 (vir)    45          44.926           2.198          -5.779         -10.273           51.618
   23 (vir)    45          53.458           8.947         -13.806          -9.785           58.384
   24 (vir)    45          53.458          -5.703          -6.889          -9.785           50.650
   25 (vir)    45          61.179           2.367         -18.881          -9.431           54.096
   26 (vir)    45          82.259           1.738          -8.959          -7.181           82.219
 
 
  kpoint:      46             coordinate:     0.0000    0.2258    0.2258
 
    n           k   ϵ_nk^DFT (eV)     Σ^c_nk (eV)     Σ^x_nk (eV)    v_nk^xc (eV)   ϵ_nk^G0W0 (eV)
 
    1 (occ)    46          -5.872           5.591         -16.274         -10.586           -5.969
    2 (occ)    46           2.177           1.470         -11.093         -11.099            3.653
    3 (occ)    46           3.567           1.080          -9.002         -10.651            6.295
    4 (occ)    46           3.567           1.495         -11.374         -10.651            4.338
    5 (vir)    46           6.695          -4.527          -4.621          -9.228            6.775
    6 (vir)    46           8.980          -4.399          -3.149          -9.148           10.580
    7 (vir)    46          10.691          -1.861          -7.586         -10.483           11.726
    8 (vir)    46          10.691          -1.761          -8.100         -10.483           11.312
    9 (vir)    46          12.998           0.393          -8.247         -10.224           15.368
   10 (vir)    46          14.201          -3.439          -4.257          -9.862           16.368
   11 (vir)    46          18.940          -7.487          -1.208          -9.269           19.514
   12 (vir)    46          18.940          -4.244          -2.633          -9.269           21.332
   13 (vir)    46          19.605          -0.723          -3.753          -9.485           24.614
   14 (vir)    46          22.110          -1.595          -3.528          -9.891           26.878
   15 (vir)    46          27.768           0.959          -2.580         -10.491           36.638
   16 (vir)    46          27.768           1.288          -3.136         -10.491           36.412
   17 (vir)    46          28.897          -9.213          -1.974         -11.006           28.716
   18 (vir)    46          34.257          -0.150          -3.290         -11.140           41.957
   19 (vir)    46          41.596           1.073          -1.863          -9.383           50.188
   20 (vir)    46          44.351           1.777          -2.610         -10.272           53.790
   21 (vir)    46          44.351           7.197          -7.581         -10.272           54.239
   22 (vir)    46          45.313           9.383         -10.100          -9.252           53.848
   23 (vir)    46          53.330           7.368         -17.214          -9.767           53.252
   24 (vir)    46          53.330           3.732         -10.874          -9.767           55.955
   25 (vir)    46          61.306           2.794         -12.674          -9.358           60.784
   26 (vir)    46          82.872           7.319          -8.656          -7.154           88.688
 
 
  kpoint:      47             coordinate:     0.0000    0.2419    0.2419
 
    n           k   ϵ_nk^DFT (eV)     Σ^c_nk (eV)     Σ^x_nk (eV)    v_nk^xc (eV)   ϵ_nk^G0W0 (eV)
 
    1 (occ)    47          -5.743           5.558         -16.351         -10.596           -5.940
    2 (occ)    47           1.880           3.649         -13.451         -11.096            3.174
    3 (occ)    47           3.430           2.021         -10.103         -10.641            5.989
    4 (occ)    47           3.430           2.763         -12.671         -10.641            4.164
    5 (vir)    47           6.606          -4.635          -4.332          -9.177            6.815
    6 (vir)    47           8.762          -4.601          -2.778          -9.007           10.390
    7 (vir)    47          10.973          -2.940          -6.732         -10.499           11.800
    8 (vir)    47          10.973          -3.373          -6.400         -10.499           11.699
    9 (vir)    47          13.310          -0.210          -6.682         -10.309           16.727
   10 (vir)    47          14.353          -3.730          -4.159          -9.877           16.341
   11 (vir)    47          19.155          -7.540          -1.285          -9.396           19.726
   12 (vir)    47          19.155          -1.381          -3.533          -9.396           23.637
   13 (vir)    47          19.618          -0.922          -3.158          -9.549           25.087
   14 (vir)    47          22.662          -3.548          -3.592          -9.953           25.475
   15 (vir)    47          27.377          -0.141          -2.673         -10.420           34.984
   16 (vir)    47          27.377           1.079          -2.911         -10.420           35.965
   17 (vir)    47          28.306          -6.629          -1.504         -10.976           31.149
   18 (vir)    47          34.345          -0.449          -2.180         -11.150           42.867
   19 (vir)    47          41.413           0.415          -1.554          -9.420           49.693
   20 (vir)    47          43.743           0.463          -0.907         -10.274           53.572
   21 (vir)    47          43.743           7.687          -7.479         -10.274           54.225
   22 (vir)    47          46.570           3.961          -6.862          -9.227           52.896
   23 (vir)    47          53.211           2.848         -18.042          -9.752           47.769
   24 (vir)    47          53.211           1.769         -13.700          -9.752           51.032
   25 (vir)    47          61.224           6.021          -4.844          -9.293           71.694
   26 (vir)    47          83.416           9.522          -6.882          -7.127           93.182
 
 
  kpoint:      48             coordinate:     0.0000    0.2581    0.2581
 
    n           k   ϵ_nk^DFT (eV)     Σ^c_nk (eV)     Σ^x_nk (eV)    v_nk^xc (eV)   ϵ_nk^G0W0 (eV)
 
    1 (occ)    48          -5.606           5.616         -16.498         -10.606           -5.881
    2 (occ)    48           1.583           5.149         -15.187         -11.091            2.636
    3 (occ)    48           3.301           2.930         -11.217         -10.633            5.647
    4 (occ)    48           3.301           3.976         -14.025         -10.633            3.885
    5 (vir)    48           6.524          -4.826          -3.971          -9.128            6.855
    6 (vir)    48           8.542          -4.759          -2.556          -8.895           10.122
    7 (vir)    48          11.260          -4.018          -5.826         -10.512           11.929
    8 (vir)    48          11.260          -4.445          -5.139         -10.512           12.189
    9 (vir)    48          13.636          -1.247          -5.212         -10.371           17.548
   10 (vir)    48          14.517          -4.215          -3.855          -9.894           16.341
   11 (vir)    48          19.356          -7.358          -1.624          -9.542           19.916
   12 (vir)    48          19.356          -0.244          -4.332          -9.542           24.321
   13 (vir)    48          19.642          -7.050          -2.598          -9.613           19.607
   14 (vir)    48          23.231          -3.217          -3.332         -10.015           26.697
   15 (vir)    48          27.024          -0.457          -2.974         -10.337           33.929
   16 (vir)    48          27.024          -0.651          -2.649         -10.337           34.060
   17 (vir)    48          27.695          -5.204          -1.309         -10.943           32.125
   18 (vir)    48          34.418           0.774          -0.013         -11.160           46.338
   19 (vir)    48          41.287           0.941          -1.241          -9.460           50.446
   20 (vir)    48          43.103           0.032           0.124         -10.278           53.537
   21 (vir)    48          43.103           5.100          -6.393         -10.278           52.088
   22 (vir)    48          47.956           0.871          -1.681          -9.212           56.358
   23 (vir)    48          53.110           0.821         -15.658          -9.739           48.013
   24 (vir)    48          53.110          11.170         -15.563          -9.739           58.455
   25 (vir)    48          60.950           0.793           2.033          -9.229           73.005
   26 (vir)    48          83.905           7.576          -4.247          -7.102           94.336
 
 
  kpoint:      49             coordinate:     0.0000    0.2742    0.2742
 
    n           k   ϵ_nk^DFT (eV)     Σ^c_nk (eV)     Σ^x_nk (eV)    v_nk^xc (eV)   ϵ_nk^G0W0 (eV)
 
    1 (occ)    49          -5.460           6.100         -16.670         -10.618           -5.413
    2 (occ)    49           1.286           5.912         -16.226         -11.084            2.055
    3 (occ)    49           3.180           3.641         -12.152         -10.626            5.295
    4 (occ)    49           3.180           4.947         -15.212         -10.626            3.541
    5 (vir)    49           6.450          -5.059          -3.579          -9.082            6.894
    6 (vir)    49           8.326          -4.876          -2.427          -8.806            9.830
    7 (vir)    49          11.551          -5.043          -5.017         -10.523           12.014
    8 (vir)    49          11.551          -5.021          -4.393         -10.523           12.660
    9 (vir)    49          13.972          -2.580          -4.136         -10.416           17.672
   10 (vir)    49          14.694          -4.745          -3.452          -9.912           16.408
   11 (vir)    49          19.529          -6.681          -2.148          -9.704           20.404
   12 (vir)    49          19.529           0.344          -4.736          -9.704           24.840
   13 (vir)    49          19.669          -7.181          -2.237          -9.675           19.926
   14 (vir)    49          23.814          -1.494          -2.806         -10.078           29.591
   15 (vir)    49          26.728          -0.271          -3.525         -10.242           33.174
   16 (vir)    49          26.728           2.044          -2.386         -10.242           36.627
   17 (vir)    49          27.068          -6.109          -1.441         -10.909           30.427
   18 (vir)    49          34.471          -0.253           2.736         -11.168           48.121
   19 (vir)    49          41.209           0.133          -1.036          -9.503           49.809
   20 (vir)    49          42.433           0.608           0.185         -10.283           53.509
   21 (vir)    49          42.433           2.320          -5.231         -10.283           49.805
   22 (vir)    49          49.472           1.408           4.213          -9.216           64.309
   23 (vir)    49          53.034          10.719         -10.263          -9.729           63.219
   24 (vir)    49          53.034           6.681         -17.049          -9.729           52.395
   25 (vir)    49          60.510           1.382           5.914          -9.156           76.962
   26 (vir)    49          84.352           3.887          -1.572          -7.078           93.745
 
 
  kpoint:      50             coordinate:     0.0000    0.2903    0.2903
 
    n           k   ϵ_nk^DFT (eV)     Σ^c_nk (eV)     Σ^x_nk (eV)    v_nk^xc (eV)   ϵ_nk^G0W0 (eV)
 
    1 (occ)    50          -5.306           6.544         -16.821         -10.630           -4.954
    2 (occ)    50           0.991           6.163         -16.661         -11.075            1.568
    3 (occ)    50           3.066           4.061         -12.795         -10.620            4.952
    4 (occ)    50           3.066           5.599         -16.107         -10.620            3.178
    5 (vir)    50           6.383          -5.296          -3.193          -9.039            6.934
    6 (vir)    50           8.115          -4.968          -2.339          -8.736            9.544
    7 (vir)    50          11.846          -5.512          -4.396         -10.531           12.468
    8 (vir)    50          11.846          -5.295          -4.072         -10.531           13.009
    9 (vir)    50          14.315          -5.189          -3.563         -10.447           16.011
   10 (vir)    50          14.884          -5.196          -3.075          -9.931           16.543
   11 (vir)    50          19.656          -5.778          -2.705          -9.878           21.051
   12 (vir)    50          19.656           0.262          -4.565          -9.878           25.231
   13 (vir)    50          19.695          -7.497          -2.154          -9.735           19.779
   14 (vir)    50          24.407           1.512          -2.152         -10.141           33.908
   15 (vir)    50          26.430          -7.759          -1.821         -10.872           27.722
   16 (vir)    50          26.511          -0.213          -4.251         -10.140           32.187
   17 (vir)    50          26.511         -10.147          -2.196         -10.140           24.308
   18 (vir)    50          34.501          -5.304           5.171         -11.174           45.542
   19 (vir)    50          41.175          -2.520          -0.971          -9.548           47.231
   20 (vir)    50          41.736           1.018          -0.648         -10.290           52.396
   21 (vir)    50          41.736           0.869          -4.549         -10.290           48.346
   22 (vir)    50          51.097          -3.584           9.332          -9.259           66.103
   23 (vir)    50          52.987           0.629          -2.953          -9.723           60.386
   24 (vir)    50          52.987           4.772         -18.692          -9.723           48.791
   25 (vir)    50          59.952          -1.951           5.952          -9.052           73.004
   26 (vir)    50          84.765           0.776           0.450          -7.058           93.048
 
 
  kpoint:      51             coordinate:     0.0000    0.3065    0.3065
 
    n           k   ϵ_nk^DFT (eV)     Σ^c_nk (eV)     Σ^x_nk (eV)    v_nk^xc (eV)   ϵ_nk^G0W0 (eV)
 
    1 (occ)    51          -5.144           6.770         -16.914         -10.642           -4.646
    2 (occ)    51           0.696           5.876         -16.686         -11.064            0.949
    3 (occ)    51           2.961           4.215         -13.128         -10.615            4.664
    4 (occ)    51           2.961           5.942         -16.688         -10.615            2.831
    5 (vir)    51           6.325          -5.507          -2.838          -8.997            6.977
    6 (vir)    51           7.914          -5.051          -2.260          -8.681            9.284
    7 (vir)    51          12.144          -5.768          -3.995         -10.537           12.917
    8 (vir)    51          12.144          -5.644          -3.991         -10.537           13.045
    9 (vir)    51          14.662          -7.169          -3.402         -10.468           14.559
   10 (vir)    51          15.088          -5.819          -2.819          -9.952           16.402
   11 (vir)    51          19.715          -8.146          -2.328          -9.793           19.035
   12 (vir)    51          19.722          -2.806          -3.115         -10.053           23.854
   13 (vir)    51          19.722          -0.030          -3.846         -10.053           25.898
   14 (vir)    51          25.009          -8.787          -1.540         -10.204           24.885
   15 (vir)    51          25.787          -5.734          -2.282         -10.833           28.604
   16 (vir)    51          26.393          -0.232          -4.967         -10.042           31.235
   17 (vir)    51          26.393          -9.450          -2.177         -10.042           24.808
   18 (vir)    51          34.505           4.976           6.320         -11.177           56.979
   19 (vir)    51          41.018           0.057          -1.968         -10.297           49.404
   20 (vir)    51          41.018           0.374          -4.435         -10.297           47.254
   21 (vir)    51          41.181          -3.676          -0.963          -9.595           46.136
   22 (vir)    51          52.751          -2.589          12.338          -9.389           71.889
   23 (vir)    51          52.974           2.565           4.502          -9.719           69.760
   24 (vir)    51          52.974           2.568         -20.554          -9.719           44.707
   25 (vir)    51          59.380          -1.119           2.826          -8.868           69.955
   26 (vir)    51          85.149          -1.165           1.514          -7.041           92.539
 
 
  kpoint:      52             coordinate:     0.0000    0.3226    0.3226
 
    n           k   ϵ_nk^DFT (eV)     Σ^c_nk (eV)     Σ^x_nk (eV)    v_nk^xc (eV)   ϵ_nk^G0W0 (eV)
 
    1 (occ)    52          -4.974           7.045         -16.935         -10.656           -4.208
    2 (occ)    52           0.403           5.274         -16.522         -11.051            0.206
    3 (occ)    52           2.864           4.166         -13.212         -10.611            4.429
    4 (occ)    52           2.864           6.058         -17.006         -10.611            2.527
    5 (vir)    52           6.275          -5.674          -2.533          -8.958            7.026
    6 (vir)    52           7.721          -5.131          -2.171          -8.637            9.057
    7 (vir)    52          12.445          -5.782          -3.795         -10.541           13.409
    8 (vir)    52          12.445          -5.660          -3.958         -10.541           13.368
    9 (vir)    52          15.012          -7.690          -3.441         -10.481           14.362
   10 (vir)    52          15.307          -5.826          -2.720          -9.974           16.735
   11 (vir)    52          19.710           0.140          -3.242         -10.214           26.823
   12 (vir)    52          19.710          -1.553          -2.821         -10.214           25.551
   13 (vir)    52          19.724          -8.810          -2.650          -9.849           18.114
   14 (vir)    52          25.141          -1.576          -2.641         -10.793           31.717
   15 (vir)    52          25.614          -9.261          -1.109         -10.267           25.510
   16 (vir)    52          26.392          -0.148          -5.422          -9.962           30.783
   17 (vir)    52          26.392          -8.025          -2.386          -9.962           25.943
   18 (vir)    52          34.480           3.194           5.565         -11.178           54.417
   19 (vir)    52          40.283           0.011          -3.198         -10.303           47.399
   20 (vir)    52          40.283           0.209          -4.609         -10.303           46.186
   21 (vir)    52          41.224          -3.263          -0.821          -9.644           46.784
   22 (vir)    52          52.994          -5.359          10.110          -9.719           67.463
   23 (vir)    52          52.994           0.665         -22.062          -9.719           41.315
   24 (vir)    52          54.164          -1.856          11.685          -9.685           73.677
   25 (vir)    52          59.087           5.864          -0.726          -8.522           72.747
   26 (vir)    52          85.503          -4.586           1.788          -7.028           89.733
 
 
  kpoint:      53             coordinate:     0.0000    0.3387    0.3387
 
    n           k   ϵ_nk^DFT (eV)     Σ^c_nk (eV)     Σ^x_nk (eV)    v_nk^xc (eV)   ϵ_nk^G0W0 (eV)
 
    1 (occ)    53          -4.796           7.149         -16.887         -10.670           -3.865
    2 (occ)    53           0.111           4.865         -16.342         -11.037           -0.328
    3 (occ)    53           2.775           4.029         -13.158         -10.608            4.254
    4 (occ)    53           2.775           6.066         -17.157         -10.608            2.292
    5 (vir)    53           6.234          -5.795          -2.284          -8.920            7.075
    6 (vir)    53           7.539          -5.213          -2.072          -8.605            8.858
    7 (vir)    53          12.750          -5.699          -3.745         -10.543           13.850
    8 (vir)    53          12.750          -5.850          -3.847         -10.543           13.597
    9 (vir)    53          15.363          -8.582          -3.445         -10.487           13.822
   10 (vir)    53          15.541          -5.414          -2.751          -9.998           17.374
   11 (vir)    53          19.618          -2.852          -3.073         -10.349           24.042
   12 (vir)    53          19.618          -6.289          -1.827         -10.349           21.851
   13 (vir)    53          19.720          -8.856          -2.979          -9.903           17.788
   14 (vir)    53          24.498          -2.754          -2.778         -10.752           29.718
   15 (vir)    53          26.218          -6.407          -0.917         -10.329           29.223
   16 (vir)    53          26.513          -0.262          -5.398          -9.913           30.767
   17 (vir)    53          26.513          -6.444          -2.743          -9.913           27.240
   18 (vir)    53          34.423          -0.342           2.945         -11.175           48.200
   19 (vir)    53          39.537           0.033          -3.805         -10.308           46.073
   20 (vir)    53          39.537           0.133          -4.659         -10.308           45.320
   21 (vir)    53          41.306          -8.162          -0.346          -9.694           42.492
   22 (vir)    53          53.044          -2.402          12.252          -9.721           72.615
   23 (vir)    53          53.044          -0.225         -22.206          -9.721           40.335
   24 (vir)    53          54.709           4.450           5.611          -9.960           74.730
   25 (vir)    53          59.718           0.765          -0.439          -8.200           68.244
   26 (vir)    53          85.822           0.727           1.760          -7.022           95.330
 
 
  kpoint:      54             coordinate:     0.0000    0.3548    0.3548
 
    n           k   ϵ_nk^DFT (eV)     Σ^c_nk (eV)     Σ^x_nk (eV)    v_nk^xc (eV)   ϵ_nk^G0W0 (eV)
 
    1 (occ)    54          -4.611           6.951         -16.791         -10.684           -3.766
    2 (occ)    54          -0.178           4.696         -16.235         -11.021           -0.695
    3 (occ)    54           2.695           3.921         -13.079         -10.604            4.142
    4 (occ)    54           2.695           6.069         -17.236         -10.604            2.132
    5 (vir)    54           6.201          -5.879          -2.087          -8.884            7.120
    6 (vir)    54           7.368          -5.290          -1.971          -8.581            8.688
    7 (vir)    54          13.058          -5.684          -3.771         -10.544           14.147
    8 (vir)    54          13.058          -6.039          -3.632         -10.544           13.931
    9 (vir)    54          15.712          -9.015          -3.275         -10.486           13.908
   10 (vir)    54          15.792          -5.119          -2.834         -10.023           17.862
   11 (vir)    54          19.448          -4.277          -2.736         -10.449           22.884
   12 (vir)    54          19.448          -3.672          -1.148         -10.449           25.077
   13 (vir)    54          19.699          -8.356          -3.191          -9.954           18.107
   14 (vir)    54          23.862          -7.283          -2.686         -10.709           24.602
   15 (vir)    54          26.754          -0.152          -4.804          -9.902           31.701
   16 (vir)    54          26.754          -4.352          -3.009          -9.902           29.295
   17 (vir)    54          26.818          -7.564          -0.936         -10.390           28.707
   18 (vir)    54          34.329           0.051          -0.821         -11.168           44.727
   19 (vir)    54          38.785           0.117          -3.515         -10.310           45.696
   20 (vir)    54          38.785           0.048          -4.275         -10.310           44.867
   21 (vir)    54          41.427           0.493           0.532          -9.746           52.198
   22 (vir)    54          53.123          -1.575          10.246          -9.727           71.520
   23 (vir)    54          53.123           0.897         -20.039          -9.727           43.708
   24 (vir)    54          54.238           5.423           0.009          -9.954           69.623
   25 (vir)    54          61.431           0.083           0.575          -8.160           70.249
   26 (vir)    54          86.095           2.214           1.926          -7.022           97.258
 
 
  kpoint:      55             coordinate:     0.0000    0.3710    0.3710
 
    n           k   ϵ_nk^DFT (eV)     Σ^c_nk (eV)     Σ^x_nk (eV)    v_nk^xc (eV)   ϵ_nk^G0W0 (eV)
 
    1 (occ)    55          -4.418           6.622         -16.665         -10.700           -3.760
    2 (occ)    55          -0.464           4.686         -16.204         -11.004           -0.978
    3 (occ)    55           2.624           3.913         -13.059         -10.602            4.080
    4 (occ)    55           2.624           6.127         -17.315         -10.602            2.037
    5 (vir)    55           6.179          -5.943          -1.929          -8.849            7.155
    6 (vir)    55           7.209          -5.359          -1.877          -8.565            8.538
    7 (vir)    55          13.369          -5.714          -3.802         -10.545           14.398
    8 (vir)    55          13.369          -6.158          -3.372         -10.545           14.384
    9 (vir)    55          16.059          -9.036          -2.945         -10.481           14.560
   10 (vir)    55          16.060          -5.203          -2.883         -10.050           18.024
   11 (vir)    55          19.213          -5.759          -2.425         -10.516           21.546
   12 (vir)    55          19.213          -8.194          -0.921         -10.516           20.615
   13 (vir)    55          19.660          -7.484          -3.224         -10.002           18.953
   14 (vir)    55          23.237          -8.526          -2.465         -10.666           22.912
   15 (vir)    55          27.100          -1.201          -3.714          -9.928           32.113
   16 (vir)    55          27.100          -3.476          -2.903          -9.928           30.649
   17 (vir)    55          27.410          -7.993          -1.080         -10.449           28.786
   18 (vir)    55          34.197           1.207          -4.609         -11.156           41.951
   19 (vir)    55          38.031          -7.321          -2.430         -10.307           38.588
   20 (vir)    55          38.031          -0.059          -3.412         -10.307           44.867
   21 (vir)    55          41.590          -1.338           1.642          -9.797           51.690
   22 (vir)    55          53.223          -4.730           4.671          -9.735           62.899
   23 (vir)    55          53.223           0.225         -15.251          -9.735           47.933
   24 (vir)    55          53.288          -2.724          -1.263          -9.904           59.205
   25 (vir)    55          63.690          -0.745           0.344          -8.162           71.451
   26 (vir)    55          86.304           1.266           2.483          -7.032           97.085
 
 
  kpoint:      56             coordinate:     0.0000    0.3871    0.3871
 
    n           k   ϵ_nk^DFT (eV)     Σ^c_nk (eV)     Σ^x_nk (eV)    v_nk^xc (eV)   ϵ_nk^G0W0 (eV)
 
    1 (occ)    56          -4.217           6.292         -16.520         -10.716           -3.730
    2 (occ)    56          -0.748           4.787         -16.197         -10.985           -1.172
    3 (occ)    56           2.561           4.013         -13.124         -10.599            4.049
    4 (occ)    56           2.561           6.247         -17.424         -10.599            1.983
    5 (vir)    56           6.165          -6.005          -1.796          -8.815            7.180
    6 (vir)    56           7.061          -5.426          -1.795          -8.555            8.395
    7 (vir)    56          13.682          -5.837          -3.787         -10.546           14.604
    8 (vir)    56          13.682          -6.177          -3.168         -10.546           14.883
    9 (vir)    56          16.345          -5.528          -2.841         -10.078           18.054
   10 (vir)    56          16.403          -7.583          -2.608         -10.471           16.683
   11 (vir)    56          18.930          -6.603          -2.304         -10.554           20.577
   12 (vir)    56          18.930          -7.503          -1.133         -10.554           20.848
   13 (vir)    56          19.600          -6.419          -3.102         -10.048           20.126
   14 (vir)    56          22.626          -8.157          -2.268         -10.622           22.823
   15 (vir)    56          27.535          -0.561          -2.343          -9.983           34.614
   16 (vir)    56          27.535          -3.728          -2.294          -9.983           31.496
   17 (vir)    56          27.990          -7.130          -1.254         -10.505           30.112
   18 (vir)    56          34.024           1.275          -7.340         -11.138           39.097
   19 (vir)    56          37.281         -10.540          -1.003         -10.298           36.036
   20 (vir)    56          37.281           2.680          -2.296         -10.298           47.963
   21 (vir)    56          41.798          -3.036           2.563          -9.846           51.172
   22 (vir)    56          52.162          -1.404           0.435          -9.884           61.078
   23 (vir)    56          53.339         -10.761          -2.713          -9.746           49.611
   24 (vir)    56          53.339          -0.859          -8.507          -9.746           53.719
   25 (vir)    56          66.184          -0.072           0.434          -8.133           74.679
   26 (vir)    56          86.427          -0.636           3.167          -7.051           96.009
 
 
  kpoint:      57             coordinate:     0.0000    0.4032    0.4032
 
    n           k   ϵ_nk^DFT (eV)     Σ^c_nk (eV)     Σ^x_nk (eV)    v_nk^xc (eV)   ϵ_nk^G0W0 (eV)
 
    1 (occ)    57          -4.009           5.972         -16.356         -10.732           -3.660
    2 (occ)    57          -1.028           4.843         -16.145         -10.966           -1.363
    3 (occ)    57           2.507           4.172         -13.250         -10.597            4.026
    4 (occ)    57           2.507           6.391         -17.556         -10.597            1.939
    5 (vir)    57           6.161          -6.074          -1.676          -8.783            7.194
    6 (vir)    57           6.925          -5.497          -1.724          -8.552            8.256
    7 (vir)    57          13.996          -5.973          -3.717         -10.548           14.853
    8 (vir)    57          13.996          -6.288          -3.110         -10.548           15.146
    9 (vir)    57          16.650          -6.468          -2.709         -10.108           17.581
   10 (vir)    57          16.740          -5.834          -2.470         -10.457           18.894
   11 (vir)    57          18.615          -7.210          -2.442         -10.572           19.534
   12 (vir)    57          18.615          -6.948          -1.684         -10.572           20.555
   13 (vir)    57          19.517           2.114          -2.920         -10.091           28.803
   14 (vir)    57          22.031          -8.098          -2.227         -10.578           22.284
   15 (vir)    57          28.039          -0.387          -1.002         -10.061           36.712
   16 (vir)    57          28.039          -6.760          -1.337         -10.061           30.003
   17 (vir)    57          28.558          -5.965          -1.405         -10.560           31.748
   18 (vir)    57          33.807           1.479          -8.393         -11.115           38.008
   19 (vir)    57          36.536          -4.975           0.143         -10.279           41.984
   20 (vir)    57          36.536          -9.963          -1.304         -10.279           35.549
   21 (vir)    57          42.056           0.015           2.768          -9.893           54.732
   22 (vir)    57          50.981          -0.317           3.121          -9.887           63.672
   23 (vir)    57          53.463          -0.926          -9.500          -9.758           52.795
   24 (vir)    57          53.463          -0.054          -1.354          -9.758           61.812
   25 (vir)    57          68.776           0.609           1.316          -8.076           78.776
   26 (vir)    57          86.433          -2.753           3.375          -7.081           94.137
 
 
  kpoint:      58             coordinate:     0.0000    0.4194    0.4194
 
    n           k   ϵ_nk^DFT (eV)     Σ^c_nk (eV)     Σ^x_nk (eV)    v_nk^xc (eV)   ϵ_nk^G0W0 (eV)
 
    1 (occ)    58          -3.794           5.706         -16.163         -10.750           -3.501
    2 (occ)    58          -1.304           4.780         -16.005         -10.946           -1.583
    3 (occ)    58           2.461           4.314         -13.381         -10.595            3.989
    4 (occ)    58           2.461           6.505         -17.682         -10.595            1.879
    5 (vir)    58           6.167          -6.151          -1.563          -8.752            7.205
    6 (vir)    58           6.800          -5.579          -1.658          -8.553            8.117
    7 (vir)    58          14.310          -6.028          -3.635         -10.551           15.198
    8 (vir)    58          14.310          -6.164          -3.236         -10.551           15.461
    9 (vir)    58          16.974          -6.646          -2.545         -10.140           17.922
   10 (vir)    58          17.069           1.138          -2.672         -10.439           25.974
   11 (vir)    58          18.282          -7.199          -2.805         -10.575           18.853
   12 (vir)    58          18.282          -6.101          -2.441         -10.575           20.315
   13 (vir)    58          19.412          -7.131          -2.812         -10.132           19.601
   14 (vir)    58          21.456          -7.841          -2.395         -10.534           21.755
   15 (vir)    58          28.595          -6.748          -0.026         -10.156           31.978
   16 (vir)    58          28.595          -7.189          -0.463         -10.156           31.099
   17 (vir)    58          29.112          -6.336          -1.524         -10.612           31.864
   18 (vir)    58          33.546           1.508          -7.798         -11.085           38.342
   19 (vir)    58          35.801          -4.486           0.502         -10.248           42.066
   20 (vir)    58          35.801          -9.264          -0.771         -10.248           36.015
   21 (vir)    58          42.368          -0.011           1.856          -9.934           54.147
   22 (vir)    58          49.805           3.380           4.965          -9.904           68.053
   23 (vir)    58          53.587          -0.601         -13.490          -9.770           49.266
   24 (vir)    58          53.587           1.798           4.339          -9.770           69.494
   25 (vir)    58          71.375           2.745           2.366          -8.000           84.485
   26 (vir)    58          86.290          -0.043           2.498          -7.124           95.869
 
 
  kpoint:      59             coordinate:     0.0000    0.4355    0.4355
 
    n           k   ϵ_nk^DFT (eV)     Σ^c_nk (eV)     Σ^x_nk (eV)    v_nk^xc (eV)   ϵ_nk^G0W0 (eV)
 
    1 (occ)    59          -3.572           5.436         -15.934         -10.767           -3.303
    2 (occ)    59          -1.577           4.610         -15.779         -10.926           -1.819
    3 (occ)    59           2.424           4.391         -13.462         -10.594            3.946
    4 (occ)    59           2.424           6.548         -17.773         -10.594            1.793
    5 (vir)    59           6.183          -6.225          -1.461          -8.722            7.220
    6 (vir)    59           6.687          -5.679          -1.590          -8.560            7.977
    7 (vir)    59          14.619          -5.935          -3.614         -10.556           15.625
    8 (vir)    59          14.619          -5.666          -3.517         -10.556           15.992
    9 (vir)    59          17.318          -6.520          -2.440         -10.173           18.531
   10 (vir)    59          17.388           0.611          -3.209         -10.418           25.209
   11 (vir)    59          17.945          -6.705          -3.279         -10.569           18.530
   12 (vir)    59          17.945          -5.459          -3.276         -10.569           19.779
   13 (vir)    59          19.281           1.195          -2.900         -10.171           27.748
   14 (vir)    59          20.903          -7.194          -2.719         -10.490           21.479
   15 (vir)    59          29.187          -8.840           0.317         -10.267           30.930
   16 (vir)    59          29.187          -2.465          -0.203         -10.267           36.785
   17 (vir)    59          29.651           0.196          -1.621         -10.663           38.889
   18 (vir)    59          33.242           1.012          -6.137         -11.050           39.167
   19 (vir)    59          35.081          -7.709          -0.059         -10.199           37.513
   20 (vir)    59          35.081          -0.769          -0.818         -10.199           43.692
   21 (vir)    59          42.741          -0.117          -0.202          -9.969           52.391
   22 (vir)    59          48.673           5.085           4.820          -9.928           68.506
   23 (vir)    59          53.702           2.617         -13.537          -9.782           52.564
   24 (vir)    59          53.702           8.526           7.185          -9.782           79.196
   25 (vir)    59          73.905           6.848           2.562          -7.911           91.226
   26 (vir)    59          85.960           0.091           0.330          -7.178           93.560
 
 
  kpoint:      60             coordinate:     0.0000    0.4516    0.4516
 
    n           k   ϵ_nk^DFT (eV)     Σ^c_nk (eV)     Σ^x_nk (eV)    v_nk^xc (eV)   ϵ_nk^G0W0 (eV)
 
    1 (occ)    60          -3.343           5.104         -15.679         -10.786           -3.133
    2 (occ)    60          -1.845           4.321         -15.512         -10.906           -2.130
    3 (occ)    60           2.395           4.386         -13.471         -10.593            3.903
    4 (occ)    60           2.395           6.512         -17.814         -10.593            1.685
    5 (vir)    60           6.209          -6.278          -1.377          -8.694            7.248
    6 (vir)    60           6.586          -5.799          -1.517          -8.570            7.839
    7 (vir)    60          14.917          -5.709          -3.727         -10.564           16.045
    8 (vir)    60          14.917          -5.483          -3.864         -10.564           16.134
    9 (vir)    60          17.619          -4.664          -3.714         -10.557           19.798
   10 (vir)    60          17.619          -3.503          -4.090         -10.557           20.584
   11 (vir)    60          17.685          -6.389          -2.468         -10.208           19.035
   12 (vir)    60          17.694          -4.876          -3.915         -10.395           19.298
   13 (vir)    60          19.126          -5.629          -3.236         -10.208           20.468
   14 (vir)    60          20.371          -5.629          -3.075         -10.446           22.113
   15 (vir)    60          29.796          -8.877          -0.070         -10.397           31.246
   16 (vir)    60          29.796           2.945          -0.920         -10.397           42.217
   17 (vir)    60          30.175           0.310          -1.684         -10.714           39.515
   18 (vir)    60          32.896           0.035          -4.215         -11.009           39.724
   19 (vir)    60          34.382          -8.883          -1.187         -10.122           34.434
   20 (vir)    60          34.382          -1.748          -1.280         -10.122           41.476
   21 (vir)    60          43.180          -0.617          -2.953          -9.996           49.606
   22 (vir)    60          47.611          10.132           2.569          -9.955           70.267
   23 (vir)    60          53.801           4.529         -10.029          -9.793           58.094
   24 (vir)    60          53.801          -0.804           6.933          -9.793           69.723
   25 (vir)    60          76.300          -2.007           1.230          -7.813           83.336
   26 (vir)    60          85.408           0.165          -2.690          -7.245           90.128
 
 
  kpoint:      61             coordinate:     0.0000    0.4677    0.4677
 
    n           k   ϵ_nk^DFT (eV)     Σ^c_nk (eV)     Σ^x_nk (eV)    v_nk^xc (eV)   ϵ_nk^G0W0 (eV)
 
    1 (occ)    61          -3.108           4.772         -15.426         -10.805           -2.957
    2 (occ)    61          -2.108           4.164         -15.273         -10.885           -2.332
    3 (occ)    61           2.374           4.323         -13.423         -10.592            3.866
    4 (occ)    61           2.374           6.426         -17.814         -10.592            1.578
    5 (vir)    61           6.245          -6.293          -1.322          -8.668            7.297
    6 (vir)    61           6.495          -5.933          -1.442          -8.584            7.704
    7 (vir)    61          15.186          -5.248          -3.993         -10.576           16.521
    8 (vir)    61          15.186          -5.317          -4.158         -10.576           16.288
    9 (vir)    61          17.326          -3.825          -3.978         -10.541           20.064
   10 (vir)    61          17.326          -2.426          -4.803         -10.541           20.638
   11 (vir)    61          17.985          -5.322          -4.539         -10.369           18.492
   12 (vir)    61          18.073          -5.710          -2.650         -10.244           19.957
   13 (vir)    61          18.945          -5.744          -3.773         -10.244           19.672
   14 (vir)    61          19.864          -2.959          -3.323         -10.404           23.984
   15 (vir)    61          30.395         -12.711          -1.054         -10.565           27.195
   16 (vir)    61          30.395          -1.818          -2.617         -10.564           36.524
   17 (vir)    61          30.683           1.154          -1.677         -10.764           40.924
   18 (vir)    61          32.511           2.373          -2.690         -10.964           43.158
   19 (vir)    61          33.724           0.749          -2.158          -9.994           42.310
   20 (vir)    61          33.724          -0.559          -1.766          -9.994           41.393
   21 (vir)    61          43.694           7.136          -5.547         -10.012           55.296
   22 (vir)    61          46.636           4.890          -0.961          -9.980           60.546
   23 (vir)    61          53.877           4.548          -4.756          -9.802           63.471
   24 (vir)    61          53.877           0.267           4.620          -9.802           68.566
   25 (vir)    61          78.498           2.692          -1.471          -7.711           87.429
   26 (vir)    61          84.600           0.084          -5.564          -7.323           86.443
 
 
  kpoint:      62             coordinate:     0.0000    0.4839    0.4839
 
    n           k   ϵ_nk^DFT (eV)     Σ^c_nk (eV)     Σ^x_nk (eV)    v_nk^xc (eV)   ϵ_nk^G0W0 (eV)
 
    1 (occ)    62          -2.867           4.450         -15.220         -10.824           -2.812
    2 (occ)    62          -2.367           4.102         -15.126         -10.865           -2.526
    3 (occ)    62           2.362           4.249         -13.363         -10.591            3.839
    4 (occ)    62           2.362           6.342         -17.798         -10.591            1.498
    5 (vir)    62           6.291          -6.261          -1.304          -8.643            7.369
    6 (vir)    62           6.416          -6.067          -1.373          -8.601            7.578
    7 (vir)    62          15.393          -5.014          -4.326         -10.589           16.642
    8 (vir)    62          15.393          -5.262          -4.308         -10.589           16.412
    9 (vir)    62          17.104          -2.833          -4.030         -10.524           20.765
   10 (vir)    62          17.104          -2.613          -5.336         -10.524           19.679
   11 (vir)    62          18.257          -6.323          -4.858         -10.340           17.416
   12 (vir)    62          18.485          -4.395          -2.937         -10.282           21.435
   13 (vir)    62          18.739          -6.583          -4.355         -10.278           18.079
   14 (vir)    62          19.380          -2.135          -3.372         -10.362           24.234
   15 (vir)    62          30.918           2.917          -2.296         -10.800           42.339
   16 (vir)    62          30.918           1.442          -4.897         -10.800           38.264
   17 (vir)    62          31.174           1.852          -1.600         -10.815           42.241
   18 (vir)    62          32.092          -7.483          -1.840         -10.915           33.685
   19 (vir)    62          33.168           1.287          -2.201          -9.784           42.037
   20 (vir)    62          33.168           1.780          -1.857          -9.784           42.875
   21 (vir)    62          44.290           2.759          -7.023         -10.018           50.045
   22 (vir)    62          45.757           0.733          -4.451         -10.001           52.040
   23 (vir)    62          53.925           1.635          -0.179          -9.807           65.188
   24 (vir)    62          53.925          -0.088           2.076          -9.807           65.720
   25 (vir)    62          80.452           0.052          -4.574          -7.608           83.538
   26 (vir)    62          83.512           0.045          -7.161          -7.411           83.806
 
 
  kpoint:      63             coordinate:     0.0000    0.5000    0.5000
 
    n           k   ϵ_nk^DFT (eV)     Σ^c_nk (eV)     Σ^x_nk (eV)    v_nk^xc (eV)   ϵ_nk^G0W0 (eV)
 
    1 (occ)    63          -2.619           4.168         -15.148         -10.844           -2.755
    2 (occ)    63          -2.619           4.249         -15.069         -10.844           -2.596
    3 (occ)    63           2.358           4.216         -13.337         -10.591            3.827
    4 (occ)    63           2.358           6.308         -17.789         -10.591            1.468
    5 (vir)    63           6.348          -5.398          -2.725          -8.621            6.847
    6 (vir)    63           6.348          -6.985           0.079          -8.621            8.063
    7 (vir)    63          15.475          -4.937          -4.497         -10.597           16.637
    8 (vir)    63          15.475          -5.222          -4.335         -10.597           16.514
    9 (vir)    63          17.017          -2.409          -4.001         -10.515           21.122
   10 (vir)    63          17.017          -2.943          -5.551         -10.515           19.038
   11 (vir)    63          18.509          -6.928          -4.957         -10.310           16.934
   12 (vir)    63          18.509          -6.752          -4.596         -10.310           17.471
   13 (vir)    63          18.920          -3.513          -3.180         -10.322           22.548
   14 (vir)    63          18.920          -2.385          -3.255         -10.322           23.602
   15 (vir)    63          31.166           0.558          -3.035         -10.989           39.678
   16 (vir)    63          31.166           0.016          -6.360         -10.989           35.810
   17 (vir)    63          31.645           2.504          -1.586         -10.865           43.427
   18 (vir)    63          31.645           2.496          -1.553         -10.865           43.453
   19 (vir)    63          32.910          -8.873          -1.654          -9.604           31.986
   20 (vir)    63          32.910         -10.251          -1.649          -9.604           30.614
   21 (vir)    63          44.976           0.748          -6.715         -10.014           49.023
   22 (vir)    63          44.976           0.041          -6.660         -10.014           48.371
   23 (vir)    63          53.941           0.726           1.618          -9.809           66.094
   24 (vir)    63          53.941          -0.612           0.999          -9.809           64.138
   25 (vir)    63          82.129           0.045          -6.794          -7.507           82.887
   26 (vir)    63          82.129           0.044          -6.778          -7.507           82.902
 
 
  kpoint:      64             coordinate:     0.0081    0.5040    0.5040
 
    n           k   ϵ_nk^DFT (eV)     Σ^c_nk (eV)     Σ^x_nk (eV)    v_nk^xc (eV)   ϵ_nk^G0W0 (eV)
 
    1 (occ)    64          -2.620           4.170         -15.151         -10.844           -2.756
    2 (occ)    64          -2.619           4.248         -15.069         -10.844           -2.595
    3 (occ)    64           2.354           4.198         -13.349         -10.588            3.792
    4 (occ)    64           2.358           6.309         -17.789         -10.591            1.470
    5 (vir)    64           6.349          -7.156           0.327          -8.621            8.141
    6 (vir)    64           6.354          -5.247          -2.982          -8.624            6.749
    7 (vir)    64          15.469          -5.224          -4.328         -10.595           16.513
    8 (vir)    64          15.472          -4.960          -4.488         -10.596           16.620
    9 (vir)    64          17.001          -2.547          -3.989         -10.510           20.974
   10 (vir)    64          17.005          -2.942          -5.504         -10.510           19.069
   11 (vir)    64          18.513          -6.970          -5.879         -10.311           15.975
   12 (vir)    64          18.527          -7.636          -3.664         -10.315           17.543
   13 (vir)    64          18.927          -2.401          -3.252         -10.323           23.597
   14 (vir)    64          18.933          -3.532          -3.202         -10.326           22.525
   15 (vir)    64          31.159           0.023          -6.266         -10.987           35.902
   16 (vir)    64          31.168           0.602          -3.010         -10.989           39.749
   17 (vir)    64          31.642           0.153           0.614         -10.863           43.273
   18 (vir)    64          31.643           3.226          -3.823         -10.867           41.913
   19 (vir)    64          32.912          -9.002          -1.653          -9.606           31.863
   20 (vir)    64          32.914         -10.255          -1.646          -9.604           30.617
   21 (vir)    64          44.957           1.736          -9.339         -10.013           47.366
   22 (vir)    64          44.973           0.047          -3.890         -10.014           51.145
   23 (vir)    64          53.939          -0.630           1.059          -9.809           64.177
   24 (vir)    64          53.966           0.632           1.664          -9.810           66.072
   25 (vir)    64          82.125           0.270          -0.349          -7.507           89.553
   26 (vir)    64          82.131           0.514         -13.101          -7.507           77.051
 
 
  kpoint:      65             coordinate:     0.0161    0.5081    0.5081
 
    n           k   ϵ_nk^DFT (eV)     Σ^c_nk (eV)     Σ^x_nk (eV)    v_nk^xc (eV)   ϵ_nk^G0W0 (eV)
 
    1 (occ)    65          -2.620           4.177         -15.154         -10.845           -2.753
    2 (occ)    65          -2.617           4.242         -15.072         -10.844           -2.603
    3 (occ)    65           2.343           4.141         -13.382         -10.580            3.682
    4 (occ)    65           2.359           6.313         -17.790         -10.592            1.474
    5 (vir)    65           6.350          -7.158           0.329          -8.622            8.143
    6 (vir)    65           6.371          -5.229          -3.011          -8.631            6.762
    7 (vir)    65          15.452          -5.231          -4.305         -10.590           16.505
    8 (vir)    65          15.461          -5.024          -4.460         -10.593           16.570
    9 (vir)    65          16.954          -2.936          -3.958         -10.495           20.555
   10 (vir)    65          16.972          -2.955          -5.373         -10.494           19.139
   11 (vir)    65          18.523          -6.995          -5.794         -10.313           16.047
   12 (vir)    65          18.580          -7.795          -3.716         -10.331           17.399
   13 (vir)    65          18.947          -2.431          -3.244         -10.328           23.599
   14 (vir)    65          18.969          -3.592          -3.262         -10.339           22.454
   15 (vir)    65          31.137           0.048          -5.992         -10.982           36.174
   16 (vir)    65          31.174           0.747          -2.938         -10.989           39.973
   17 (vir)    65          31.634           0.086           0.542         -10.857           43.120
   18 (vir)    65          31.638           3.209          -3.951         -10.871           41.767
   19 (vir)    65          32.918          -9.344          -1.650          -9.612           31.535
   20 (vir)    65          32.928         -10.270          -1.637          -9.604           30.626
   21 (vir)    65          44.902           1.808          -9.055         -10.010           47.665
   22 (vir)    65          44.966           0.120          -3.748         -10.015           51.353
   23 (vir)    65          53.931          -0.681           1.235          -9.810           64.295
   24 (vir)    65          54.041           0.381           1.817          -9.811           66.050
   25 (vir)    65          82.111           0.100          -0.193          -7.508           89.526
   26 (vir)    65          82.138           0.488         -12.891          -7.506           77.240
 
 
  kpoint:      66             coordinate:     0.0242    0.5121    0.5121
 
    n           k   ϵ_nk^DFT (eV)     Σ^c_nk (eV)     Σ^x_nk (eV)    v_nk^xc (eV)   ϵ_nk^G0W0 (eV)
 
    1 (occ)    66          -2.622           4.189         -15.161         -10.846           -2.747
    2 (occ)    66          -2.614           4.232         -15.077         -10.845           -2.614
    3 (occ)    66           2.325           4.044         -13.434         -10.566            3.501
    4 (occ)    66           2.362           6.319         -17.792         -10.592            1.480
    5 (vir)    66           6.353          -7.160           0.333          -8.622            8.148
    6 (vir)    66           6.398          -5.196          -3.059          -8.644            6.787
    7 (vir)    66          15.423          -5.252          -4.270         -10.583           16.485
    8 (vir)    66          15.445          -5.122          -4.416         -10.589           16.496
    9 (vir)    66          16.883          -3.507          -3.917         -10.474           19.933
   10 (vir)    66          16.920          -3.024          -5.177         -10.471           19.190
   11 (vir)    66          18.540          -7.041          -5.654         -10.317           16.163
   12 (vir)    66          18.661          -7.838          -3.787         -10.352           17.387
   13 (vir)    66          18.979          -2.476          -3.231         -10.336           23.609
   14 (vir)    66          19.027          -3.742          -3.341         -10.359           22.302
   15 (vir)    66          31.102           0.093          -5.560         -10.973           36.608
   16 (vir)    66          31.185           1.022          -2.819         -10.990           40.378
   17 (vir)    66          31.621          -0.033           0.421         -10.848           42.857
   18 (vir)    66          31.629           3.124          -4.128         -10.877           41.501
   19 (vir)    66          32.927          -9.792          -1.646          -9.621           31.110
   20 (vir)    66          32.950         -10.291          -1.622          -9.605           30.642
   21 (vir)    66          44.811           1.786          -8.608         -10.004           47.994
   22 (vir)    66          44.954           0.250          -3.514         -10.016           51.706
   23 (vir)    66          53.918          -0.759           1.528          -9.810           64.497
   24 (vir)    66          54.163           0.093           2.111          -9.814           66.181
   25 (vir)    66          82.090           0.005           0.016          -7.508           89.619
   26 (vir)    66          82.149           0.444         -12.497          -7.505           77.601
 
 
  kpoint:      67             coordinate:     0.0323    0.5161    0.5161
 
    n           k   ϵ_nk^DFT (eV)     Σ^c_nk (eV)     Σ^x_nk (eV)    v_nk^xc (eV)   ϵ_nk^G0W0 (eV)
 
    1 (occ)    67          -2.623           4.205         -15.169         -10.848           -2.739
    2 (occ)    67          -2.610           4.219         -15.085         -10.845           -2.631
    3 (occ)    67           2.300           3.931         -13.498         -10.548            3.280
    4 (occ)    67           2.365           6.327         -17.794         -10.592            1.490
    5 (vir)    67           6.356          -7.164           0.338          -8.624            8.154
    6 (vir)    67           6.437          -5.145          -3.126          -8.661            6.827
    7 (vir)    67          15.384          -5.288          -4.222         -10.572           16.447
    8 (vir)    67          15.421          -5.234          -4.357         -10.583           16.413
    9 (vir)    67          16.792          -4.117          -3.875         -10.451           19.251
   10 (vir)    67          16.852          -3.184          -4.938         -10.442           19.172
   11 (vir)    67          18.563          -7.107          -5.462         -10.322           16.316
   12 (vir)    67          18.764          -6.734          -3.864         -10.376           18.543
   13 (vir)    67          19.024          -2.676          -3.211         -10.347           23.483
   14 (vir)    67          19.103          -4.139          -3.419         -10.383           21.927
   15 (vir)    67          31.053           0.149          -5.001         -10.963           37.164
   16 (vir)    67          31.200           1.440          -2.657         -10.991           40.973
   17 (vir)    67          31.604          -0.219           0.255         -10.836           42.477
   18 (vir)    67          31.615           3.074          -4.318         -10.885           41.257
   19 (vir)    67          32.939         -10.194          -1.644          -9.633           30.734
   20 (vir)    67          32.982         -10.318          -1.602          -9.605           30.668
   21 (vir)    67          44.689           1.511          -8.031          -9.998           48.167
   22 (vir)    67          44.937           0.379          -3.194         -10.017           52.139
   23 (vir)    67          53.900          -0.849           1.933          -9.811           64.794
   24 (vir)    67          54.330           0.022           2.593          -9.817           66.762
   25 (vir)    67          82.059           0.191           0.290          -7.509           90.049
   26 (vir)    67          82.164           0.388         -11.939          -7.504           78.117
 
 
  kpoint:      68             coordinate:     0.0403    0.5202    0.5202
 
    n           k   ϵ_nk^DFT (eV)     Σ^c_nk (eV)     Σ^x_nk (eV)    v_nk^xc (eV)   ϵ_nk^G0W0 (eV)
 
    1 (occ)    68          -2.625           4.224         -15.180         -10.850           -2.731
    2 (occ)    68          -2.604           4.204         -15.096         -10.845           -2.651
    3 (occ)    68           2.268           3.819         -13.568         -10.526            3.045
    4 (occ)    68           2.369           6.337         -17.798         -10.593            1.501
    5 (vir)    68           6.360          -7.168           0.344          -8.625            8.161
    6 (vir)    68           6.485          -5.074          -3.209          -8.682            6.884
    7 (vir)    68          15.336          -5.335          -4.165         -10.560           16.396
    8 (vir)    68          15.392          -5.330          -4.287         -10.575           16.349
    9 (vir)    68          16.689          -4.555          -3.836         -10.428           18.725
   10 (vir)    68          16.771          -3.440          -4.679         -10.410           19.062
   11 (vir)    68          18.593          -7.190          -5.224         -10.328           16.507
   12 (vir)    68          18.884          -6.016          -3.933         -10.400           19.335
   13 (vir)    68          19.079          -2.850          -3.187         -10.360           23.402
   14 (vir)    68          19.194          -4.620          -3.479         -10.408           21.503
   15 (vir)    68          30.991           0.108          -4.348         -10.951           37.702
   16 (vir)    68          31.219           1.881          -2.457         -10.992           41.635
   17 (vir)    68          31.581          -0.493           0.048         -10.823           41.959
   18 (vir)    68          31.598           2.563          -4.481         -10.894           40.573
   19 (vir)    68          32.955         -10.619          -1.647          -9.647           30.337
   20 (vir)    68          33.021         -10.348          -1.578          -9.606           30.702
   21 (vir)    68          44.539           0.894          -7.361          -9.989           48.061
   22 (vir)    68          44.916           0.389          -2.795         -10.018           52.527
   23 (vir)    68          53.876          -0.928           2.446          -9.812           65.206
   24 (vir)    68          54.538           0.323           3.304          -9.821           67.986
   25 (vir)    68          82.020           0.323           0.611          -7.511           90.465
   26 (vir)    68          82.184           0.321         -11.215          -7.502           78.792
 
 
  kpoint:      69             coordinate:     0.0484    0.5242    0.5242
 
    n           k   ϵ_nk^DFT (eV)     Σ^c_nk (eV)     Σ^x_nk (eV)    v_nk^xc (eV)   ϵ_nk^G0W0 (eV)
 
    1 (occ)    69          -2.628           4.245         -15.193         -10.853           -2.723
    2 (occ)    69          -2.598           4.195         -15.109         -10.845           -2.666
    3 (occ)    69           2.231           3.693         -13.634         -10.500            2.789
    4 (occ)    69           2.374           6.349         -17.802         -10.593            1.514
    5 (vir)    69           6.365          -7.173           0.351          -8.627            8.170
    6 (vir)    69           6.543          -4.979          -3.306          -8.705            6.964
    7 (vir)    69          15.278          -5.394          -4.100         -10.546           16.331
    8 (vir)    69          15.356          -5.352          -4.210         -10.566           16.361
    9 (vir)    69          16.576          -5.382          -3.802         -10.405           17.797
   10 (vir)    69          16.680          -3.759          -4.415         -10.376           18.881
   11 (vir)    69          18.629          -7.280          -4.946         -10.336           16.738
   12 (vir)    69          19.018          -6.026          -3.986         -10.424           19.430
   13 (vir)    69          19.145          -3.200          -3.156         -10.374           23.163
   14 (vir)    69          19.296          -5.082          -3.509         -10.435           21.140
   15 (vir)    69          30.917          -0.700          -3.633         -10.938           37.522
   16 (vir)    69          31.243           1.970          -2.224         -10.994           41.983
   17 (vir)    69          31.555          -0.905          -0.197         -10.807           41.260
   18 (vir)    69          31.575          -2.064          -4.585         -10.903           35.829
   19 (vir)    69          32.973         -10.486          -1.656          -9.663           30.493
   20 (vir)    69          33.070         -10.380          -1.552          -9.608           30.745
   21 (vir)    69          44.365           0.061          -6.633          -9.980           47.772
   22 (vir)    69          44.889          -0.020          -2.328         -10.020           52.561
   23 (vir)    69          53.848          -0.948           3.060          -9.813           65.773
   24 (vir)    69          54.782           0.366           4.268          -9.825           69.241
   25 (vir)    69          81.972          -0.162           0.959          -7.513           90.282
   26 (vir)    69          82.208           0.206         -10.327          -7.500           79.587
 
 
  kpoint:      70             coordinate:     0.0565    0.5282    0.5282
 
    n           k   ϵ_nk^DFT (eV)     Σ^c_nk (eV)     Σ^x_nk (eV)    v_nk^xc (eV)   ϵ_nk^G0W0 (eV)
 
    1 (occ)    70          -2.631           4.263         -15.207         -10.856           -2.720
    2 (occ)    70          -2.590           4.182         -15.126         -10.846           -2.688
    3 (occ)    70           2.188           3.548         -13.689         -10.471            2.518
    4 (occ)    70           2.380           6.363         -17.807         -10.594            1.530
    5 (vir)    70           6.371          -7.178           0.359          -8.629            8.180
    6 (vir)    70           6.610          -4.859          -3.416          -8.732            7.067
    7 (vir)    70          15.213          -5.460          -4.030         -10.531           16.254
    8 (vir)    70          15.316          -5.646          -4.127         -10.556           16.098
    9 (vir)    70          16.457          -5.540          -3.774         -10.384           17.527
   10 (vir)    70          16.581          -4.097          -4.159         -10.341           18.667
   11 (vir)    70          18.670          -7.361          -4.636         -10.344           17.017
   12 (vir)    70          19.161          -6.205          -4.016         -10.447           19.387
   13 (vir)    70          19.220          -3.672          -3.121         -10.390           22.818
   14 (vir)    70          19.408          -5.556          -3.503         -10.461           20.810
   15 (vir)    70          30.830          -2.038          -2.886         -10.925           36.832
   16 (vir)    70          31.271           1.369          -1.964         -10.996           41.671
   17 (vir)    70          31.525          -1.615          -0.477         -10.792           40.225
   18 (vir)    70          31.547          -1.134          -4.607         -10.911           36.718
   19 (vir)    70          32.993         -10.557          -1.673          -9.679           30.442
   20 (vir)    70          33.127         -10.415          -1.524          -9.609           30.797
   21 (vir)    70          44.171          -0.481          -5.876          -9.969           47.783
   22 (vir)    70          44.858          -2.050          -1.804         -10.022           51.026
   23 (vir)    70          53.815          -0.771           3.768          -9.815           66.626
   24 (vir)    70          55.059          -0.154           5.479          -9.829           70.213
   25 (vir)    70          81.916          -0.398           1.306          -7.515           90.339
   26 (vir)    70          82.236           0.112          -9.282          -7.497           80.563
 
 
  kpoint:      71             coordinate:     0.0645    0.5323    0.5323
 
    n           k   ϵ_nk^DFT (eV)     Σ^c_nk (eV)     Σ^x_nk (eV)    v_nk^xc (eV)   ϵ_nk^G0W0 (eV)
 
    1 (occ)    71          -2.635           4.287         -15.224         -10.859           -2.713
    2 (occ)    71          -2.581           4.213         -15.147         -10.846           -2.668
    3 (occ)    71           2.141           3.386         -13.726         -10.440            2.243
    4 (occ)    71           2.387           6.377         -17.813         -10.595            1.546
    5 (vir)    71           6.377          -7.183           0.367          -8.632            8.192
    6 (vir)    71           6.686          -4.704          -3.536          -8.759            7.205
    7 (vir)    71          15.140          -5.529          -3.957         -10.515           16.169
    8 (vir)    71          15.270          -5.608          -4.043         -10.546           16.165
    9 (vir)    71          16.335          -5.559          -3.749         -10.363           17.389
   10 (vir)    71          16.478          -4.414          -3.917         -10.306           18.453
   11 (vir)    71          18.716          -7.403          -4.301         -10.353           17.364
   12 (vir)    71          19.304          -2.777          -3.081         -10.407           23.853
   13 (vir)    71          19.311          -6.386          -4.017         -10.469           19.378
   14 (vir)    71          19.527          -6.015          -3.460         -10.485           20.537
   15 (vir)    71          30.732           3.841          -2.135         -10.911           43.349
   16 (vir)    71          31.302           0.442          -1.684         -10.998           41.058
   17 (vir)    71          31.491          -2.417          -0.790         -10.776           39.061
   18 (vir)    71          31.514           0.805          -4.536         -10.920           38.703
   19 (vir)    71          33.014         -10.549          -1.696          -9.696           30.465
   20 (vir)    71          33.193         -10.451          -1.497          -9.611           30.855
   21 (vir)    71          43.960           0.087          -5.111          -9.958           48.895
   22 (vir)    71          44.822         -10.455          -1.241         -10.024           43.151
   23 (vir)    71          53.776          -1.038           4.560          -9.816           67.114
   24 (vir)    71          55.364          -3.721           6.892          -9.832           68.366
   25 (vir)    71          81.851          -0.382           1.622          -7.517           90.608
   26 (vir)    71          82.269           0.071          -8.095          -7.494           81.739
 
 
  kpoint:      72             coordinate:     0.0726    0.5363    0.5363
 
    n           k   ϵ_nk^DFT (eV)     Σ^c_nk (eV)     Σ^x_nk (eV)    v_nk^xc (eV)   ϵ_nk^G0W0 (eV)
 
    1 (occ)    72          -2.640           4.320         -15.243         -10.863           -2.700
    2 (occ)    72          -2.571           4.271         -15.171         -10.847           -2.624
    3 (occ)    72           2.090           3.214         -13.736         -10.408            1.977
    4 (occ)    72           2.394           6.393         -17.820         -10.596            1.564
    5 (vir)    72           6.385          -7.189           0.375          -8.634            8.205
    6 (vir)    72           6.769          -4.517          -3.663          -8.788            7.377
    7 (vir)    72          15.062          -5.586          -3.884         -10.498           16.090
    8 (vir)    72          15.220          -5.891          -3.958         -10.534           15.905
    9 (vir)    72          16.209          -5.555          -3.729         -10.344           17.269
   10 (vir)    72          16.371          -4.686          -3.693         -10.270           18.261
   11 (vir)    72          18.766          -7.388          -3.953         -10.362           17.787
   12 (vir)    72          19.395          -2.882          -3.038         -10.424           23.900
   13 (vir)    72          19.468          -6.461          -3.987         -10.490           19.511
   14 (vir)    72          19.652          -6.442          -3.384         -10.509           20.335
   15 (vir)    72          30.623          -3.544          -1.407         -10.897           36.569
   16 (vir)    72          31.338          -0.118          -1.391         -11.000           40.829
   17 (vir)    72          31.455          -4.979          -1.132         -10.761           36.106
   18 (vir)    72          31.475           1.138          -4.379         -10.928           39.161
   19 (vir)    72          33.037         -10.588          -1.725          -9.712           30.435
   20 (vir)    72          33.266         -10.486          -1.470          -9.612           30.922
   21 (vir)    72          43.738           2.700          -4.357          -9.947           52.028
   22 (vir)    72          44.782          -3.466          -0.657         -10.026           50.685
   23 (vir)    72          53.733          -0.784           5.423          -9.818           68.190
   24 (vir)    72          55.694          -5.805           8.421          -9.835           68.145
   25 (vir)    72          81.777          -0.289           1.874          -7.520           90.882
   26 (vir)    72          82.306           0.011          -6.786          -7.491           83.021
 
 
  kpoint:      73             coordinate:     0.0806    0.5403    0.5403
 
    n           k   ϵ_nk^DFT (eV)     Σ^c_nk (eV)     Σ^x_nk (eV)    v_nk^xc (eV)   ϵ_nk^G0W0 (eV)
 
    1 (occ)    73          -2.645           4.361         -15.263         -10.867           -2.679
    2 (occ)    73          -2.559           4.292         -15.200         -10.847           -2.620
    3 (occ)    73           2.036           3.036         -13.717         -10.375            1.731
    4 (occ)    73           2.403           6.409         -17.828         -10.597            1.582
    5 (vir)    73           6.394          -7.195           0.383          -8.637            8.219
    6 (vir)    73           6.860          -4.305          -3.795          -8.818            7.578
    7 (vir)    73          14.979          -5.629          -3.813         -10.481           16.017
    8 (vir)    73          15.166          -6.056          -3.875         -10.522           15.758
    9 (vir)    73          16.082          -5.548          -3.713         -10.326           17.148
   10 (vir)    73          16.261          -4.900          -3.491         -10.235           18.105
   11 (vir)    73          18.821          -7.418          -3.602         -10.372           18.173
   12 (vir)    73          19.492          -3.099          -2.991         -10.442           23.844
   13 (vir)    73          19.629          -6.365          -3.925         -10.511           19.850
   14 (vir)    73          19.780          -6.831          -3.279         -10.531           20.201
   15 (vir)    73          30.504          -0.994          -0.727         -10.882           39.665
   16 (vir)    73          31.378           0.024          -1.093         -11.003           41.312
   17 (vir)    73          31.416          -6.641          -1.501         -10.746           34.021
   18 (vir)    73          31.430           1.110          -4.155         -10.935           39.319
   19 (vir)    73          33.061         -10.713          -1.757          -9.727           30.317
   20 (vir)    73          33.348         -10.516          -1.445          -9.614           31.001
   21 (vir)    73          43.506         -11.149          -3.627          -9.935           38.666
   22 (vir)    73          44.737          -9.762          -0.075         -10.029           44.928
   23 (vir)    73          53.686          -0.396           6.343          -9.820           69.453
   24 (vir)    73          56.045          -7.288           9.944          -9.838           68.539
   25 (vir)    73          81.695           1.726           2.028          -7.524           92.972
   26 (vir)    73          82.347           0.006          -5.389          -7.487           84.452
 
 
  kpoint:      74             coordinate:     0.0887    0.5444    0.5444
 
    n           k   ϵ_nk^DFT (eV)     Σ^c_nk (eV)     Σ^x_nk (eV)    v_nk^xc (eV)   ϵ_nk^G0W0 (eV)
 
    1 (occ)    74          -2.651           4.426         -15.285         -10.872           -2.638
    2 (occ)    74          -2.546           4.302         -15.233         -10.848           -2.630
    3 (occ)    74           1.979           2.857         -13.664         -10.342            1.514
    4 (occ)    74           2.412           6.426         -17.836         -10.599            1.601
    5 (vir)    74           6.403          -7.200           0.390          -8.641            8.234
    6 (vir)    74           6.957          -4.066          -3.930          -8.847            7.809
    7 (vir)    74          14.891          -5.657          -3.745         -10.464           15.953
    8 (vir)    74          15.108          -6.160          -3.793         -10.510           15.665
    9 (vir)    74          15.955          -5.532          -3.701         -10.308           17.030
   10 (vir)    74          16.150          -5.043          -3.311         -10.200           17.996
   11 (vir)    74          18.879          -7.827          -3.259         -10.382           18.176
   12 (vir)    74          19.595          -3.291          -2.944         -10.460           23.821
   13 (vir)    74          19.795          -6.299          -3.835         -10.530           20.190
   14 (vir)    74          19.911          -7.188          -3.150         -10.552           20.126
   15 (vir)    74          30.374          -0.466          -0.114         -10.868           40.662
   16 (vir)    74          31.375          -7.670          -1.894         -10.733           32.545
   17 (vir)    74          31.379           0.709          -3.896         -10.942           39.133
   18 (vir)    74          31.421           0.979          -0.796         -11.006           42.610
   19 (vir)    74          33.085         -10.842          -1.788          -9.741           30.196
   20 (vir)    74          33.437         -10.538          -1.422          -9.616           31.094
   21 (vir)    74          43.269           0.433          -2.933          -9.924           50.692
   22 (vir)    74          44.687          11.113           0.479         -10.032           66.311
   23 (vir)    74          53.634          -0.292           7.305          -9.822           70.469
   24 (vir)    74          56.414         -11.399          11.312          -9.839           66.167
   25 (vir)    74          81.604          -6.642           2.053          -7.527           84.542
   26 (vir)    74          82.393           0.150          -3.941          -7.483           86.085
 
 
  kpoint:      75             coordinate:     0.0968    0.5484    0.5484
 
    n           k   ϵ_nk^DFT (eV)     Σ^c_nk (eV)     Σ^x_nk (eV)    v_nk^xc (eV)   ϵ_nk^G0W0 (eV)
 
    1 (occ)    75          -2.658           4.498         -15.308         -10.876           -2.591
    2 (occ)    75          -2.532           4.268         -15.270         -10.848           -2.686
    3 (occ)    75           1.920           2.673         -13.577         -10.309            1.325
    4 (occ)    75           2.423           6.443         -17.845         -10.600            1.621
    5 (vir)    75           6.414          -7.204           0.397          -8.645            8.251
    6 (vir)    75           7.061          -3.805          -4.064          -8.877            8.069
    7 (vir)    75          14.800          -5.687          -3.683         -10.448           15.878
    8 (vir)    75          15.047          -6.252          -3.713         -10.497           15.579
    9 (vir)    75          15.827          -5.508          -3.693         -10.292           16.918
   10 (vir)    75          16.038          -5.084          -3.154         -10.166           17.965
   11 (vir)    75          18.941          -9.189          -2.933         -10.392           17.211
   12 (vir)    75          19.702          -3.480          -2.895         -10.478           23.805
   13 (vir)    75          19.964          -6.564          -3.724         -10.548           20.224
   14 (vir)    75          20.045          -7.532          -3.004         -10.571           20.080
   15 (vir)    75          30.235          -0.086           0.413         -10.853           41.415
   16 (vir)    75          31.321           0.008          -3.646         -10.947           38.631
   17 (vir)    75          31.332          -9.073          -2.304         -10.721           30.676
   18 (vir)    75          31.469           2.210          -0.509         -11.009           44.179
   19 (vir)    75          33.110         -10.856          -1.815          -9.754           30.194
   20 (vir)    75          33.534         -10.555          -1.402          -9.618           31.195
   21 (vir)    75          43.027           1.468          -2.285          -9.912           52.122
   22 (vir)    75          44.634           9.353           0.979         -10.035           65.001
   23 (vir)    75          53.578          -0.119           8.289          -9.825           71.572
   24 (vir)    75          56.798         -11.457          12.357          -9.841           67.539
   25 (vir)    75          81.505          -9.134           1.919          -7.531           81.821
   26 (vir)    75          82.443           0.568          -2.491          -7.479           88.000
 
 
  kpoint:      76             coordinate:     0.1048    0.5524    0.5524
 
    n           k   ϵ_nk^DFT (eV)     Σ^c_nk (eV)     Σ^x_nk (eV)    v_nk^xc (eV)   ϵ_nk^G0W0 (eV)
 
    1 (occ)    76          -2.665           4.559         -15.332         -10.882           -2.558
    2 (occ)    76          -2.517           4.240         -15.311         -10.849           -2.739
    3 (occ)    76           1.859           2.465         -13.459         -10.276            1.141
    4 (occ)    76           2.434           6.460         -17.855         -10.602            1.641
    5 (vir)    76           6.425          -7.207           0.403          -8.649            8.269
    6 (vir)    76           7.170          -3.528          -4.198          -8.906            8.349
    7 (vir)    76          14.705          -5.723          -3.626         -10.431           15.788
    8 (vir)    76          14.982          -6.318          -3.635         -10.484           15.513
    9 (vir)    76          15.699          -5.433          -3.690         -10.276           16.852
   10 (vir)    76          15.926          -4.879          -3.019         -10.132           18.159
   11 (vir)    76          19.006           0.648          -2.635         -10.403           27.422
   12 (vir)    76          19.814          -3.677          -2.848         -10.495           23.784
   13 (vir)    76          20.135          -6.834          -3.599         -10.566           20.268
   14 (vir)    76          20.179          -7.987          -2.847         -10.589           19.935
   15 (vir)    76          30.087           0.201           0.842         -10.838           41.968
   16 (vir)    76          31.257          -0.098          -3.448         -10.953           38.663
   17 (vir)    76          31.287         -10.796          -2.726         -10.710           28.475
   18 (vir)    76          31.520           2.943          -0.237         -11.013           45.239
   19 (vir)    76          33.135         -10.754          -1.831          -9.766           30.315
   20 (vir)    76          33.638         -10.590          -1.385          -9.621           31.284
   21 (vir)    76          42.784           2.169          -1.693          -9.900           53.160
   22 (vir)    76          44.576           7.681           1.397         -10.038           63.692
   23 (vir)    76          53.517           0.248           9.276          -9.827           72.868
   24 (vir)    76          57.195         -11.744          12.916          -9.841           68.208
   25 (vir)    76          81.398          -6.367           1.607          -7.536           84.174
   26 (vir)    76          82.498           1.191          -1.087          -7.474           90.077
 
 
  kpoint:      77             coordinate:     0.1129    0.5565    0.5565
 
    n           k   ϵ_nk^DFT (eV)     Σ^c_nk (eV)     Σ^x_nk (eV)    v_nk^xc (eV)   ϵ_nk^G0W0 (eV)
 
    1 (occ)    77          -2.674           4.612         -15.359         -10.887           -2.534
    2 (occ)    77          -2.501           4.300         -15.355         -10.850           -2.706
    3 (occ)    77           1.797           2.286         -13.312         -10.243            1.014
    4 (occ)    77           2.446           6.476         -17.865         -10.604            1.661
    5 (vir)    77           6.437          -7.209           0.407          -8.653            8.289
    6 (vir)    77           7.285          -3.245          -4.331          -8.934            8.643
    7 (vir)    77          14.608          -5.757          -3.575         -10.415           15.691
    8 (vir)    77          14.915          -6.345          -3.559         -10.471           15.482
    9 (vir)    77          15.572          -5.442          -3.692         -10.261           16.699
   10 (vir)    77          15.814          -5.550          -2.906         -10.098           17.457
   11 (vir)    77          19.074          -1.285          -2.373         -10.413           25.829
   12 (vir)    77          19.930          -3.890          -2.801         -10.512           23.750
   13 (vir)    77          20.309          -6.962          -3.473         -10.583           20.457
   14 (vir)    77          20.315           0.136          -2.686         -10.606           28.371
   15 (vir)    77          29.931           0.300           1.166         -10.823           42.219
   16 (vir)    77          31.186           0.494          -3.350         -10.957           39.287
   17 (vir)    77          31.241           2.068          -3.149         -10.700           40.859
   18 (vir)    77          31.574           3.148           0.014         -11.017           45.753
   19 (vir)    77          33.159         -10.583          -1.836          -9.777           30.518
   20 (vir)    77          33.749         -10.648          -1.372          -9.623           31.352
   21 (vir)    77          42.542           0.145          -1.164          -9.888           51.411
   22 (vir)    77          44.514           5.979           1.707         -10.042           62.242
   23 (vir)    77          53.453           0.603          10.246          -9.830           74.131
   24 (vir)    77          57.601         -11.449          12.845          -9.841           68.838
   25 (vir)    77          81.282          -4.647           1.106          -7.540           85.281
   26 (vir)    77          82.557           1.645           0.220          -7.469           91.891
 
 
  kpoint:      78             coordinate:     0.1210    0.5605    0.5605
 
    n           k   ϵ_nk^DFT (eV)     Σ^c_nk (eV)     Σ^x_nk (eV)    v_nk^xc (eV)   ϵ_nk^G0W0 (eV)
 
    1 (occ)    78          -2.684           4.662         -15.386         -10.892           -2.516
    2 (occ)    78          -2.483           4.377         -15.402         -10.851           -2.659
    3 (occ)    78           1.735           2.148         -13.143         -10.212            0.951
    4 (occ)    78           2.459           6.492         -17.875         -10.606            1.681
    5 (vir)    78           6.450          -7.210           0.411          -8.658            8.309
    6 (vir)    78           7.404          -2.967          -4.460          -8.961            8.938
    7 (vir)    78          14.509          -5.787          -3.532         -10.399           15.589
    8 (vir)    78          14.846          -6.307          -3.485         -10.458           15.512
    9 (vir)    78          15.445          -5.383          -3.700         -10.247           16.609
   10 (vir)    78          15.703          -6.427          -2.812         -10.065           16.529
   11 (vir)    78          19.144          -1.971          -2.153         -10.423           25.443
   12 (vir)    78          20.048          -4.124          -2.757         -10.529           23.695
   13 (vir)    78          20.451          -6.878          -2.525         -10.622           21.669
   14 (vir)    78          20.486          -7.206          -3.358         -10.599           20.521
   15 (vir)    78          29.767           0.247           1.383         -10.808           42.205
   16 (vir)    78          31.108           0.738          -3.385         -10.961           39.422
   17 (vir)    78          31.192           0.312          -3.561         -10.691           38.635
   18 (vir)    78          31.633           3.077           0.237         -11.021           45.967
   19 (vir)    78          33.184         -10.425          -1.825          -9.787           30.721
   20 (vir)    78          33.867         -10.703          -1.362          -9.625           31.426
   21 (vir)    78          42.302           0.359          -0.705          -9.877           51.833
   22 (vir)    78          44.448           4.293           1.885         -10.045           60.671
   23 (vir)    78          53.385           0.912          11.174          -9.833           75.304
   24 (vir)    78          58.015         -10.426          12.039          -9.840           69.468
   25 (vir)    78          81.158          -3.271           0.415          -7.546           85.848
   26 (vir)    78          82.622           1.737           1.380          -7.464           93.203
 
 
  kpoint:      79             coordinate:     0.1290    0.5645    0.5645
 
    n           k   ϵ_nk^DFT (eV)     Σ^c_nk (eV)     Σ^x_nk (eV)    v_nk^xc (eV)   ϵ_nk^G0W0 (eV)
 
    1 (occ)    79          -2.694           4.710         -15.416         -10.898           -2.502
    2 (occ)    79          -2.465           4.458         -15.452         -10.851           -2.607
    3 (occ)    79           1.672           1.954         -12.960         -10.181            0.847
    4 (occ)    79           2.473           6.507         -17.886         -10.608            1.702
    5 (vir)    79           6.464          -7.211           0.413          -8.663            8.330
    6 (vir)    79           7.528          -2.707          -4.588          -8.988            9.222
    7 (vir)    79          14.408          -5.811          -3.495         -10.384           15.485
    8 (vir)    79          14.775          -6.447          -3.414         -10.444           15.359
    9 (vir)    79          15.319          -5.149          -3.712         -10.234           16.691
   10 (vir)    79          15.593          -6.355          -2.737         -10.032           16.532
   11 (vir)    79          19.216          -2.170          -1.980         -10.433           25.498
   12 (vir)    79          20.169          -4.384          -2.716         -10.545           23.613
   13 (vir)    79          20.587          -7.833          -2.368         -10.636           21.022
   14 (vir)    79          20.663          -6.965          -3.266         -10.614           21.046
   15 (vir)    79          29.596           0.155           1.497         -10.792           42.040
   16 (vir)    79          31.022           0.904          -3.577         -10.963           39.313
   17 (vir)    79          31.143          -0.006          -3.945         -10.684           37.876
   18 (vir)    79          31.694           2.902           0.429         -11.025           46.049
   19 (vir)    79          33.208         -10.326          -1.799          -9.795           30.878
   20 (vir)    79          33.990         -10.736          -1.355          -9.628           31.527
   21 (vir)    79          42.065           1.367          -0.317          -9.866           52.980
   22 (vir)    79          44.379           2.695           1.911         -10.049           59.034
   23 (vir)    79          53.313           1.181          12.041          -9.836           76.371
   24 (vir)    79          58.434          -8.750          10.449          -9.838           69.971
   25 (vir)    79          81.025          -2.055          -0.447          -7.551           86.075
   26 (vir)    79          82.692           1.583           2.353          -7.459           94.086
 
 
  kpoint:      80             coordinate:     0.1371    0.5685    0.5685
 
    n           k   ϵ_nk^DFT (eV)     Σ^c_nk (eV)     Σ^x_nk (eV)    v_nk^xc (eV)   ϵ_nk^G0W0 (eV)
 
    1 (occ)    80          -2.706           4.757         -15.448         -10.904           -2.493
    2 (occ)    80          -2.445           4.546         -15.504         -10.852           -2.551
    3 (occ)    80           1.610           1.878         -12.770         -10.151            0.869
    4 (occ)    80           2.488           6.521         -17.897         -10.610            1.723
    5 (vir)    80           6.479          -7.212           0.414          -8.669            8.350
    6 (vir)    80           7.656          -2.477          -4.713          -9.014            9.480
    7 (vir)    80          14.306          -5.830          -3.466         -10.369           15.378
    8 (vir)    80          14.702          -6.481          -3.346         -10.431           15.306
    9 (vir)    80          15.194          -5.088          -3.729         -10.221           16.598
   10 (vir)    80          15.483          -6.317          -2.680          -9.999           16.486
   11 (vir)    80          19.290          -2.140          -1.856         -10.443           25.736
   12 (vir)    80          20.292          -4.672          -2.678         -10.561           23.503
   13 (vir)    80          20.722          -8.091          -2.218         -10.649           21.063
   14 (vir)    80          20.842          -7.157          -3.209         -10.628           21.105
   15 (vir)    80          29.417           0.110           1.517         -10.776           41.822
   16 (vir)    80          30.930           1.048          -3.928         -10.965           39.015
   17 (vir)    80          31.092           0.181          -4.283         -10.678           37.667
   18 (vir)    80          31.758           2.703           0.584         -11.029           46.075
   19 (vir)    80          33.232         -10.404          -1.758          -9.803           30.873
   20 (vir)    80          34.120         -10.755          -1.352          -9.630           31.642
   21 (vir)    80          41.833           2.228           0.002          -9.855           53.918
   22 (vir)    80          44.306           1.021           1.775         -10.053           57.155
   23 (vir)    80          53.238           1.421          12.823          -9.839           77.321
   24 (vir)    80          58.855          -6.692           8.096          -9.836           70.095
   25 (vir)    80          80.885          -0.108          -1.449          -7.557           86.886
   26 (vir)    80          82.768           1.310           3.108          -7.453           94.639
 
 
  kpoint:      81             coordinate:     0.1452    0.5726    0.5726
 
    n           k   ϵ_nk^DFT (eV)     Σ^c_nk (eV)     Σ^x_nk (eV)    v_nk^xc (eV)   ϵ_nk^G0W0 (eV)
 
    1 (occ)    81          -2.719           4.803         -15.483         -10.909           -2.490
    2 (occ)    81          -2.423           4.640         -15.557         -10.853           -2.488
    3 (occ)    81           1.548           1.785         -12.584         -10.122            0.871
    4 (occ)    81           2.504           6.535         -17.907         -10.612            1.744
    5 (vir)    81           6.495          -7.214           0.414          -8.675            8.369
    6 (vir)    81           7.788          -2.289          -4.835          -9.038            9.702
    7 (vir)    81          14.203          -5.845          -3.442         -10.354           15.270
    8 (vir)    81          14.627          -6.434          -3.284         -10.418           15.327
    9 (vir)    81          15.070          -5.047          -3.748         -10.208           16.483
   10 (vir)    81          15.375          -6.309          -2.638          -9.966           16.394
   11 (vir)    81          19.365          -1.973          -1.782         -10.452           26.063
   12 (vir)    81          20.417          -4.986          -2.643         -10.576           23.363
   13 (vir)    81          20.857          -8.223          -2.077         -10.662           21.219
   14 (vir)    81          21.023          -6.721          -3.194         -10.642           21.749
   15 (vir)    81          29.233           0.156           1.455         -10.761           41.605
   16 (vir)    81          30.829           1.183          -4.420         -10.966           38.558
   17 (vir)    81          31.039           0.540          -4.552         -10.672           37.699
   18 (vir)    81          31.826           2.514           0.702         -11.034           46.075
   19 (vir)    81          33.255         -10.560          -1.706          -9.809           30.799
   20 (vir)    81          34.255         -10.775          -1.353          -9.633           31.760
   21 (vir)    81          41.608           2.766           0.260          -9.844           54.478
   22 (vir)    81          44.230          -3.177           1.473         -10.056           52.581
   23 (vir)    81          53.160           1.634          13.501          -9.842           78.137
   24 (vir)    81          59.277          -4.550           5.073          -9.833           69.633
   25 (vir)    81          80.736           0.538          -2.543          -7.564           86.295
   26 (vir)    81          82.850           0.981           3.629          -7.447           94.907
 
 
  kpoint:      82             coordinate:     0.1532    0.5766    0.5766
 
    n           k   ϵ_nk^DFT (eV)     Σ^c_nk (eV)     Σ^x_nk (eV)    v_nk^xc (eV)   ϵ_nk^G0W0 (eV)
 
    1 (occ)    82          -2.733           4.844         -15.522         -10.915           -2.496
    2 (occ)    82          -2.401           4.739         -15.610         -10.854           -2.418
    3 (occ)    82           1.487           1.702         -12.409         -10.095            0.874
    4 (occ)    82           2.521           6.547         -17.918         -10.615            1.765
    5 (vir)    82           6.511          -7.216           0.413          -8.681            8.389
    6 (vir)    82           7.923          -2.154          -4.954          -9.062            9.877
    7 (vir)    82          14.099          -5.855          -3.425         -10.340           15.159
    8 (vir)    82          14.552          -6.376          -3.230         -10.404           15.350
    9 (vir)    82          14.946          -5.020          -3.768         -10.197           16.355
   10 (vir)    82          15.269          -6.303          -2.611          -9.934           16.290
   11 (vir)    82          19.442          -1.705          -1.755         -10.462           26.444
   12 (vir)    82          20.543          -5.320          -2.611         -10.590           23.202
   13 (vir)    82          20.991          -8.300          -1.946         -10.673           21.418
   14 (vir)    82          21.203          -5.875          -3.226         -10.654           22.758
   15 (vir)    82          29.043           0.243           1.325         -10.744           41.355
   16 (vir)    82          30.721           1.305          -5.013         -10.967           37.980
   17 (vir)    82          30.984           0.919          -4.731         -10.668           37.840
   18 (vir)    82          31.896           2.355           0.778         -11.039           46.069
   19 (vir)    82          33.279          -9.888          -1.648          -9.815           31.558
   20 (vir)    82          34.395         -10.799          -1.356          -9.635           31.876
   21 (vir)    82          41.388           2.955           0.471          -9.834           54.649
   22 (vir)    82          44.151           1.453           1.012         -10.060           56.676
   23 (vir)    82          53.079           1.820          14.056          -9.845           78.800
   24 (vir)    82          59.698          -2.538           1.548          -9.830           68.537
   25 (vir)    82          80.579           1.393          -3.668          -7.571           85.875
   26 (vir)    82          82.939           0.625           3.915          -7.441           94.920
 
 
  kpoint:      83             coordinate:     0.1613    0.5806    0.5806
 
    n           k   ϵ_nk^DFT (eV)     Σ^c_nk (eV)     Σ^x_nk (eV)    v_nk^xc (eV)   ϵ_nk^G0W0 (eV)
 
    1 (occ)    83          -2.749           4.873         -15.564         -10.920           -2.520
    2 (occ)    83          -2.377           4.841         -15.662         -10.855           -2.343
    3 (occ)    83           1.428           1.664         -12.255         -10.069            0.905
    4 (occ)    83           2.538           6.559         -17.928         -10.618            1.787
    5 (vir)    83           6.529          -7.217           0.410          -8.687            8.409
    6 (vir)    83           8.062          -2.079          -5.068          -9.084            9.999
    7 (vir)    83          13.994          -5.861          -3.413         -10.326           15.046
    8 (vir)    83          14.474          -6.321          -3.186         -10.391           15.359
    9 (vir)    83          14.825          -5.015          -3.788         -10.185           16.208
   10 (vir)    83          15.163          -6.275          -2.596          -9.903           16.196
   11 (vir)    83          19.520          -1.316          -1.773         -10.471           26.903
   12 (vir)    83          20.670          -5.653          -2.582         -10.604           23.040
   13 (vir)    83          21.124          -8.338          -1.827         -10.684           21.644
   14 (vir)    83          21.385          -4.694          -3.301         -10.666           24.055
   15 (vir)    83          28.848           0.308           1.142         -10.728           41.025
   16 (vir)    83          30.605           1.401          -5.649         -10.966           37.322
   17 (vir)    83          30.928           1.223          -4.796         -10.664           38.020
   18 (vir)    83          31.970           2.252           0.813         -11.044           46.078
   19 (vir)    83          33.302         -11.067          -1.591          -9.820           30.465
   20 (vir)    83          34.541         -10.830          -1.363          -9.638           31.985
   21 (vir)    83          41.177           2.821           0.652          -9.825           54.475
   22 (vir)    83          44.069          -0.061           0.413         -10.064           54.485
   23 (vir)    83          52.995           1.973          14.471          -9.849           79.288
   24 (vir)    83          60.114           0.277          -2.249          -9.825           67.968
   25 (vir)    83          80.413           2.154          -4.749          -7.578           85.396
   26 (vir)    83          83.035           0.267           3.981          -7.434           94.718
 
 
  kpoint:      84             coordinate:     0.1694    0.5847    0.5847
 
    n           k   ϵ_nk^DFT (eV)     Σ^c_nk (eV)     Σ^x_nk (eV)    v_nk^xc (eV)   ϵ_nk^G0W0 (eV)
 
    1 (occ)    84          -2.766           4.922         -15.610         -10.926           -2.529
    2 (occ)    84          -2.352           4.944         -15.713         -10.855           -2.266
    3 (occ)    84           1.370           1.679         -12.129         -10.044            0.964
    4 (occ)    84           2.557           6.570         -17.938         -10.621            1.809
    5 (vir)    84           6.547          -7.218           0.407          -8.694            8.431
    6 (vir)    84           8.203          -2.068          -5.176          -9.106           10.064
    7 (vir)    84          13.889          -5.866          -3.404         -10.313           14.932
    8 (vir)    84          14.396          -6.274          -3.155         -10.378           15.345
    9 (vir)    84          14.704          -5.034          -3.804         -10.175           16.040
   10 (vir)    84          15.060          -6.229          -2.591          -9.872           16.111
   11 (vir)    84          19.599          -0.621          -1.830         -10.481           27.629
   12 (vir)    84          20.798          -5.900          -2.555         -10.618           22.961
   13 (vir)    84          21.256          -8.359          -1.718         -10.694           21.874
   14 (vir)    84          21.566          -3.267          -3.414         -10.677           25.562
   15 (vir)    84          28.648           0.587           0.921         -10.712           40.868
   16 (vir)    84          30.481           1.440          -6.258         -10.964           36.627
   17 (vir)    84          30.870           1.390          -4.727         -10.661           38.194
   18 (vir)    84          32.045           2.223           0.804         -11.049           46.122
   19 (vir)    84          33.326         -11.641          -1.541          -9.825           29.970
   20 (vir)    84          34.690         -10.874          -1.372          -9.640           32.084
   21 (vir)    84          40.973           2.420           0.825          -9.816           54.034
   22 (vir)    84          43.986           0.757          -0.296         -10.067           54.514
   23 (vir)    84          52.909           2.086          14.735          -9.853           79.583
   24 (vir)    84          60.524           2.090          -6.041          -9.820           66.393
   25 (vir)    84          80.240           1.437          -5.707          -7.586           83.555
   26 (vir)    84          83.139          -0.045           3.860          -7.428           94.381
 
 
  kpoint:      85             coordinate:     0.1774    0.5887    0.5887
 
    n           k   ϵ_nk^DFT (eV)     Σ^c_nk (eV)     Σ^x_nk (eV)    v_nk^xc (eV)   ϵ_nk^G0W0 (eV)
 
    1 (occ)    85          -2.785           4.994         -15.661         -10.930           -2.522
    2 (occ)    85          -2.326           5.038         -15.762         -10.856           -2.194
    3 (occ)    85           1.314           1.746         -12.036         -10.020            1.045
    4 (occ)    85           2.576           6.580         -17.948         -10.624            1.832
    5 (vir)    85           6.566          -7.217           0.403          -8.701            8.453
    6 (vir)    85           8.347          -2.133          -5.275          -9.126           10.065
    7 (vir)    85          13.784          -5.870          -3.399         -10.300           14.815
    8 (vir)    85          14.318          -6.246          -3.140         -10.365           15.297
    9 (vir)    85          14.584          -5.080          -3.816         -10.165           15.853
   10 (vir)    85          14.958          -6.177          -2.596          -9.841           16.025
   11 (vir)    85          19.679           1.072          -1.921         -10.490           29.320
   12 (vir)    85          20.927          -4.668          -2.529         -10.630           24.360
   13 (vir)    85          21.387          -8.367          -1.620         -10.703           22.103
   14 (vir)    85          21.747          -2.148          -3.550         -10.686           26.735
   15 (vir)    85          28.444           1.267           0.674         -10.695           41.080
   16 (vir)    85          30.350           1.386          -6.763         -10.961           35.934
   17 (vir)    85          30.810           1.381          -4.510         -10.657           38.339
   18 (vir)    85          32.123           2.279           0.753         -11.054           46.210
   19 (vir)    85          33.351         -12.356          -1.505          -9.830           29.320
   20 (vir)    85          34.844         -10.934          -1.384          -9.642           32.168
   21 (vir)    85          40.777           1.841           1.013          -9.808           53.439
   22 (vir)    85          43.900           1.289          -1.073         -10.071           54.188
   23 (vir)    85          52.821           2.149          14.839          -9.856           79.665
   24 (vir)    85          60.924           3.947          -9.534          -9.815           65.151
   25 (vir)    85          80.058           2.238          -6.460          -7.594           83.430
   26 (vir)    85          83.251          -0.107           3.598          -7.421           94.163
 
 
  kpoint:      86             coordinate:     0.1855    0.5927    0.5927
 
    n           k   ϵ_nk^DFT (eV)     Σ^c_nk (eV)     Σ^x_nk (eV)    v_nk^xc (eV)   ϵ_nk^G0W0 (eV)
 
    1 (occ)    86          -2.806           5.056         -15.718         -10.935           -2.533
    2 (occ)    86          -2.299           5.115         -15.808         -10.857           -2.135
    3 (occ)    86           1.261           1.859         -11.980          -9.998            1.138
    4 (occ)    86           2.596           6.590         -17.957         -10.627            1.856
    5 (vir)    86           6.586          -7.217           0.398          -8.709            8.477
    6 (vir)    86           8.494          -2.218          -5.361          -9.146           10.061
    7 (vir)    86          13.679          -5.875          -3.397         -10.288           14.696
    8 (vir)    86          14.238          -6.237          -3.142         -10.352           15.211
    9 (vir)    86          14.466          -5.147          -3.822         -10.155           15.651
   10 (vir)    86          14.857          -6.138          -2.608          -9.810           15.921
   11 (vir)    86          19.760          -7.958          -2.040         -10.498           20.260
   12 (vir)    86          21.056          -7.974          -2.506         -10.643           21.219
   13 (vir)    86          21.516          -8.367          -1.535         -10.711           22.326
   14 (vir)    86          21.928          -1.546          -3.693         -10.694           27.383
   15 (vir)    86          28.235           2.172           0.410         -10.678           41.495
   16 (vir)    86          30.211           1.207          -7.093         -10.957           35.282
   17 (vir)    86          30.748           1.185          -4.137         -10.654           38.451
   18 (vir)    86          32.204           2.444           0.660         -11.060           46.367
   19 (vir)    86          33.377          -1.598          -1.487          -9.835           40.127
   20 (vir)    86          35.001         -11.017          -1.398          -9.645           32.231
   21 (vir)    86          40.591           1.204           1.237          -9.800           52.831
   22 (vir)    86          43.814           1.655          -1.868         -10.074           53.675
   23 (vir)    86          52.730           2.151          14.779          -9.860           79.521
   24 (vir)    86          61.313           5.578         -12.439          -9.808           64.259
   25 (vir)    86          79.868           2.177          -6.932          -7.603           82.716
   26 (vir)    86          83.373           1.201           3.253          -7.415           95.241
 
 
  kpoint:      87             coordinate:     0.1935    0.5968    0.5968
 
    n           k   ϵ_nk^DFT (eV)     Σ^c_nk (eV)     Σ^x_nk (eV)    v_nk^xc (eV)   ϵ_nk^G0W0 (eV)
 
    1 (occ)    87          -2.828           5.111         -15.780         -10.939           -2.557
    2 (occ)    87          -2.270           5.169         -15.851         -10.858           -2.095
    3 (occ)    87           1.209           2.010         -11.963          -9.977            1.234
    4 (occ)    87           2.617           6.598         -17.965         -10.630            1.880
    5 (vir)    87           6.607          -7.215           0.393          -8.717            8.502
    6 (vir)    87           8.644          -2.312          -5.429          -9.164           10.067
    7 (vir)    87          13.574          -5.883          -3.396         -10.276           14.571
    8 (vir)    87          14.158          -6.165          -3.162         -10.339           15.171
    9 (vir)    87          14.348          -5.231          -3.822         -10.147           15.442
   10 (vir)    87          14.758          -6.087          -2.626          -9.780           15.825
   11 (vir)    87          19.841          -7.349          -2.181         -10.507           20.818
   12 (vir)    87          21.186          -7.959          -2.483         -10.654           21.398
   13 (vir)    87          21.644          -8.362          -1.462         -10.719           22.539
   14 (vir)    87          22.108          -1.268          -3.821         -10.701           27.719
   15 (vir)    87          28.024           2.901           0.132         -10.661           41.718
   16 (vir)    87          30.064           0.902          -7.189         -10.952           34.729
   17 (vir)    87          30.682           0.830          -3.609         -10.651           38.554
   18 (vir)    87          32.286           2.818           0.526         -11.066           46.696
   19 (vir)    87          33.404          -1.488          -1.487          -9.841           40.270
   20 (vir)    87          35.162         -11.115          -1.413          -9.647           32.281
   21 (vir)    87          40.413           0.641           1.511          -9.793           52.358
   22 (vir)    87          43.726           2.097          -2.627         -10.078           53.273
   23 (vir)    87          52.638           2.082          14.556          -9.864           79.141
   24 (vir)    87          61.688           6.174         -14.509          -9.801           63.154
   25 (vir)    87          79.669           1.670          -7.058          -7.612           81.894
   26 (vir)    87          83.504           1.969           2.889          -7.408           95.770
 
 
  kpoint:      88             coordinate:     0.2016    0.6008    0.6008
 
    n           k   ϵ_nk^DFT (eV)     Σ^c_nk (eV)     Σ^x_nk (eV)    v_nk^xc (eV)   ϵ_nk^G0W0 (eV)
 
    1 (occ)    88          -2.851           5.166         -15.847         -10.943           -2.590
    2 (occ)    88          -2.240           5.202         -15.890         -10.859           -2.070
    3 (occ)    88           1.161           2.188         -11.984          -9.958            1.323
    4 (occ)    88           2.639           6.607         -17.974         -10.634            1.906
    5 (vir)    88           6.629          -7.213           0.386          -8.726            8.528
    6 (vir)    88           8.795          -2.458          -5.474          -9.182           10.045
    7 (vir)    88          13.469          -5.899          -3.397         -10.265           14.438
    8 (vir)    88          14.078          -5.685          -3.201         -10.326           15.518
    9 (vir)    88          14.232          -5.327          -3.815         -10.139           15.230
   10 (vir)    88          14.661          -5.616          -2.647          -9.750           16.148
   11 (vir)    88          19.922          -6.929          -2.338         -10.516           21.171
   12 (vir)    88          21.315          -8.290          -2.460         -10.665           21.230
   13 (vir)    88          21.771          -8.392          -1.405         -10.727           22.701
   14 (vir)    88          22.286          -1.177          -3.912         -10.707           27.904
   15 (vir)    88          27.810          -9.937          -0.161         -10.644           28.356
   16 (vir)    88          29.910           0.531          -7.014         -10.946           34.374
   17 (vir)    88          30.614           0.345          -2.940         -10.647           38.666
   18 (vir)    88          32.370         -10.108           0.354         -11.071           33.687
   19 (vir)    88          33.433           4.043          -1.502          -9.847           45.820
   20 (vir)    88          35.325         -11.201          -1.428          -9.649           32.345
   21 (vir)    88          40.244           0.272           1.845          -9.786           52.147
   22 (vir)    88          43.637           2.416          -3.294         -10.081           52.841
   23 (vir)    88          52.545           1.935          14.175          -9.868           78.523
   24 (vir)    88          62.045           6.257         -15.561          -9.793           62.534
   25 (vir)    88          79.462           0.713          -6.793          -7.622           81.004
   26 (vir)    88          83.646           0.844           2.571          -7.401           94.462
 
 
  kpoint:      89             coordinate:     0.2097    0.6048    0.6048
 
    n           k   ϵ_nk^DFT (eV)     Σ^c_nk (eV)     Σ^x_nk (eV)    v_nk^xc (eV)   ϵ_nk^G0W0 (eV)
 
    1 (occ)    89          -2.877           5.220         -15.919         -10.946           -2.630
    2 (occ)    89          -2.209           5.223         -15.926         -10.860           -2.053
    3 (occ)    89           1.115           2.384         -12.042          -9.941            1.397
    4 (occ)    89           2.661           6.614         -17.981         -10.638            1.932
    5 (vir)    89           6.652          -7.210           0.380          -8.734            8.556
    6 (vir)    89           8.949          -2.630          -5.492          -9.199           10.026
    7 (vir)    89          13.365          -5.924          -3.398         -10.254           14.297
    8 (vir)    89          13.997          -5.885          -3.256         -10.313           15.170
    9 (vir)    89          14.117          -5.180          -3.801         -10.131           15.267
   10 (vir)    89          14.565          -5.630          -2.671          -9.721           15.985
   11 (vir)    89          20.003          -6.973          -2.507         -10.524           21.048
   12 (vir)    89          21.444          -8.646          -2.438         -10.676           21.037
   13 (vir)    89          21.895          -8.415          -1.363         -10.733           22.850
   14 (vir)    89          22.463           1.701          -3.944         -10.711           30.931
   15 (vir)    89          27.592          -2.781          -0.477         -10.627           34.962
   16 (vir)    89          29.750           0.220          -6.554         -10.939           34.354
   17 (vir)    89          30.542          -0.409          -2.156         -10.643           38.619
   18 (vir)    89          32.455          -1.005           0.146         -11.077           42.674
   19 (vir)    89          33.465           3.668          -1.524          -9.853           45.463
   20 (vir)    89          35.491         -11.216          -1.444          -9.651           32.482
   21 (vir)    89          40.084           0.429           2.235          -9.780           52.528
   22 (vir)    89          43.549           0.811          -3.814         -10.083           50.630
   23 (vir)    89          52.450           1.712          13.646          -9.872           77.680
   24 (vir)    89          62.383           5.274         -15.501          -9.784           61.940
   25 (vir)    89          79.247          -0.312          -6.118          -7.633           80.449
   26 (vir)    89          83.798           0.323           2.357          -7.394           93.873
 
 
  kpoint:      90             coordinate:     0.2177    0.6089    0.6089
 
    n           k   ϵ_nk^DFT (eV)     Σ^c_nk (eV)     Σ^x_nk (eV)    v_nk^xc (eV)   ϵ_nk^G0W0 (eV)
 
    1 (occ)    90          -2.904           5.275         -15.995         -10.948           -2.677
    2 (occ)    90          -2.177           5.238         -15.957         -10.860           -2.035
    3 (occ)    90           1.072           2.587         -12.132          -9.924            1.451
    4 (occ)    90           2.685           6.621         -17.987         -10.642            1.960
    5 (vir)    90           6.675          -7.207           0.373          -8.744            8.585
    6 (vir)    90           9.105          -2.822          -5.478          -9.215           10.020
    7 (vir)    90          13.261          -5.926          -3.400         -10.243           14.178
    8 (vir)    90          13.916          -5.809          -3.326         -10.300           15.081
    9 (vir)    90          14.004          -5.473          -3.781         -10.125           14.874
   10 (vir)    90          14.471          -5.575          -2.696          -9.691           15.892
   11 (vir)    90          20.085          -7.182          -2.682         -10.532           20.753
   12 (vir)    90          21.574          -9.058          -2.416         -10.686           20.785
   13 (vir)    90          22.019          -8.153          -1.341         -10.740           23.264
   14 (vir)    90          22.638          -2.077          -3.900         -10.714           27.376
   15 (vir)    90          27.373          -5.723          -0.825         -10.609           31.434
   16 (vir)    90          29.582           0.106          -5.827         -10.931           34.791
   17 (vir)    90          30.466           1.040          -1.297         -10.637           40.846
   18 (vir)    90          32.542           2.098          -0.093         -11.083           45.630
   19 (vir)    90          33.501           3.636          -1.540          -9.862           45.458
   20 (vir)    90          35.660         -11.126          -1.458          -9.652           32.727
   21 (vir)    90          39.932           0.047           2.664          -9.774           52.417
   22 (vir)    90          43.461           1.004          -4.139         -10.086           50.412
   23 (vir)    90          52.355           1.434          12.983          -9.876           76.648
   24 (vir)    90          62.698          -0.385         -14.336          -9.775           57.752
   25 (vir)    90          79.023           4.832          -5.042          -7.643           86.456
   26 (vir)    90          83.962           0.109           2.292          -7.388           93.751
 
 
  kpoint:      91             coordinate:     0.2258    0.6129    0.6129
 
    n           k   ϵ_nk^DFT (eV)     Σ^c_nk (eV)     Σ^x_nk (eV)    v_nk^xc (eV)   ϵ_nk^G0W0 (eV)
 
    1 (occ)    91          -2.934           5.328         -16.074         -10.950           -2.730
    2 (occ)    91          -2.143           5.253         -15.984         -10.861           -2.013
    3 (occ)    91           1.032           2.790         -12.250          -9.910            1.482
    4 (occ)    91           2.709           6.627         -17.993         -10.646            1.989
    5 (vir)    91           6.699          -7.203           0.366          -8.753            8.615
    6 (vir)    91           9.263          -3.036          -5.429          -9.230           10.027
    7 (vir)    91          13.157          -5.828          -3.401         -10.233           14.161
    8 (vir)    91          13.835          -5.759          -3.407         -10.288           14.957
    9 (vir)    91          13.891          -5.538          -3.757         -10.119           14.715
   10 (vir)    91          14.379          -5.508          -2.720          -9.663           15.814
   11 (vir)    91          20.166          -7.537          -2.860         -10.541           20.309
   12 (vir)    91          21.702          -9.445          -2.395         -10.695           20.558
   13 (vir)    91          22.140          -8.791          -1.340         -10.746           22.755
   14 (vir)    91          22.811          -3.940          -3.766         -10.716           25.821
   15 (vir)    91          27.152          -4.002          -1.220         -10.592           32.521
   16 (vir)    91          29.408           0.465          -4.879         -10.922           35.916
   17 (vir)    91          30.386          -7.315          -0.413         -10.631           33.289
   18 (vir)    91          32.630           3.894          -0.361         -11.089           47.252
   19 (vir)    91          33.541          -6.913          -1.534          -9.871           34.965
   20 (vir)    91          35.830         -10.952          -1.471          -9.654           33.061
   21 (vir)    91          39.789          -0.220           3.099          -9.769           52.437
   22 (vir)    91          43.374           0.944          -4.234         -10.088           50.172
   23 (vir)    91          52.259           1.136          12.203          -9.880           75.477
   24 (vir)    91          62.989           7.402         -12.173          -9.765           67.983
   25 (vir)    91          78.790           1.705          -3.606          -7.655           84.544
   26 (vir)    91          84.137          -0.047           2.399          -7.381           93.870
 
 
  kpoint:      92             coordinate:     0.2339    0.6169    0.6169
 
    n           k   ϵ_nk^DFT (eV)     Σ^c_nk (eV)     Σ^x_nk (eV)    v_nk^xc (eV)   ϵ_nk^G0W0 (eV)
 
    1 (occ)    92          -2.965           5.376         -16.154         -10.951           -2.793
    2 (occ)    92          -2.109           5.264         -16.006         -10.862           -1.988
    3 (occ)    92           0.995           2.942         -12.388          -9.897            1.446
    4 (occ)    92           2.734           6.632         -17.996         -10.651            2.020
    5 (vir)    92           6.724          -7.200           0.358          -8.763            8.646
    6 (vir)    92           9.422          -3.275          -5.342          -9.244           10.049
    7 (vir)    92          13.054          -5.816          -3.402         -10.223           14.059
    8 (vir)    92          13.754          -5.731          -3.493         -10.275           14.805
    9 (vir)    92          13.780          -5.590          -3.730         -10.114           14.574
   10 (vir)    92          14.288          -5.441          -2.744          -9.634           15.738
   11 (vir)    92          20.247          -7.963          -3.039         -10.549           19.793
   12 (vir)    92          21.831          -9.807          -2.374         -10.704           20.354
   13 (vir)    92          22.260          -8.677          -1.361         -10.752           22.973
   14 (vir)    92          22.981          -5.983          -3.538         -10.716           24.176
   15 (vir)    92          26.929          -2.863          -1.679         -10.574           32.960
   16 (vir)    92          29.229           1.237          -3.782         -10.912           37.597
   17 (vir)    92          30.301          -9.609           0.439         -10.623           31.753
   18 (vir)    92          32.719          -9.761          -0.652         -11.095           33.402
   19 (vir)    92          33.586          -9.706          -1.488          -9.882           32.273
   20 (vir)    92          36.002         -10.730          -1.481          -9.655           33.445
   21 (vir)    92          39.654          -9.704           3.497          -9.764           43.212
   22 (vir)    92          43.289           0.854          -4.078         -10.089           50.155
   23 (vir)    92          52.162           0.852          11.328          -9.884           74.227
   24 (vir)    92          63.252           4.897          -9.208          -9.755           68.696
   25 (vir)    92          78.549           0.056          -1.881          -7.666           84.391
   26 (vir)    92          84.324          -3.998           2.678          -7.374           90.378
 
 
  kpoint:      93             coordinate:     0.2419    0.6210    0.6210
 
    n           k   ϵ_nk^DFT (eV)     Σ^c_nk (eV)     Σ^x_nk (eV)    v_nk^xc (eV)   ϵ_nk^G0W0 (eV)
 
    1 (occ)    93          -2.998           5.397         -16.234         -10.951           -2.884
    2 (occ)    93          -2.073           5.272         -16.025         -10.863           -1.963
    3 (occ)    93           0.961           3.189         -12.539          -9.885            1.497
    4 (occ)    93           2.760           6.635         -17.998         -10.655            2.052
    5 (vir)    93           6.750          -7.196           0.350          -8.774            8.678
    6 (vir)    93           9.583          -3.531          -5.217          -9.257           10.091
    7 (vir)    93          12.952          -5.822          -3.402         -10.213           13.941
    8 (vir)    93          13.670          -5.630          -3.702         -10.110           14.448
    9 (vir)    93          13.674          -5.727          -3.579         -10.263           14.630
   10 (vir)    93          14.199          -5.380          -2.764          -9.607           15.661
   11 (vir)    93          20.327          -8.143          -3.216         -10.557           19.525
   12 (vir)    93          21.959         -10.137          -2.355         -10.712           20.179
   13 (vir)    93          22.378          -8.619          -1.407         -10.757           23.110
   14 (vir)    93          23.147           3.096          -3.219         -10.714           33.739
   15 (vir)    93          26.704          -2.343          -2.217         -10.557           32.702
   16 (vir)    93          29.044           2.215          -2.623         -10.902           39.538
   17 (vir)    93          30.210         -10.284           1.196         -10.613           31.736
   18 (vir)    93          32.809         -12.047          -0.960         -11.101           30.904
   19 (vir)    93          33.637          -9.823          -1.387          -9.895           32.322
   20 (vir)    93          36.174         -10.479          -1.488          -9.657           33.864
   21 (vir)    93          39.528         -10.907           3.801          -9.759           42.181
   22 (vir)    93          43.205           0.794          -3.666         -10.091           50.424
   23 (vir)    93          52.065           0.608          10.380          -9.889           72.942
   24 (vir)    93          63.486           2.849          -5.705          -9.744           70.373
   25 (vir)    93          78.298          -0.274           0.033          -7.679           85.737
   26 (vir)    93          84.521          -6.464           3.095          -7.368           88.520
 
 
  kpoint:      94             coordinate:     0.2500    0.6250    0.6250
 
    n           k   ϵ_nk^DFT (eV)     Σ^c_nk (eV)     Σ^x_nk (eV)    v_nk^xc (eV)   ϵ_nk^G0W0 (eV)
 
    1 (occ)    94          -3.033           5.484         -16.310         -10.950           -2.909
    2 (occ)    94          -2.035           5.271         -16.039         -10.864           -1.940
    3 (occ)    94           0.931           3.350         -12.697          -9.875            1.459
    4 (occ)    94           2.786           6.637         -17.998         -10.660            2.086
    5 (vir)    94           6.777          -7.192           0.341          -8.784            8.710
    6 (vir)    94           9.746          -3.798          -5.058          -9.268           10.159
    7 (vir)    94          12.850          -5.818          -3.402         -10.204           13.833
    8 (vir)    94          13.562          -5.661          -3.675         -10.107           14.333
    9 (vir)    94          13.593          -5.748          -3.659         -10.250           14.436
   10 (vir)    94          14.111          -5.327          -2.782          -9.579           15.582
   11 (vir)    94          20.406          -8.010          -3.388         -10.564           19.573
   12 (vir)    94          22.086         -10.426          -2.339         -10.720           20.042
   13 (vir)    94          22.495          -8.656          -1.477         -10.763           23.124
   14 (vir)    94          23.311          -7.989          -2.822         -10.711           23.211
   15 (vir)    94          26.479         -12.535          -2.845         -10.539           21.639
   16 (vir)    94          28.853           3.271          -1.502         -10.890           41.512
   17 (vir)    94          30.114         -10.895           1.798         -10.602           31.619
   18 (vir)    94          32.899         -11.441          -1.280         -11.107           31.285
   19 (vir)    94          33.695          -9.088          -1.218          -9.909           33.298
   20 (vir)    94          36.348         -10.202          -1.492          -9.658           34.312
   21 (vir)    94          39.409         -12.734           3.948          -9.755           40.378
   22 (vir)    94          43.125          -0.043          -3.014         -10.092           50.159
   23 (vir)    94          51.968           0.408           9.384          -9.893           71.653
   24 (vir)    94          63.688           1.015          -1.966          -9.732           72.469
   25 (vir)    94          78.039         -11.398           2.015          -7.691           76.347
   26 (vir)    94          84.729          -5.796           3.589          -7.361           89.884
 
