cpu-bind=MASK - n2lcn0103, task  0  0 [4025565]: mask |BBBBBBBB|BBBBBBBB||BBBBBBBB|BBBBBBBB||BBBBBBBB|BBBBBBBB||BBBBBBBB|BBBBBBBB||||BBBBBBBB|BBBBBBBB||BBBBBBBB|BBBBBBBB||BBBBBBBB|BBBBBBBB||BBBBBBBB|BBBBBBBB|  set
The following modules were not unloaded:
  (Use "module --force purge" to unload all):

  1) pc2fs   2) slurm/23.11.5-1   3) DefaultModules
cpu-bind=MASK - n2lcn0108, task 160  0 [2664613]: mask |BBBB----|--------||--------|--------||--------|--------||--------|--------||||--------|--------||--------|--------||--------|--------||--------|--------|  set
cpu-bind=MASK - n2lcn0108, task 161  1 [2664614]: mask |----BBBB|--------||--------|--------||--------|--------||--------|--------||||--------|--------||--------|--------||--------|--------||--------|--------|  set
cpu-bind=MASK - n2lcn0108, task 162  2 [2664615]: mask |--------|BBBB----||--------|--------||--------|--------||--------|--------||||--------|--------||--------|--------||--------|--------||--------|--------|  set
cpu-bind=MASK - n2lcn0108, task 163  3 [2664616]: mask |--------|----BBBB||--------|--------||--------|--------||--------|--------||||--------|--------||--------|--------||--------|--------||--------|--------|  set
cpu-bind=MASK - n2lcn0108, task 164  4 [2664617]: mask |--------|--------||BBBB----|--------||--------|--------||--------|--------||||--------|--------||--------|--------||--------|--------||--------|--------|  set
cpu-bind=MASK - n2lcn0114, task 352  0 [3773587]: mask |BBBB----|--------||--------|--------||--------|--------||--------|--------||||--------|--------||--------|--------||--------|--------||--------|--------|  set
cpu-bind=MASK - n2lcn0108, task 165  5 [2664618]: mask |--------|--------||----BBBB|--------||--------|--------||--------|--------||||--------|--------||--------|--------||--------|--------||--------|--------|  set
cpu-bind=MASK - n2lcn0137, task 992  0 [2455400]: mask |BBBB----|--------||--------|--------||--------|--------||--------|--------||||--------|--------||--------|--------||--------|--------||--------|--------|  set
cpu-bind=MASK - n2lcn0108, task 166  6 [2664619]: mask |--------|--------||--------|BBBB----||--------|--------||--------|--------||||--------|--------||--------|--------||--------|--------||--------|--------|  set
cpu-bind=MASK - n2lcn0114, task 353  1 [3773588]: mask |----BBBB|--------||--------|--------||--------|--------||--------|--------||||--------|--------||--------|--------||--------|--------||--------|--------|  set
cpu-bind=MASK - n2lcn0137, task 993  1 [2455401]: mask |----BBBB|--------||--------|--------||--------|--------||--------|--------||||--------|--------||--------|--------||--------|--------||--------|--------|  set
cpu-bind=MASK - n2lcn0122, task 576  0 [2001547]: mask |BBBB----|--------||--------|--------||--------|--------||--------|--------||||--------|--------||--------|--------||--------|--------||--------|--------|  set
cpu-bind=MASK - n2lcn0108, task 167  7 [2664620]: mask |--------|--------||--------|----BBBB||--------|--------||--------|--------||||--------|--------||--------|--------||--------|--------||--------|--------|  set
cpu-bind=MASK - n2lcn0114, task 354  2 [3773589]: mask |--------|BBBB----||--------|--------||--------|--------||--------|--------||||--------|--------||--------|--------||--------|--------||--------|--------|  set
cpu-bind=MASK - n2lcn0137, task 994  2 [2455402]: mask |--------|BBBB----||--------|--------||--------|--------||--------|--------||||--------|--------||--------|--------||--------|--------||--------|--------|  set
cpu-bind=MASK - n2lcn0122, task 577  1 [2001548]: mask |----BBBB|--------||--------|--------||--------|--------||--------|--------||||--------|--------||--------|--------||--------|--------||--------|--------|  set
cpu-bind=MASK - n2lcn0108, task 168  8 [2664621]: mask |--------|--------||--------|--------||BBBB----|--------||--------|--------||||--------|--------||--------|--------||--------|--------||--------|--------|  set
cpu-bind=MASK - n2lcn0134, task 896  0 [841681]: mask |BBBB----|--------||--------|--------||--------|--------||--------|--------||||--------|--------||--------|--------||--------|--------||--------|--------|  set
cpu-bind=MASK - n2lcn0114, task 355  3 [3773590]: mask |--------|----BBBB||--------|--------||--------|--------||--------|--------||||--------|--------||--------|--------||--------|--------||--------|--------|  set
cpu-bind=MASK - n2lcn0137, task 995  3 [2455403]: mask |--------|----BBBB||--------|--------||--------|--------||--------|--------||||--------|--------||--------|--------||--------|--------||--------|--------|  set
cpu-bind=MASK - n2lcn0122, task 578  2 [2001549]: mask |--------|BBBB----||--------|--------||--------|--------||--------|--------||||--------|--------||--------|--------||--------|--------||--------|--------|  set
cpu-bind=MASK - n2lcn0108, task 169  9 [2664622]: mask |--------|--------||--------|--------||----BBBB|--------||--------|--------||||--------|--------||--------|--------||--------|--------||--------|--------|  set
cpu-bind=MASK - n2lcn0134, task 897  1 [841682]: mask |----BBBB|--------||--------|--------||--------|--------||--------|--------||||--------|--------||--------|--------||--------|--------||--------|--------|  set
cpu-bind=MASK - n2lcn0114, task 356  4 [3773591]: mask |--------|--------||BBBB----|--------||--------|--------||--------|--------||||--------|--------||--------|--------||--------|--------||--------|--------|  set
cpu-bind=MASK - n2lcn0109, task 192  0 [1209215]: mask |BBBB----|--------||--------|--------||--------|--------||--------|--------||||--------|--------||--------|--------||--------|--------||--------|--------|  set
cpu-bind=MASK - n2lcn0137, task 996  4 [2455404]: mask |--------|--------||BBBB----|--------||--------|--------||--------|--------||||--------|--------||--------|--------||--------|--------||--------|--------|  set
cpu-bind=MASK - n2lcn0108, task 170 10 [2664623]: mask |--------|--------||--------|--------||--------|BBBB----||--------|--------||||--------|--------||--------|--------||--------|--------||--------|--------|  set
cpu-bind=MASK - n2lcn0122, task 579  3 [2001550]: mask |--------|----BBBB||--------|--------||--------|--------||--------|--------||||--------|--------||--------|--------||--------|--------||--------|--------|  set
cpu-bind=MASK - n2lcn0114, task 357  5 [3773592]: mask |--------|--------||----BBBB|--------||--------|--------||--------|--------||||--------|--------||--------|--------||--------|--------||--------|--------|  set
cpu-bind=MASK - n2lcn0134, task 898  2 [841683]: mask |--------|BBBB----||--------|--------||--------|--------||--------|--------||||--------|--------||--------|--------||--------|--------||--------|--------|  set
cpu-bind=MASK - n2lcn0137, task 997  5 [2455405]: mask |--------|--------||----BBBB|--------||--------|--------||--------|--------||||--------|--------||--------|--------||--------|--------||--------|--------|  set
cpu-bind=MASK - n2lcn0108, task 171 11 [2664624]: mask |--------|--------||--------|--------||--------|----BBBB||--------|--------||||--------|--------||--------|--------||--------|--------||--------|--------|  set
cpu-bind=MASK - n2lcn0122, task 580  4 [2001551]: mask |--------|--------||BBBB----|--------||--------|--------||--------|--------||||--------|--------||--------|--------||--------|--------||--------|--------|  set
cpu-bind=MASK - n2lcn0114, task 358  6 [3773593]: mask |--------|--------||--------|BBBB----||--------|--------||--------|--------||||--------|--------||--------|--------||--------|--------||--------|--------|  set
cpu-bind=MASK - n2lcn0134, task 899  3 [841684]: mask |--------|----BBBB||--------|--------||--------|--------||--------|--------||||--------|--------||--------|--------||--------|--------||--------|--------|  set
cpu-bind=MASK - n2lcn0137, task 998  6 [2455406]: mask |--------|--------||--------|BBBB----||--------|--------||--------|--------||||--------|--------||--------|--------||--------|--------||--------|--------|  set
cpu-bind=MASK - n2lcn0108, task 172 12 [2664625]: mask |--------|--------||--------|--------||--------|--------||BBBB----|--------||||--------|--------||--------|--------||--------|--------||--------|--------|  set
cpu-bind=MASK - n2lcn0122, task 581  5 [2001552]: mask |--------|--------||----BBBB|--------||--------|--------||--------|--------||||--------|--------||--------|--------||--------|--------||--------|--------|  set
cpu-bind=MASK - n2lcn0114, task 359  7 [3773594]: mask |--------|--------||--------|----BBBB||--------|--------||--------|--------||||--------|--------||--------|--------||--------|--------||--------|--------|  set
cpu-bind=MASK - n2lcn0124, task 640  0 [1790593]: mask |BBBB----|--------||--------|--------||--------|--------||--------|--------||||--------|--------||--------|--------||--------|--------||--------|--------|  set
cpu-bind=MASK - n2lcn0134, task 900  4 [841685]: mask |--------|--------||BBBB----|--------||--------|--------||--------|--------||||--------|--------||--------|--------||--------|--------||--------|--------|  set
cpu-bind=MASK - n2lcn0137, task 999  7 [2455407]: mask |--------|--------||--------|----BBBB||--------|--------||--------|--------||||--------|--------||--------|--------||--------|--------||--------|--------|  set
cpu-bind=MASK - n2lcn0108, task 173 13 [2664626]: mask |--------|--------||--------|--------||--------|--------||----BBBB|--------||||--------|--------||--------|--------||--------|--------||--------|--------|  set
cpu-bind=MASK - n2lcn0122, task 582  6 [2001553]: mask |--------|--------||--------|BBBB----||--------|--------||--------|--------||||--------|--------||--------|--------||--------|--------||--------|--------|  set
cpu-bind=MASK - n2lcn0114, task 360  8 [3773595]: mask |--------|--------||--------|--------||BBBB----|--------||--------|--------||||--------|--------||--------|--------||--------|--------||--------|--------|  set
cpu-bind=MASK - n2lcn0134, task 901  5 [841686]: mask |--------|--------||----BBBB|--------||--------|--------||--------|--------||||--------|--------||--------|--------||--------|--------||--------|--------|  set
cpu-bind=MASK - n2lcn0108, task 174 14 [2664627]: mask |--------|--------||--------|--------||--------|--------||--------|BBBB----||||--------|--------||--------|--------||--------|--------||--------|--------|  set
cpu-bind=MASK - n2lcn0137, task 1000  8 [2455408]: mask |--------|--------||--------|--------||BBBB----|--------||--------|--------||||--------|--------||--------|--------||--------|--------||--------|--------|  set
cpu-bind=MASK - n2lcn0122, task 583  7 [2001554]: mask |--------|--------||--------|----BBBB||--------|--------||--------|--------||||--------|--------||--------|--------||--------|--------||--------|--------|  set
cpu-bind=MASK - n2lcn0114, task 361  9 [3773596]: mask |--------|--------||--------|--------||----BBBB|--------||--------|--------||||--------|--------||--------|--------||--------|--------||--------|--------|  set
cpu-bind=MASK - n2lcn0134, task 902  6 [841687]: mask |--------|--------||--------|BBBB----||--------|--------||--------|--------||||--------|--------||--------|--------||--------|--------||--------|--------|  set
cpu-bind=MASK - n2lcn0108, task 175 15 [2664628]: mask |--------|--------||--------|--------||--------|--------||--------|----BBBB||||--------|--------||--------|--------||--------|--------||--------|--------|  set
cpu-bind=MASK - n2lcn0137, task 1001  9 [2455409]: mask |--------|--------||--------|--------||----BBBB|--------||--------|--------||||--------|--------||--------|--------||--------|--------||--------|--------|  set
cpu-bind=MASK - n2lcn0122, task 584  8 [2001555]: mask |--------|--------||--------|--------||BBBB----|--------||--------|--------||||--------|--------||--------|--------||--------|--------||--------|--------|  set
cpu-bind=MASK - n2lcn0114, task 362 10 [3773597]: mask |--------|--------||--------|--------||--------|BBBB----||--------|--------||||--------|--------||--------|--------||--------|--------||--------|--------|  set
cpu-bind=MASK - n2lcn0134, task 903  7 [841688]: mask |--------|--------||--------|----BBBB||--------|--------||--------|--------||||--------|--------||--------|--------||--------|--------||--------|--------|  set
cpu-bind=MASK - n2lcn0125, task 672  0 [361433]: mask |BBBB----|--------||--------|--------||--------|--------||--------|--------||||--------|--------||--------|--------||--------|--------||--------|--------|  set
cpu-bind=MASK - n2lcn0108, task 176 16 [2664629]: mask |--------|--------||--------|--------||--------|--------||--------|--------||||BBBB----|--------||--------|--------||--------|--------||--------|--------|  set
cpu-bind=MASK - n2lcn0137, task 1002 10 [2455410]: mask |--------|--------||--------|--------||--------|BBBB----||--------|--------||||--------|--------||--------|--------||--------|--------||--------|--------|  set
cpu-bind=MASK - n2lcn0118, task 480  0 [1191047]: mask |BBBB----|--------||--------|--------||--------|--------||--------|--------||||--------|--------||--------|--------||--------|--------||--------|--------|  set
cpu-bind=MASK - n2lcn0122, task 585  9 [2001556]: mask |--------|--------||--------|--------||----BBBB|--------||--------|--------||||--------|--------||--------|--------||--------|--------||--------|--------|  set
cpu-bind=MASK - n2lcn0121, task 544  0 [2576001]: mask |BBBB----|--------||--------|--------||--------|--------||--------|--------||||--------|--------||--------|--------||--------|--------||--------|--------|  set
cpu-bind=MASK - n2lcn0113, task 320  0 [1395312]: mask |BBBB----|--------||--------|--------||--------|--------||--------|--------||||--------|--------||--------|--------||--------|--------||--------|--------|  set
cpu-bind=MASK - n2lcn0114, task 363 11 [3773598]: mask |--------|--------||--------|--------||--------|----BBBB||--------|--------||||--------|--------||--------|--------||--------|--------||--------|--------|  set
cpu-bind=MASK - n2lcn0134, task 904  8 [841689]: mask |--------|--------||--------|--------||BBBB----|--------||--------|--------||||--------|--------||--------|--------||--------|--------||--------|--------|  set
cpu-bind=MASK - n2lcn0108, task 177 17 [2664630]: mask |--------|--------||--------|--------||--------|--------||--------|--------||||----BBBB|--------||--------|--------||--------|--------||--------|--------|  set
cpu-bind=MASK - n2lcn0137, task 1003 11 [2455411]: mask |--------|--------||--------|--------||--------|----BBBB||--------|--------||||--------|--------||--------|--------||--------|--------||--------|--------|  set
cpu-bind=MASK - n2lcn0109, task 193  1 [1209216]: mask |----BBBB|--------||--------|--------||--------|--------||--------|--------||||--------|--------||--------|--------||--------|--------||--------|--------|  set
cpu-bind=MASK - n2lcn0109, task 194  2 [1209217]: mask |--------|BBBB----||--------|--------||--------|--------||--------|--------||||--------|--------||--------|--------||--------|--------||--------|--------|  set
cpu-bind=MASK - n2lcn0109, task 195  3 [1209218]: mask |--------|----BBBB||--------|--------||--------|--------||--------|--------||||--------|--------||--------|--------||--------|--------||--------|--------|  set
cpu-bind=MASK - n2lcn0109, task 196  4 [1209219]: mask |--------|--------||BBBB----|--------||--------|--------||--------|--------||||--------|--------||--------|--------||--------|--------||--------|--------|  set
cpu-bind=MASK - n2lcn0109, task 197  5 [1209220]: mask |--------|--------||----BBBB|--------||--------|--------||--------|--------||||--------|--------||--------|--------||--------|--------||--------|--------|  set
cpu-bind=MASK - n2lcn0109, task 198  6 [1209221]: mask |--------|--------||--------|BBBB----||--------|--------||--------|--------||||--------|--------||--------|--------||--------|--------||--------|--------|  set
cpu-bind=MASK - n2lcn0109, task 199  7 [1209222]: mask |--------|--------||--------|----BBBB||--------|--------||--------|--------||||--------|--------||--------|--------||--------|--------||--------|--------|  set
cpu-bind=MASK - n2lcn0122, task 586 10 [2001557]: mask |--------|--------||--------|--------||--------|BBBB----||--------|--------||||--------|--------||--------|--------||--------|--------||--------|--------|  set
cpu-bind=MASK - n2lcn0134, task 905  9 [841690]: mask |--------|--------||--------|--------||----BBBB|--------||--------|--------||||--------|--------||--------|--------||--------|--------||--------|--------|  set
cpu-bind=MASK - n2lcn0114, task 364 12 [3773599]: mask |--------|--------||--------|--------||--------|--------||BBBB----|--------||||--------|--------||--------|--------||--------|--------||--------|--------|  set
cpu-bind=MASK - n2lcn0108, task 178 18 [2664631]: mask |--------|--------||--------|--------||--------|--------||--------|--------||||--------|BBBB----||--------|--------||--------|--------||--------|--------|  set
cpu-bind=MASK - n2lcn0137, task 1004 12 [2455412]: mask |--------|--------||--------|--------||--------|--------||BBBB----|--------||||--------|--------||--------|--------||--------|--------||--------|--------|  set
cpu-bind=MASK - n2lcn0122, task 587 11 [2001558]: mask |--------|--------||--------|--------||--------|----BBBB||--------|--------||||--------|--------||--------|--------||--------|--------||--------|--------|  set
cpu-bind=MASK - n2lcn0134, task 906 10 [841691]: mask |--------|--------||--------|--------||--------|BBBB----||--------|--------||||--------|--------||--------|--------||--------|--------||--------|--------|  set
cpu-bind=MASK - n2lcn0108, task 179 19 [2664632]: mask |--------|--------||--------|--------||--------|--------||--------|--------||||--------|----BBBB||--------|--------||--------|--------||--------|--------|  set
cpu-bind=MASK - n2lcn0114, task 365 13 [3773600]: mask |--------|--------||--------|--------||--------|--------||----BBBB|--------||||--------|--------||--------|--------||--------|--------||--------|--------|  set
cpu-bind=MASK - n2lcn0111, task 256  0 [792543]: mask |BBBB----|--------||--------|--------||--------|--------||--------|--------||||--------|--------||--------|--------||--------|--------||--------|--------|  set
cpu-bind=MASK - n2lcn0137, task 1005 13 [2455413]: mask |--------|--------||--------|--------||--------|--------||----BBBB|--------||||--------|--------||--------|--------||--------|--------||--------|--------|  set
cpu-bind=MASK - n2lcn0115, task 384  0 [1105385]: mask |BBBB----|--------||--------|--------||--------|--------||--------|--------||||--------|--------||--------|--------||--------|--------||--------|--------|  set
cpu-bind=MASK - n2lcn0122, task 588 12 [2001559]: mask |--------|--------||--------|--------||--------|--------||BBBB----|--------||||--------|--------||--------|--------||--------|--------||--------|--------|  set
cpu-bind=MASK - n2lcn0129, task 736  0 [1786627]: mask |BBBB----|--------||--------|--------||--------|--------||--------|--------||||--------|--------||--------|--------||--------|--------||--------|--------|  set
cpu-bind=MASK - n2lcn0108, task 180 20 [2664633]: mask |--------|--------||--------|--------||--------|--------||--------|--------||||--------|--------||BBBB----|--------||--------|--------||--------|--------|  set
cpu-bind=MASK - n2lcn0134, task 907 11 [841692]: mask |--------|--------||--------|--------||--------|----BBBB||--------|--------||||--------|--------||--------|--------||--------|--------||--------|--------|  set
cpu-bind=MASK - n2lcn0114, task 366 14 [3773601]: mask |--------|--------||--------|--------||--------|--------||--------|BBBB----||||--------|--------||--------|--------||--------|--------||--------|--------|  set
cpu-bind=MASK - n2lcn0137, task 1006 14 [2455414]: mask |--------|--------||--------|--------||--------|--------||--------|BBBB----||||--------|--------||--------|--------||--------|--------||--------|--------|  set
cpu-bind=MASK - n2lcn0110, task 224  0 [235042]: mask |BBBB----|--------||--------|--------||--------|--------||--------|--------||||--------|--------||--------|--------||--------|--------||--------|--------|  set
cpu-bind=MASK - n2lcn0136, task 960  0 [1666962]: mask |BBBB----|--------||--------|--------||--------|--------||--------|--------||||--------|--------||--------|--------||--------|--------||--------|--------|  set
cpu-bind=MASK - n2lcn0108, task 181 21 [2664634]: mask |--------|--------||--------|--------||--------|--------||--------|--------||||--------|--------||----BBBB|--------||--------|--------||--------|--------|  set
cpu-bind=MASK - n2lcn0124, task 641  1 [1790594]: mask |----BBBB|--------||--------|--------||--------|--------||--------|--------||||--------|--------||--------|--------||--------|--------||--------|--------|  set
cpu-bind=MASK - n2lcn0124, task 642  2 [1790595]: mask |--------|BBBB----||--------|--------||--------|--------||--------|--------||||--------|--------||--------|--------||--------|--------||--------|--------|  set
cpu-bind=MASK - n2lcn0124, task 643  3 [1790596]: mask |--------|----BBBB||--------|--------||--------|--------||--------|--------||||--------|--------||--------|--------||--------|--------||--------|--------|  set
cpu-bind=MASK - n2lcn0124, task 644  4 [1790597]: mask |--------|--------||BBBB----|--------||--------|--------||--------|--------||||--------|--------||--------|--------||--------|--------||--------|--------|  set
cpu-bind=MASK - n2lcn0124, task 645  5 [1790598]: mask |--------|--------||----BBBB|--------||--------|--------||--------|--------||||--------|--------||--------|--------||--------|--------||--------|--------|  set
cpu-bind=MASK - n2lcn0124, task 646  6 [1790599]: mask |--------|--------||--------|BBBB----||--------|--------||--------|--------||||--------|--------||--------|--------||--------|--------||--------|--------|  set
cpu-bind=MASK - n2lcn0124, task 647  7 [1790600]: mask |--------|--------||--------|----BBBB||--------|--------||--------|--------||||--------|--------||--------|--------||--------|--------||--------|--------|  set
cpu-bind=MASK - n2lcn0122, task 589 13 [2001560]: mask |--------|--------||--------|--------||--------|--------||----BBBB|--------||||--------|--------||--------|--------||--------|--------||--------|--------|  set
cpu-bind=MASK - n2lcn0134, task 908 12 [841693]: mask |--------|--------||--------|--------||--------|--------||BBBB----|--------||||--------|--------||--------|--------||--------|--------||--------|--------|  set
cpu-bind=MASK - n2lcn0114, task 367 15 [3773602]: mask |--------|--------||--------|--------||--------|--------||--------|----BBBB||||--------|--------||--------|--------||--------|--------||--------|--------|  set
cpu-bind=MASK - n2lcn0104, task 32  0 [1855087]: mask |BBBB----|--------||--------|--------||--------|--------||--------|--------||||--------|--------||--------|--------||--------|--------||--------|--------|  set
cpu-bind=MASK - n2lcn0137, task 1007 15 [2455415]: mask |--------|--------||--------|--------||--------|--------||--------|----BBBB||||--------|--------||--------|--------||--------|--------||--------|--------|  set
cpu-bind=MASK - n2lcn0132, task 832  0 [511952]: mask |BBBB----|--------||--------|--------||--------|--------||--------|--------||||--------|--------||--------|--------||--------|--------||--------|--------|  set
cpu-bind=MASK - n2lcn0108, task 182 22 [2664635]: mask |--------|--------||--------|--------||--------|--------||--------|--------||||--------|--------||--------|BBBB----||--------|--------||--------|--------|  set
cpu-bind=MASK - n2lcn0122, task 590 14 [2001561]: mask |--------|--------||--------|--------||--------|--------||--------|BBBB----||||--------|--------||--------|--------||--------|--------||--------|--------|  set
cpu-bind=MASK - n2lcn0134, task 909 13 [841694]: mask |--------|--------||--------|--------||--------|--------||----BBBB|--------||||--------|--------||--------|--------||--------|--------||--------|--------|  set
cpu-bind=MASK - n2lcn0114, task 368 16 [3773603]: mask |--------|--------||--------|--------||--------|--------||--------|--------||||BBBB----|--------||--------|--------||--------|--------||--------|--------|  set
cpu-bind=MASK - n2lcn0137, task 1008 16 [2455416]: mask |--------|--------||--------|--------||--------|--------||--------|--------||||BBBB----|--------||--------|--------||--------|--------||--------|--------|  set
cpu-bind=MASK - n2lcn0108, task 183 23 [2664636]: mask |--------|--------||--------|--------||--------|--------||--------|--------||||--------|--------||--------|----BBBB||--------|--------||--------|--------|  set
cpu-bind=MASK - n2lcn0133, task 864  0 [827334]: mask |BBBB----|--------||--------|--------||--------|--------||--------|--------||||--------|--------||--------|--------||--------|--------||--------|--------|  set
cpu-bind=MASK - n2lcn0122, task 591 15 [2001562]: mask |--------|--------||--------|--------||--------|--------||--------|----BBBB||||--------|--------||--------|--------||--------|--------||--------|--------|  set
cpu-bind=MASK - n2lcn0134, task 910 14 [841695]: mask |--------|--------||--------|--------||--------|--------||--------|BBBB----||||--------|--------||--------|--------||--------|--------||--------|--------|  set
cpu-bind=MASK - n2lcn0114, task 369 17 [3773604]: mask |--------|--------||--------|--------||--------|--------||--------|--------||||----BBBB|--------||--------|--------||--------|--------||--------|--------|  set
cpu-bind=MASK - n2lcn0137, task 1009 17 [2455417]: mask |--------|--------||--------|--------||--------|--------||--------|--------||||----BBBB|--------||--------|--------||--------|--------||--------|--------|  set
cpu-bind=MASK - n2lcn0108, task 184 24 [2664637]: mask |--------|--------||--------|--------||--------|--------||--------|--------||||--------|--------||--------|--------||BBBB----|--------||--------|--------|  set
cpu-bind=MASK - n2lcn0125, task 673  1 [361434]: mask |----BBBB|--------||--------|--------||--------|--------||--------|--------||||--------|--------||--------|--------||--------|--------||--------|--------|  set
cpu-bind=MASK - n2lcn0125, task 674  2 [361435]: mask |--------|BBBB----||--------|--------||--------|--------||--------|--------||||--------|--------||--------|--------||--------|--------||--------|--------|  set
cpu-bind=MASK - n2lcn0125, task 675  3 [361436]: mask |--------|----BBBB||--------|--------||--------|--------||--------|--------||||--------|--------||--------|--------||--------|--------||--------|--------|  set
cpu-bind=MASK - n2lcn0125, task 676  4 [361437]: mask |--------|--------||BBBB----|--------||--------|--------||--------|--------||||--------|--------||--------|--------||--------|--------||--------|--------|  set
cpu-bind=MASK - n2lcn0125, task 677  5 [361438]: mask |--------|--------||----BBBB|--------||--------|--------||--------|--------||||--------|--------||--------|--------||--------|--------||--------|--------|  set
cpu-bind=MASK - n2lcn0125, task 678  6 [361439]: mask |--------|--------||--------|BBBB----||--------|--------||--------|--------||||--------|--------||--------|--------||--------|--------||--------|--------|  set
cpu-bind=MASK - n2lcn0125, task 679  7 [361440]: mask |--------|--------||--------|----BBBB||--------|--------||--------|--------||||--------|--------||--------|--------||--------|--------||--------|--------|  set
cpu-bind=MASK - n2lcn0122, task 592 16 [2001563]: mask |--------|--------||--------|--------||--------|--------||--------|--------||||BBBB----|--------||--------|--------||--------|--------||--------|--------|  set
cpu-bind=MASK - n2lcn0106, task 96  0 [515388]: mask |BBBB----|--------||--------|--------||--------|--------||--------|--------||||--------|--------||--------|--------||--------|--------||--------|--------|  set
cpu-bind=MASK - n2lcn0134, task 911 15 [841696]: mask |--------|--------||--------|--------||--------|--------||--------|----BBBB||||--------|--------||--------|--------||--------|--------||--------|--------|  set
cpu-bind=MASK - n2lcn0114, task 370 18 [3773605]: mask |--------|--------||--------|--------||--------|--------||--------|--------||||--------|BBBB----||--------|--------||--------|--------||--------|--------|  set
cpu-bind=MASK - n2lcn0137, task 1010 18 [2455418]: mask |--------|--------||--------|--------||--------|--------||--------|--------||||--------|BBBB----||--------|--------||--------|--------||--------|--------|  set
cpu-bind=MASK - n2lcn0118, task 481  1 [1191048]: mask |----BBBB|--------||--------|--------||--------|--------||--------|--------||||--------|--------||--------|--------||--------|--------||--------|--------|  set
cpu-bind=MASK - n2lcn0118, task 482  2 [1191049]: mask |--------|BBBB----||--------|--------||--------|--------||--------|--------||||--------|--------||--------|--------||--------|--------||--------|--------|  set
cpu-bind=MASK - n2lcn0118, task 483  3 [1191050]: mask |--------|----BBBB||--------|--------||--------|--------||--------|--------||||--------|--------||--------|--------||--------|--------||--------|--------|  set
cpu-bind=MASK - n2lcn0118, task 484  4 [1191051]: mask |--------|--------||BBBB----|--------||--------|--------||--------|--------||||--------|--------||--------|--------||--------|--------||--------|--------|  set
cpu-bind=MASK - n2lcn0118, task 485  5 [1191052]: mask |--------|--------||----BBBB|--------||--------|--------||--------|--------||||--------|--------||--------|--------||--------|--------||--------|--------|  set
cpu-bind=MASK - n2lcn0118, task 486  6 [1191053]: mask |--------|--------||--------|BBBB----||--------|--------||--------|--------||||--------|--------||--------|--------||--------|--------||--------|--------|  set
cpu-bind=MASK - n2lcn0118, task 487  7 [1191054]: mask |--------|--------||--------|----BBBB||--------|--------||--------|--------||||--------|--------||--------|--------||--------|--------||--------|--------|  set
cpu-bind=MASK - n2lcn0108, task 185 25 [2664638]: mask |--------|--------||--------|--------||--------|--------||--------|--------||||--------|--------||--------|--------||----BBBB|--------||--------|--------|  set
cpu-bind=MASK - n2lcn0121, task 545  1 [2576002]: mask |----BBBB|--------||--------|--------||--------|--------||--------|--------||||--------|--------||--------|--------||--------|--------||--------|--------|  set
cpu-bind=MASK - n2lcn0121, task 546  2 [2576003]: mask |--------|BBBB----||--------|--------||--------|--------||--------|--------||||--------|--------||--------|--------||--------|--------||--------|--------|  set
cpu-bind=MASK - n2lcn0121, task 547  3 [2576004]: mask |--------|----BBBB||--------|--------||--------|--------||--------|--------||||--------|--------||--------|--------||--------|--------||--------|--------|  set
cpu-bind=MASK - n2lcn0121, task 548  4 [2576005]: mask |--------|--------||BBBB----|--------||--------|--------||--------|--------||||--------|--------||--------|--------||--------|--------||--------|--------|  set
cpu-bind=MASK - n2lcn0121, task 549  5 [2576006]: mask |--------|--------||----BBBB|--------||--------|--------||--------|--------||||--------|--------||--------|--------||--------|--------||--------|--------|  set
cpu-bind=MASK - n2lcn0121, task 550  6 [2576007]: mask |--------|--------||--------|BBBB----||--------|--------||--------|--------||||--------|--------||--------|--------||--------|--------||--------|--------|  set
cpu-bind=MASK - n2lcn0121, task 551  7 [2576008]: mask |--------|--------||--------|----BBBB||--------|--------||--------|--------||||--------|--------||--------|--------||--------|--------||--------|--------|  set
cpu-bind=MASK - n2lcn0113, task 321  1 [1395313]: mask |----BBBB|--------||--------|--------||--------|--------||--------|--------||||--------|--------||--------|--------||--------|--------||--------|--------|  set
cpu-bind=MASK - n2lcn0113, task 322  2 [1395314]: mask |--------|BBBB----||--------|--------||--------|--------||--------|--------||||--------|--------||--------|--------||--------|--------||--------|--------|  set
cpu-bind=MASK - n2lcn0113, task 323  3 [1395315]: mask |--------|----BBBB||--------|--------||--------|--------||--------|--------||||--------|--------||--------|--------||--------|--------||--------|--------|  set
cpu-bind=MASK - n2lcn0113, task 324  4 [1395316]: mask |--------|--------||BBBB----|--------||--------|--------||--------|--------||||--------|--------||--------|--------||--------|--------||--------|--------|  set
cpu-bind=MASK - n2lcn0113, task 325  5 [1395317]: mask |--------|--------||----BBBB|--------||--------|--------||--------|--------||||--------|--------||--------|--------||--------|--------||--------|--------|  set
cpu-bind=MASK - n2lcn0113, task 326  6 [1395318]: mask |--------|--------||--------|BBBB----||--------|--------||--------|--------||||--------|--------||--------|--------||--------|--------||--------|--------|  set
cpu-bind=MASK - n2lcn0113, task 327  7 [1395319]: mask |--------|--------||--------|----BBBB||--------|--------||--------|--------||||--------|--------||--------|--------||--------|--------||--------|--------|  set
cpu-bind=MASK - n2lcn0134, task 912 16 [841697]: mask |--------|--------||--------|--------||--------|--------||--------|--------||||BBBB----|--------||--------|--------||--------|--------||--------|--------|  set
cpu-bind=MASK - n2lcn0122, task 593 17 [2001564]: mask |--------|--------||--------|--------||--------|--------||--------|--------||||----BBBB|--------||--------|--------||--------|--------||--------|--------|  set
cpu-bind=MASK - n2lcn0114, task 371 19 [3773606]: mask |--------|--------||--------|--------||--------|--------||--------|--------||||--------|----BBBB||--------|--------||--------|--------||--------|--------|  set
cpu-bind=MASK - n2lcn0106, task 97  1 [515389]: mask |----BBBB|--------||--------|--------||--------|--------||--------|--------||||--------|--------||--------|--------||--------|--------||--------|--------|  set
cpu-bind=MASK - n2lcn0137, task 1011 19 [2455419]: mask |--------|--------||--------|--------||--------|--------||--------|--------||||--------|----BBBB||--------|--------||--------|--------||--------|--------|  set
cpu-bind=MASK - n2lcn0109, task 200  8 [1209223]: mask |--------|--------||--------|--------||BBBB----|--------||--------|--------||||--------|--------||--------|--------||--------|--------||--------|--------|  set
cpu-bind=MASK - n2lcn0109, task 201  9 [1209224]: mask |--------|--------||--------|--------||----BBBB|--------||--------|--------||||--------|--------||--------|--------||--------|--------||--------|--------|  set
cpu-bind=MASK - n2lcn0109, task 202 10 [1209225]: mask |--------|--------||--------|--------||--------|BBBB----||--------|--------||||--------|--------||--------|--------||--------|--------||--------|--------|  set
cpu-bind=MASK - n2lcn0109, task 203 11 [1209226]: mask |--------|--------||--------|--------||--------|----BBBB||--------|--------||||--------|--------||--------|--------||--------|--------||--------|--------|  set
cpu-bind=MASK - n2lcn0109, task 204 12 [1209227]: mask |--------|--------||--------|--------||--------|--------||BBBB----|--------||||--------|--------||--------|--------||--------|--------||--------|--------|  set
cpu-bind=MASK - n2lcn0109, task 205 13 [1209228]: mask |--------|--------||--------|--------||--------|--------||----BBBB|--------||||--------|--------||--------|--------||--------|--------||--------|--------|  set
cpu-bind=MASK - n2lcn0109, task 206 14 [1209229]: mask |--------|--------||--------|--------||--------|--------||--------|BBBB----||||--------|--------||--------|--------||--------|--------||--------|--------|  set
cpu-bind=MASK - n2lcn0108, task 186 26 [2664639]: mask |--------|--------||--------|--------||--------|--------||--------|--------||||--------|--------||--------|--------||--------|BBBB----||--------|--------|  set
cpu-bind=MASK - n2lcn0134, task 913 17 [841698]: mask |--------|--------||--------|--------||--------|--------||--------|--------||||----BBBB|--------||--------|--------||--------|--------||--------|--------|  set
cpu-bind=MASK - n2lcn0122, task 594 18 [2001565]: mask |--------|--------||--------|--------||--------|--------||--------|--------||||--------|BBBB----||--------|--------||--------|--------||--------|--------|  set
cpu-bind=MASK - n2lcn0115, task 385  1 [1105386]: mask |----BBBB|--------||--------|--------||--------|--------||--------|--------||||--------|--------||--------|--------||--------|--------||--------|--------|  set
cpu-bind=MASK - n2lcn0115, task 386  2 [1105387]: mask |--------|BBBB----||--------|--------||--------|--------||--------|--------||||--------|--------||--------|--------||--------|--------||--------|--------|  set
cpu-bind=MASK - n2lcn0115, task 387  3 [1105388]: mask |--------|----BBBB||--------|--------||--------|--------||--------|--------||||--------|--------||--------|--------||--------|--------||--------|--------|  set
cpu-bind=MASK - n2lcn0115, task 388  4 [1105389]: mask |--------|--------||BBBB----|--------||--------|--------||--------|--------||||--------|--------||--------|--------||--------|--------||--------|--------|  set
cpu-bind=MASK - n2lcn0115, task 389  5 [1105390]: mask |--------|--------||----BBBB|--------||--------|--------||--------|--------||||--------|--------||--------|--------||--------|--------||--------|--------|  set
cpu-bind=MASK - n2lcn0115, task 390  6 [1105391]: mask |--------|--------||--------|BBBB----||--------|--------||--------|--------||||--------|--------||--------|--------||--------|--------||--------|--------|  set
cpu-bind=MASK - n2lcn0115, task 391  7 [1105392]: mask |--------|--------||--------|----BBBB||--------|--------||--------|--------||||--------|--------||--------|--------||--------|--------||--------|--------|  set
cpu-bind=MASK - n2lcn0137, task 1012 20 [2455420]: mask |--------|--------||--------|--------||--------|--------||--------|--------||||--------|--------||BBBB----|--------||--------|--------||--------|--------|  set
cpu-bind=MASK - n2lcn0135, task 928  0 [2575673]: mask |BBBB----|--------||--------|--------||--------|--------||--------|--------||||--------|--------||--------|--------||--------|--------||--------|--------|  set
cpu-bind=MASK - n2lcn0108, task 187 27 [2664640]: mask |--------|--------||--------|--------||--------|--------||--------|--------||||--------|--------||--------|--------||--------|----BBBB||--------|--------|  set
cpu-bind=MASK - n2lcn0111, task 257  1 [792544]: mask |----BBBB|--------||--------|--------||--------|--------||--------|--------||||--------|--------||--------|--------||--------|--------||--------|--------|  set
cpu-bind=MASK - n2lcn0111, task 258  2 [792545]: mask |--------|BBBB----||--------|--------||--------|--------||--------|--------||||--------|--------||--------|--------||--------|--------||--------|--------|  set
cpu-bind=MASK - n2lcn0114, task 372 20 [3773607]: mask |--------|--------||--------|--------||--------|--------||--------|--------||||--------|--------||BBBB----|--------||--------|--------||--------|--------|  set
cpu-bind=MASK - n2lcn0111, task 259  3 [792546]: mask |--------|----BBBB||--------|--------||--------|--------||--------|--------||||--------|--------||--------|--------||--------|--------||--------|--------|  set
cpu-bind=MASK - n2lcn0111, task 260  4 [792547]: mask |--------|--------||BBBB----|--------||--------|--------||--------|--------||||--------|--------||--------|--------||--------|--------||--------|--------|  set
cpu-bind=MASK - n2lcn0111, task 261  5 [792548]: mask |--------|--------||----BBBB|--------||--------|--------||--------|--------||||--------|--------||--------|--------||--------|--------||--------|--------|  set
cpu-bind=MASK - n2lcn0111, task 262  6 [792549]: mask |--------|--------||--------|BBBB----||--------|--------||--------|--------||||--------|--------||--------|--------||--------|--------||--------|--------|  set
cpu-bind=MASK - n2lcn0106, task 98  2 [515390]: mask |--------|BBBB----||--------|--------||--------|--------||--------|--------||||--------|--------||--------|--------||--------|--------||--------|--------|  set
cpu-bind=MASK - n2lcn0111, task 263  7 [792550]: mask |--------|--------||--------|----BBBB||--------|--------||--------|--------||||--------|--------||--------|--------||--------|--------||--------|--------|  set
cpu-bind=MASK - n2lcn0122, task 595 19 [2001566]: mask |--------|--------||--------|--------||--------|--------||--------|--------||||--------|----BBBB||--------|--------||--------|--------||--------|--------|  set
cpu-bind=MASK - n2lcn0134, task 914 18 [841699]: mask |--------|--------||--------|--------||--------|--------||--------|--------||||--------|BBBB----||--------|--------||--------|--------||--------|--------|  set
cpu-bind=MASK - n2lcn0137, task 1013 21 [2455421]: mask |--------|--------||--------|--------||--------|--------||--------|--------||||--------|--------||----BBBB|--------||--------|--------||--------|--------|  set
cpu-bind=MASK - n2lcn0114, task 373 21 [3773608]: mask |--------|--------||--------|--------||--------|--------||--------|--------||||--------|--------||----BBBB|--------||--------|--------||--------|--------|  set
cpu-bind=MASK - n2lcn0108, task 188 28 [2664641]: mask |--------|--------||--------|--------||--------|--------||--------|--------||||--------|--------||--------|--------||--------|--------||BBBB----|--------|  set
cpu-bind=MASK - n2lcn0129, task 737  1 [1786628]: mask |----BBBB|--------||--------|--------||--------|--------||--------|--------||||--------|--------||--------|--------||--------|--------||--------|--------|  set
cpu-bind=MASK - n2lcn0129, task 738  2 [1786629]: mask |--------|BBBB----||--------|--------||--------|--------||--------|--------||||--------|--------||--------|--------||--------|--------||--------|--------|  set
cpu-bind=MASK - n2lcn0129, task 739  3 [1786630]: mask |--------|----BBBB||--------|--------||--------|--------||--------|--------||||--------|--------||--------|--------||--------|--------||--------|--------|  set
cpu-bind=MASK - n2lcn0129, task 740  4 [1786631]: mask |--------|--------||BBBB----|--------||--------|--------||--------|--------||||--------|--------||--------|--------||--------|--------||--------|--------|  set
cpu-bind=MASK - n2lcn0129, task 741  5 [1786632]: mask |--------|--------||----BBBB|--------||--------|--------||--------|--------||||--------|--------||--------|--------||--------|--------||--------|--------|  set
cpu-bind=MASK - n2lcn0110, task 225  1 [235043]: mask |----BBBB|--------||--------|--------||--------|--------||--------|--------||||--------|--------||--------|--------||--------|--------||--------|--------|  set
cpu-bind=MASK - n2lcn0129, task 742  6 [1786633]: mask |--------|--------||--------|BBBB----||--------|--------||--------|--------||||--------|--------||--------|--------||--------|--------||--------|--------|  set
cpu-bind=MASK - n2lcn0110, task 226  2 [235044]: mask |--------|BBBB----||--------|--------||--------|--------||--------|--------||||--------|--------||--------|--------||--------|--------||--------|--------|  set
cpu-bind=MASK - n2lcn0110, task 227  3 [235045]: mask |--------|----BBBB||--------|--------||--------|--------||--------|--------||||--------|--------||--------|--------||--------|--------||--------|--------|  set
cpu-bind=MASK - n2lcn0110, task 228  4 [235046]: mask |--------|--------||BBBB----|--------||--------|--------||--------|--------||||--------|--------||--------|--------||--------|--------||--------|--------|  set
cpu-bind=MASK - n2lcn0110, task 229  5 [235047]: mask |--------|--------||----BBBB|--------||--------|--------||--------|--------||||--------|--------||--------|--------||--------|--------||--------|--------|  set
cpu-bind=MASK - n2lcn0110, task 230  6 [235048]: mask |--------|--------||--------|BBBB----||--------|--------||--------|--------||||--------|--------||--------|--------||--------|--------||--------|--------|  set
cpu-bind=MASK - n2lcn0110, task 231  7 [235049]: mask |--------|--------||--------|----BBBB||--------|--------||--------|--------||||--------|--------||--------|--------||--------|--------||--------|--------|  set
cpu-bind=MASK - n2lcn0129, task 743  7 [1786634]: mask |--------|--------||--------|----BBBB||--------|--------||--------|--------||||--------|--------||--------|--------||--------|--------||--------|--------|  set
cpu-bind=MASK - n2lcn0106, task 99  3 [515391]: mask |--------|----BBBB||--------|--------||--------|--------||--------|--------||||--------|--------||--------|--------||--------|--------||--------|--------|  set
cpu-bind=MASK - n2lcn0136, task 961  1 [1666963]: mask |----BBBB|--------||--------|--------||--------|--------||--------|--------||||--------|--------||--------|--------||--------|--------||--------|--------|  set
cpu-bind=MASK - n2lcn0136, task 962  2 [1666964]: mask |--------|BBBB----||--------|--------||--------|--------||--------|--------||||--------|--------||--------|--------||--------|--------||--------|--------|  set
cpu-bind=MASK - n2lcn0136, task 963  3 [1666965]: mask |--------|----BBBB||--------|--------||--------|--------||--------|--------||||--------|--------||--------|--------||--------|--------||--------|--------|  set
cpu-bind=MASK - n2lcn0136, task 964  4 [1666966]: mask |--------|--------||BBBB----|--------||--------|--------||--------|--------||||--------|--------||--------|--------||--------|--------||--------|--------|  set
cpu-bind=MASK - n2lcn0136, task 965  5 [1666967]: mask |--------|--------||----BBBB|--------||--------|--------||--------|--------||||--------|--------||--------|--------||--------|--------||--------|--------|  set
cpu-bind=MASK - n2lcn0122, task 596 20 [2001567]: mask |--------|--------||--------|--------||--------|--------||--------|--------||||--------|--------||BBBB----|--------||--------|--------||--------|--------|  set
cpu-bind=MASK - n2lcn0136, task 966  6 [1666968]: mask |--------|--------||--------|BBBB----||--------|--------||--------|--------||||--------|--------||--------|--------||--------|--------||--------|--------|  set
cpu-bind=MASK - n2lcn0136, task 967  7 [1666969]: mask |--------|--------||--------|----BBBB||--------|--------||--------|--------||||--------|--------||--------|--------||--------|--------||--------|--------|  set
cpu-bind=MASK - n2lcn0134, task 915 19 [841700]: mask |--------|--------||--------|--------||--------|--------||--------|--------||||--------|----BBBB||--------|--------||--------|--------||--------|--------|  set
cpu-bind=MASK - n2lcn0114, task 374 22 [3773609]: mask |--------|--------||--------|--------||--------|--------||--------|--------||||--------|--------||--------|BBBB----||--------|--------||--------|--------|  set
cpu-bind=MASK - n2lcn0137, task 1014 22 [2455422]: mask |--------|--------||--------|--------||--------|--------||--------|--------||||--------|--------||--------|BBBB----||--------|--------||--------|--------|  set
cpu-bind=MASK - n2lcn0108, task 189 29 [2664642]: mask |--------|--------||--------|--------||--------|--------||--------|--------||||--------|--------||--------|--------||--------|--------||----BBBB|--------|  set
cpu-bind=MASK - n2lcn0124, task 648  8 [1790601]: mask |--------|--------||--------|--------||BBBB----|--------||--------|--------||||--------|--------||--------|--------||--------|--------||--------|--------|  set
cpu-bind=MASK - n2lcn0124, task 649  9 [1790602]: mask |--------|--------||--------|--------||----BBBB|--------||--------|--------||||--------|--------||--------|--------||--------|--------||--------|--------|  set
cpu-bind=MASK - n2lcn0124, task 650 10 [1790603]: mask |--------|--------||--------|--------||--------|BBBB----||--------|--------||||--------|--------||--------|--------||--------|--------||--------|--------|  set
cpu-bind=MASK - n2lcn0124, task 651 11 [1790604]: mask |--------|--------||--------|--------||--------|----BBBB||--------|--------||||--------|--------||--------|--------||--------|--------||--------|--------|  set
cpu-bind=MASK - n2lcn0124, task 652 12 [1790605]: mask |--------|--------||--------|--------||--------|--------||BBBB----|--------||||--------|--------||--------|--------||--------|--------||--------|--------|  set
cpu-bind=MASK - n2lcn0124, task 653 13 [1790606]: mask |--------|--------||--------|--------||--------|--------||----BBBB|--------||||--------|--------||--------|--------||--------|--------||--------|--------|  set
cpu-bind=MASK - n2lcn0124, task 654 14 [1790607]: mask |--------|--------||--------|--------||--------|--------||--------|BBBB----||||--------|--------||--------|--------||--------|--------||--------|--------|  set
cpu-bind=MASK - n2lcn0104, task 33  1 [1855088]: mask |----BBBB|--------||--------|--------||--------|--------||--------|--------||||--------|--------||--------|--------||--------|--------||--------|--------|  set
cpu-bind=MASK - n2lcn0104, task 34  2 [1855089]: mask |--------|BBBB----||--------|--------||--------|--------||--------|--------||||--------|--------||--------|--------||--------|--------||--------|--------|  set
cpu-bind=MASK - n2lcn0104, task 35  3 [1855090]: mask |--------|----BBBB||--------|--------||--------|--------||--------|--------||||--------|--------||--------|--------||--------|--------||--------|--------|  set
cpu-bind=MASK - n2lcn0104, task 36  4 [1855091]: mask |--------|--------||BBBB----|--------||--------|--------||--------|--------||||--------|--------||--------|--------||--------|--------||--------|--------|  set
cpu-bind=MASK - n2lcn0104, task 37  5 [1855092]: mask |--------|--------||----BBBB|--------||--------|--------||--------|--------||||--------|--------||--------|--------||--------|--------||--------|--------|  set
cpu-bind=MASK - n2lcn0104, task 38  6 [1855093]: mask |--------|--------||--------|BBBB----||--------|--------||--------|--------||||--------|--------||--------|--------||--------|--------||--------|--------|  set
cpu-bind=MASK - n2lcn0104, task 39  7 [1855094]: mask |--------|--------||--------|----BBBB||--------|--------||--------|--------||||--------|--------||--------|--------||--------|--------||--------|--------|  set
cpu-bind=MASK - n2lcn0106, task 100  4 [515392]: mask |--------|--------||BBBB----|--------||--------|--------||--------|--------||||--------|--------||--------|--------||--------|--------||--------|--------|  set
cpu-bind=MASK - n2lcn0122, task 597 21 [2001568]: mask |--------|--------||--------|--------||--------|--------||--------|--------||||--------|--------||----BBBB|--------||--------|--------||--------|--------|  set
cpu-bind=MASK - n2lcn0119, task 512  0 [3881774]: mask |BBBB----|--------||--------|--------||--------|--------||--------|--------||||--------|--------||--------|--------||--------|--------||--------|--------|  set
cpu-bind=MASK - n2lcn0114, task 375 23 [3773610]: mask |--------|--------||--------|--------||--------|--------||--------|--------||||--------|--------||--------|----BBBB||--------|--------||--------|--------|  set
cpu-bind=MASK - n2lcn0108, task 190 30 [2664643]: mask |--------|--------||--------|--------||--------|--------||--------|--------||||--------|--------||--------|--------||--------|--------||--------|BBBB----|  set
cpu-bind=MASK - n2lcn0137, task 1015 23 [2455423]: mask |--------|--------||--------|--------||--------|--------||--------|--------||||--------|--------||--------|----BBBB||--------|--------||--------|--------|  set
cpu-bind=MASK - n2lcn0134, task 916 20 [841701]: mask |--------|--------||--------|--------||--------|--------||--------|--------||||--------|--------||BBBB----|--------||--------|--------||--------|--------|  set
cpu-bind=MASK - n2lcn0132, task 833  1 [511953]: mask |----BBBB|--------||--------|--------||--------|--------||--------|--------||||--------|--------||--------|--------||--------|--------||--------|--------|  set
cpu-bind=MASK - n2lcn0132, task 834  2 [511954]: mask |--------|BBBB----||--------|--------||--------|--------||--------|--------||||--------|--------||--------|--------||--------|--------||--------|--------|  set
cpu-bind=MASK - n2lcn0132, task 835  3 [511955]: mask |--------|----BBBB||--------|--------||--------|--------||--------|--------||||--------|--------||--------|--------||--------|--------||--------|--------|  set
cpu-bind=MASK - n2lcn0132, task 836  4 [511956]: mask |--------|--------||BBBB----|--------||--------|--------||--------|--------||||--------|--------||--------|--------||--------|--------||--------|--------|  set
cpu-bind=MASK - n2lcn0132, task 837  5 [511957]: mask |--------|--------||----BBBB|--------||--------|--------||--------|--------||||--------|--------||--------|--------||--------|--------||--------|--------|  set
cpu-bind=MASK - n2lcn0132, task 838  6 [511958]: mask |--------|--------||--------|BBBB----||--------|--------||--------|--------||||--------|--------||--------|--------||--------|--------||--------|--------|  set
cpu-bind=MASK - n2lcn0132, task 839  7 [511959]: mask |--------|--------||--------|----BBBB||--------|--------||--------|--------||||--------|--------||--------|--------||--------|--------||--------|--------|  set
cpu-bind=MASK - n2lcn0114, task 376 24 [3773611]: mask |--------|--------||--------|--------||--------|--------||--------|--------||||--------|--------||--------|--------||BBBB----|--------||--------|--------|  set
cpu-bind=MASK - n2lcn0106, task 101  5 [515393]: mask |--------|--------||----BBBB|--------||--------|--------||--------|--------||||--------|--------||--------|--------||--------|--------||--------|--------|  set
cpu-bind=MASK - n2lcn0137, task 1016 24 [2455424]: mask |--------|--------||--------|--------||--------|--------||--------|--------||||--------|--------||--------|--------||BBBB----|--------||--------|--------|  set
cpu-bind=MASK - n2lcn0134, task 917 21 [841702]: mask |--------|--------||--------|--------||--------|--------||--------|--------||||--------|--------||----BBBB|--------||--------|--------||--------|--------|  set
cpu-bind=MASK - n2lcn0122, task 598 22 [2001569]: mask |--------|--------||--------|--------||--------|--------||--------|--------||||--------|--------||--------|BBBB----||--------|--------||--------|--------|  set
cpu-bind=MASK - n2lcn0133, task 865  1 [827335]: mask |----BBBB|--------||--------|--------||--------|--------||--------|--------||||--------|--------||--------|--------||--------|--------||--------|--------|  set
cpu-bind=MASK - n2lcn0133, task 866  2 [827336]: mask |--------|BBBB----||--------|--------||--------|--------||--------|--------||||--------|--------||--------|--------||--------|--------||--------|--------|  set
cpu-bind=MASK - n2lcn0133, task 867  3 [827337]: mask |--------|----BBBB||--------|--------||--------|--------||--------|--------||||--------|--------||--------|--------||--------|--------||--------|--------|  set
cpu-bind=MASK - n2lcn0133, task 868  4 [827338]: mask |--------|--------||BBBB----|--------||--------|--------||--------|--------||||--------|--------||--------|--------||--------|--------||--------|--------|  set
cpu-bind=MASK - n2lcn0133, task 869  5 [827339]: mask |--------|--------||----BBBB|--------||--------|--------||--------|--------||||--------|--------||--------|--------||--------|--------||--------|--------|  set
cpu-bind=MASK - n2lcn0133, task 870  6 [827340]: mask |--------|--------||--------|BBBB----||--------|--------||--------|--------||||--------|--------||--------|--------||--------|--------||--------|--------|  set
cpu-bind=MASK - n2lcn0133, task 871  7 [827341]: mask |--------|--------||--------|----BBBB||--------|--------||--------|--------||||--------|--------||--------|--------||--------|--------||--------|--------|  set
cpu-bind=MASK - n2lcn0125, task 680  8 [361441]: mask |--------|--------||--------|--------||BBBB----|--------||--------|--------||||--------|--------||--------|--------||--------|--------||--------|--------|  set
cpu-bind=MASK - n2lcn0125, task 681  9 [361442]: mask |--------|--------||--------|--------||----BBBB|--------||--------|--------||||--------|--------||--------|--------||--------|--------||--------|--------|  set
cpu-bind=MASK - n2lcn0125, task 682 10 [361443]: mask |--------|--------||--------|--------||--------|BBBB----||--------|--------||||--------|--------||--------|--------||--------|--------||--------|--------|  set
cpu-bind=MASK - n2lcn0125, task 683 11 [361444]: mask |--------|--------||--------|--------||--------|----BBBB||--------|--------||||--------|--------||--------|--------||--------|--------||--------|--------|  set
cpu-bind=MASK - n2lcn0125, task 684 12 [361445]: mask |--------|--------||--------|--------||--------|--------||BBBB----|--------||||--------|--------||--------|--------||--------|--------||--------|--------|  set
cpu-bind=MASK - n2lcn0125, task 685 13 [361446]: mask |--------|--------||--------|--------||--------|--------||----BBBB|--------||||--------|--------||--------|--------||--------|--------||--------|--------|  set
cpu-bind=MASK - n2lcn0125, task 686 14 [361447]: mask |--------|--------||--------|--------||--------|--------||--------|BBBB----||||--------|--------||--------|--------||--------|--------||--------|--------|  set
cpu-bind=MASK - n2lcn0114, task 377 25 [3773612]: mask |--------|--------||--------|--------||--------|--------||--------|--------||||--------|--------||--------|--------||----BBBB|--------||--------|--------|  set
cpu-bind=MASK - n2lcn0137, task 1017 25 [2455425]: mask |--------|--------||--------|--------||--------|--------||--------|--------||||--------|--------||--------|--------||----BBBB|--------||--------|--------|  set
cpu-bind=MASK - n2lcn0122, task 599 23 [2001570]: mask |--------|--------||--------|--------||--------|--------||--------|--------||||--------|--------||--------|----BBBB||--------|--------||--------|--------|  set
cpu-bind=MASK - n2lcn0118, task 488  8 [1191055]: mask |--------|--------||--------|--------||BBBB----|--------||--------|--------||||--------|--------||--------|--------||--------|--------||--------|--------|  set
cpu-bind=MASK - n2lcn0118, task 489  9 [1191056]: mask |--------|--------||--------|--------||----BBBB|--------||--------|--------||||--------|--------||--------|--------||--------|--------||--------|--------|  set
cpu-bind=MASK - n2lcn0118, task 490 10 [1191057]: mask |--------|--------||--------|--------||--------|BBBB----||--------|--------||||--------|--------||--------|--------||--------|--------||--------|--------|  set
cpu-bind=MASK - n2lcn0118, task 491 11 [1191058]: mask |--------|--------||--------|--------||--------|----BBBB||--------|--------||||--------|--------||--------|--------||--------|--------||--------|--------|  set
cpu-bind=MASK - n2lcn0106, task 102  6 [515394]: mask |--------|--------||--------|BBBB----||--------|--------||--------|--------||||--------|--------||--------|--------||--------|--------||--------|--------|  set
cpu-bind=MASK - n2lcn0118, task 492 12 [1191059]: mask |--------|--------||--------|--------||--------|--------||BBBB----|--------||||--------|--------||--------|--------||--------|--------||--------|--------|  set
cpu-bind=MASK - n2lcn0118, task 493 13 [1191060]: mask |--------|--------||--------|--------||--------|--------||----BBBB|--------||||--------|--------||--------|--------||--------|--------||--------|--------|  set
cpu-bind=MASK - n2lcn0118, task 494 14 [1191061]: mask |--------|--------||--------|--------||--------|--------||--------|BBBB----||||--------|--------||--------|--------||--------|--------||--------|--------|  set
cpu-bind=MASK - n2lcn0134, task 918 22 [841703]: mask |--------|--------||--------|--------||--------|--------||--------|--------||||--------|--------||--------|BBBB----||--------|--------||--------|--------|  set
cpu-bind=MASK - n2lcn0117, task 448  0 [628823]: mask |BBBB----|--------||--------|--------||--------|--------||--------|--------||||--------|--------||--------|--------||--------|--------||--------|--------|  set
cpu-bind=MASK - n2lcn0114, task 378 26 [3773613]: mask |--------|--------||--------|--------||--------|--------||--------|--------||||--------|--------||--------|--------||--------|BBBB----||--------|--------|  set
cpu-bind=MASK - n2lcn0137, task 1018 26 [2455426]: mask |--------|--------||--------|--------||--------|--------||--------|--------||||--------|--------||--------|--------||--------|BBBB----||--------|--------|  set
cpu-bind=MASK - n2lcn0122, task 600 24 [2001571]: mask |--------|--------||--------|--------||--------|--------||--------|--------||||--------|--------||--------|--------||BBBB----|--------||--------|--------|  set
cpu-bind=MASK - n2lcn0134, task 919 23 [841704]: mask |--------|--------||--------|--------||--------|--------||--------|--------||||--------|--------||--------|----BBBB||--------|--------||--------|--------|  set
cpu-bind=MASK - n2lcn0106, task 103  7 [515395]: mask |--------|--------||--------|----BBBB||--------|--------||--------|--------||||--------|--------||--------|--------||--------|--------||--------|--------|  set
cpu-bind=MASK - n2lcn0121, task 552  8 [2576009]: mask |--------|--------||--------|--------||BBBB----|--------||--------|--------||||--------|--------||--------|--------||--------|--------||--------|--------|  set
cpu-bind=MASK - n2lcn0121, task 553  9 [2576010]: mask |--------|--------||--------|--------||----BBBB|--------||--------|--------||||--------|--------||--------|--------||--------|--------||--------|--------|  set
cpu-bind=MASK - n2lcn0121, task 554 10 [2576011]: mask |--------|--------||--------|--------||--------|BBBB----||--------|--------||||--------|--------||--------|--------||--------|--------||--------|--------|  set
cpu-bind=MASK - n2lcn0121, task 555 11 [2576012]: mask |--------|--------||--------|--------||--------|----BBBB||--------|--------||||--------|--------||--------|--------||--------|--------||--------|--------|  set
cpu-bind=MASK - n2lcn0121, task 556 12 [2576013]: mask |--------|--------||--------|--------||--------|--------||BBBB----|--------||||--------|--------||--------|--------||--------|--------||--------|--------|  set
cpu-bind=MASK - n2lcn0121, task 557 13 [2576014]: mask |--------|--------||--------|--------||--------|--------||----BBBB|--------||||--------|--------||--------|--------||--------|--------||--------|--------|  set
cpu-bind=MASK - n2lcn0121, task 558 14 [2576015]: mask |--------|--------||--------|--------||--------|--------||--------|BBBB----||||--------|--------||--------|--------||--------|--------||--------|--------|  set
cpu-bind=MASK - n2lcn0113, task 328  8 [1395320]: mask |--------|--------||--------|--------||BBBB----|--------||--------|--------||||--------|--------||--------|--------||--------|--------||--------|--------|  set
cpu-bind=MASK - n2lcn0113, task 329  9 [1395321]: mask |--------|--------||--------|--------||----BBBB|--------||--------|--------||||--------|--------||--------|--------||--------|--------||--------|--------|  set
cpu-bind=MASK - n2lcn0113, task 330 10 [1395322]: mask |--------|--------||--------|--------||--------|BBBB----||--------|--------||||--------|--------||--------|--------||--------|--------||--------|--------|  set
cpu-bind=MASK - n2lcn0113, task 331 11 [1395323]: mask |--------|--------||--------|--------||--------|----BBBB||--------|--------||||--------|--------||--------|--------||--------|--------||--------|--------|  set
cpu-bind=MASK - n2lcn0113, task 332 12 [1395324]: mask |--------|--------||--------|--------||--------|--------||BBBB----|--------||||--------|--------||--------|--------||--------|--------||--------|--------|  set
cpu-bind=MASK - n2lcn0115, task 392  8 [1105393]: mask |--------|--------||--------|--------||BBBB----|--------||--------|--------||||--------|--------||--------|--------||--------|--------||--------|--------|  set
cpu-bind=MASK - n2lcn0113, task 333 13 [1395325]: mask |--------|--------||--------|--------||--------|--------||----BBBB|--------||||--------|--------||--------|--------||--------|--------||--------|--------|  set
cpu-bind=MASK - n2lcn0115, task 393  9 [1105394]: mask |--------|--------||--------|--------||----BBBB|--------||--------|--------||||--------|--------||--------|--------||--------|--------||--------|--------|  set
cpu-bind=MASK - n2lcn0115, task 394 10 [1105395]: mask |--------|--------||--------|--------||--------|BBBB----||--------|--------||||--------|--------||--------|--------||--------|--------||--------|--------|  set
cpu-bind=MASK - n2lcn0115, task 395 11 [1105396]: mask |--------|--------||--------|--------||--------|----BBBB||--------|--------||||--------|--------||--------|--------||--------|--------||--------|--------|  set
cpu-bind=MASK - n2lcn0115, task 396 12 [1105397]: mask |--------|--------||--------|--------||--------|--------||BBBB----|--------||||--------|--------||--------|--------||--------|--------||--------|--------|  set
cpu-bind=MASK - n2lcn0115, task 397 13 [1105398]: mask |--------|--------||--------|--------||--------|--------||----BBBB|--------||||--------|--------||--------|--------||--------|--------||--------|--------|  set
cpu-bind=MASK - n2lcn0113, task 334 14 [1395326]: mask |--------|--------||--------|--------||--------|--------||--------|BBBB----||||--------|--------||--------|--------||--------|--------||--------|--------|  set
cpu-bind=MASK - n2lcn0130, task 768  0 [867781]: mask |BBBB----|--------||--------|--------||--------|--------||--------|--------||||--------|--------||--------|--------||--------|--------||--------|--------|  set
cpu-bind=MASK - n2lcn0107, task 128  0 [853399]: mask |BBBB----|--------||--------|--------||--------|--------||--------|--------||||--------|--------||--------|--------||--------|--------||--------|--------|  set
cpu-bind=MASK - n2lcn0115, task 398 14 [1105399]: mask |--------|--------||--------|--------||--------|--------||--------|BBBB----||||--------|--------||--------|--------||--------|--------||--------|--------|  set
cpu-bind=MASK - n2lcn0109, task 207 15 [1209230]: mask |--------|--------||--------|--------||--------|--------||--------|----BBBB||||--------|--------||--------|--------||--------|--------||--------|--------|  set
cpu-bind=MASK - n2lcn0137, task 1019 27 [2455427]: mask |--------|--------||--------|--------||--------|--------||--------|--------||||--------|--------||--------|--------||--------|----BBBB||--------|--------|  set
cpu-bind=MASK - n2lcn0109, task 208 16 [1209231]: mask |--------|--------||--------|--------||--------|--------||--------|--------||||BBBB----|--------||--------|--------||--------|--------||--------|--------|  set
cpu-bind=MASK - n2lcn0109, task 209 17 [1209232]: mask |--------|--------||--------|--------||--------|--------||--------|--------||||----BBBB|--------||--------|--------||--------|--------||--------|--------|  set
cpu-bind=MASK - n2lcn0109, task 210 18 [1209233]: mask |--------|--------||--------|--------||--------|--------||--------|--------||||--------|BBBB----||--------|--------||--------|--------||--------|--------|  set
cpu-bind=MASK - n2lcn0109, task 211 19 [1209234]: mask |--------|--------||--------|--------||--------|--------||--------|--------||||--------|----BBBB||--------|--------||--------|--------||--------|--------|  set
cpu-bind=MASK - n2lcn0109, task 212 20 [1209235]: mask |--------|--------||--------|--------||--------|--------||--------|--------||||--------|--------||BBBB----|--------||--------|--------||--------|--------|  set
cpu-bind=MASK - n2lcn0109, task 213 21 [1209236]: mask |--------|--------||--------|--------||--------|--------||--------|--------||||--------|--------||----BBBB|--------||--------|--------||--------|--------|  set
cpu-bind=MASK - n2lcn0114, task 379 27 [3773614]: mask |--------|--------||--------|--------||--------|--------||--------|--------||||--------|--------||--------|--------||--------|----BBBB||--------|--------|  set
cpu-bind=MASK - n2lcn0135, task 929  1 [2575674]: mask |----BBBB|--------||--------|--------||--------|--------||--------|--------||||--------|--------||--------|--------||--------|--------||--------|--------|  set
cpu-bind=MASK - n2lcn0135, task 930  2 [2575675]: mask |--------|BBBB----||--------|--------||--------|--------||--------|--------||||--------|--------||--------|--------||--------|--------||--------|--------|  set
cpu-bind=MASK - n2lcn0122, task 601 25 [2001572]: mask |--------|--------||--------|--------||--------|--------||--------|--------||||--------|--------||--------|--------||----BBBB|--------||--------|--------|  set
cpu-bind=MASK - n2lcn0135, task 931  3 [2575676]: mask |--------|----BBBB||--------|--------||--------|--------||--------|--------||||--------|--------||--------|--------||--------|--------||--------|--------|  set
cpu-bind=MASK - n2lcn0135, task 932  4 [2575677]: mask |--------|--------||BBBB----|--------||--------|--------||--------|--------||||--------|--------||--------|--------||--------|--------||--------|--------|  set
cpu-bind=MASK - n2lcn0135, task 933  5 [2575678]: mask |--------|--------||----BBBB|--------||--------|--------||--------|--------||||--------|--------||--------|--------||--------|--------||--------|--------|  set
cpu-bind=MASK - n2lcn0135, task 934  6 [2575679]: mask |--------|--------||--------|BBBB----||--------|--------||--------|--------||||--------|--------||--------|--------||--------|--------||--------|--------|  set
cpu-bind=MASK - n2lcn0135, task 935  7 [2575680]: mask |--------|--------||--------|----BBBB||--------|--------||--------|--------||||--------|--------||--------|--------||--------|--------||--------|--------|  set
cpu-bind=MASK - n2lcn0134, task 920 24 [841705]: mask |--------|--------||--------|--------||--------|--------||--------|--------||||--------|--------||--------|--------||BBBB----|--------||--------|--------|  set
cpu-bind=MASK - n2lcn0111, task 264  8 [792551]: mask |--------|--------||--------|--------||BBBB----|--------||--------|--------||||--------|--------||--------|--------||--------|--------||--------|--------|  set
cpu-bind=MASK - n2lcn0111, task 265  9 [792552]: mask |--------|--------||--------|--------||----BBBB|--------||--------|--------||||--------|--------||--------|--------||--------|--------||--------|--------|  set
cpu-bind=MASK - n2lcn0111, task 266 10 [792553]: mask |--------|--------||--------|--------||--------|BBBB----||--------|--------||||--------|--------||--------|--------||--------|--------||--------|--------|  set
cpu-bind=MASK - n2lcn0111, task 267 11 [792554]: mask |--------|--------||--------|--------||--------|----BBBB||--------|--------||||--------|--------||--------|--------||--------|--------||--------|--------|  set
cpu-bind=MASK - n2lcn0111, task 268 12 [792555]: mask |--------|--------||--------|--------||--------|--------||BBBB----|--------||||--------|--------||--------|--------||--------|--------||--------|--------|  set
cpu-bind=MASK - n2lcn0111, task 269 13 [792556]: mask |--------|--------||--------|--------||--------|--------||----BBBB|--------||||--------|--------||--------|--------||--------|--------||--------|--------|  set
cpu-bind=MASK - n2lcn0111, task 270 14 [792557]: mask |--------|--------||--------|--------||--------|--------||--------|BBBB----||||--------|--------||--------|--------||--------|--------||--------|--------|  set
cpu-bind=MASK - n2lcn0106, task 104  8 [515396]: mask |--------|--------||--------|--------||BBBB----|--------||--------|--------||||--------|--------||--------|--------||--------|--------||--------|--------|  set
cpu-bind=MASK - n2lcn0137, task 1020 28 [2455428]: mask |--------|--------||--------|--------||--------|--------||--------|--------||||--------|--------||--------|--------||--------|--------||BBBB----|--------|  set
cpu-bind=MASK - n2lcn0114, task 380 28 [3773615]: mask |--------|--------||--------|--------||--------|--------||--------|--------||||--------|--------||--------|--------||--------|--------||BBBB----|--------|  set
cpu-bind=MASK - n2lcn0122, task 602 26 [2001573]: mask |--------|--------||--------|--------||--------|--------||--------|--------||||--------|--------||--------|--------||--------|BBBB----||--------|--------|  set
cpu-bind=MASK - n2lcn0134, task 921 25 [841706]: mask |--------|--------||--------|--------||--------|--------||--------|--------||||--------|--------||--------|--------||----BBBB|--------||--------|--------|  set
cpu-bind=MASK - n2lcn0106, task 105  9 [515397]: mask |--------|--------||--------|--------||----BBBB|--------||--------|--------||||--------|--------||--------|--------||--------|--------||--------|--------|  set
cpu-bind=MASK - n2lcn0129, task 744  8 [1786635]: mask |--------|--------||--------|--------||BBBB----|--------||--------|--------||||--------|--------||--------|--------||--------|--------||--------|--------|  set
cpu-bind=MASK - n2lcn0129, task 745  9 [1786636]: mask |--------|--------||--------|--------||----BBBB|--------||--------|--------||||--------|--------||--------|--------||--------|--------||--------|--------|  set
cpu-bind=MASK - n2lcn0110, task 232  8 [235050]: mask |--------|--------||--------|--------||BBBB----|--------||--------|--------||||--------|--------||--------|--------||--------|--------||--------|--------|  set
cpu-bind=MASK - n2lcn0129, task 746 10 [1786637]: mask |--------|--------||--------|--------||--------|BBBB----||--------|--------||||--------|--------||--------|--------||--------|--------||--------|--------|  set
cpu-bind=MASK - n2lcn0110, task 233  9 [235051]: mask |--------|--------||--------|--------||----BBBB|--------||--------|--------||||--------|--------||--------|--------||--------|--------||--------|--------|  set
cpu-bind=MASK - n2lcn0129, task 747 11 [1786638]: mask |--------|--------||--------|--------||--------|----BBBB||--------|--------||||--------|--------||--------|--------||--------|--------||--------|--------|  set
cpu-bind=MASK - n2lcn0110, task 234 10 [235052]: mask |--------|--------||--------|--------||--------|BBBB----||--------|--------||||--------|--------||--------|--------||--------|--------||--------|--------|  set
cpu-bind=MASK - n2lcn0129, task 748 12 [1786639]: mask |--------|--------||--------|--------||--------|--------||BBBB----|--------||||--------|--------||--------|--------||--------|--------||--------|--------|  set
cpu-bind=MASK - n2lcn0110, task 235 11 [235053]: mask |--------|--------||--------|--------||--------|----BBBB||--------|--------||||--------|--------||--------|--------||--------|--------||--------|--------|  set
cpu-bind=MASK - n2lcn0129, task 749 13 [1786640]: mask |--------|--------||--------|--------||--------|--------||----BBBB|--------||||--------|--------||--------|--------||--------|--------||--------|--------|  set
cpu-bind=MASK - n2lcn0110, task 236 12 [235054]: mask |--------|--------||--------|--------||--------|--------||BBBB----|--------||||--------|--------||--------|--------||--------|--------||--------|--------|  set
cpu-bind=MASK - n2lcn0110, task 237 13 [235055]: mask |--------|--------||--------|--------||--------|--------||----BBBB|--------||||--------|--------||--------|--------||--------|--------||--------|--------|  set
cpu-bind=MASK - n2lcn0110, task 238 14 [235056]: mask |--------|--------||--------|--------||--------|--------||--------|BBBB----||||--------|--------||--------|--------||--------|--------||--------|--------|  set
cpu-bind=MASK - n2lcn0129, task 750 14 [1786641]: mask |--------|--------||--------|--------||--------|--------||--------|BBBB----||||--------|--------||--------|--------||--------|--------||--------|--------|  set
cpu-bind=MASK - n2lcn0114, task 381 29 [3773616]: mask |--------|--------||--------|--------||--------|--------||--------|--------||||--------|--------||--------|--------||--------|--------||----BBBB|--------|  set
cpu-bind=MASK - n2lcn0137, task 1021 29 [2455429]: mask |--------|--------||--------|--------||--------|--------||--------|--------||||--------|--------||--------|--------||--------|--------||----BBBB|--------|  set
cpu-bind=MASK - n2lcn0136, task 968  8 [1666970]: mask |--------|--------||--------|--------||BBBB----|--------||--------|--------||||--------|--------||--------|--------||--------|--------||--------|--------|  set
cpu-bind=MASK - n2lcn0136, task 969  9 [1666971]: mask |--------|--------||--------|--------||----BBBB|--------||--------|--------||||--------|--------||--------|--------||--------|--------||--------|--------|  set
cpu-bind=MASK - n2lcn0136, task 970 10 [1666972]: mask |--------|--------||--------|--------||--------|BBBB----||--------|--------||||--------|--------||--------|--------||--------|--------||--------|--------|  set
cpu-bind=MASK - n2lcn0122, task 603 27 [2001574]: mask |--------|--------||--------|--------||--------|--------||--------|--------||||--------|--------||--------|--------||--------|----BBBB||--------|--------|  set
cpu-bind=MASK - n2lcn0136, task 971 11 [1666973]: mask |--------|--------||--------|--------||--------|----BBBB||--------|--------||||--------|--------||--------|--------||--------|--------||--------|--------|  set
cpu-bind=MASK - n2lcn0136, task 972 12 [1666974]: mask |--------|--------||--------|--------||--------|--------||BBBB----|--------||||--------|--------||--------|--------||--------|--------||--------|--------|  set
cpu-bind=MASK - n2lcn0136, task 973 13 [1666975]: mask |--------|--------||--------|--------||--------|--------||----BBBB|--------||||--------|--------||--------|--------||--------|--------||--------|--------|  set
cpu-bind=MASK - n2lcn0136, task 974 14 [1666976]: mask |--------|--------||--------|--------||--------|--------||--------|BBBB----||||--------|--------||--------|--------||--------|--------||--------|--------|  set
cpu-bind=MASK - n2lcn0134, task 922 26 [841707]: mask |--------|--------||--------|--------||--------|--------||--------|--------||||--------|--------||--------|--------||--------|BBBB----||--------|--------|  set
cpu-bind=MASK - n2lcn0104, task 40  8 [1855095]: mask |--------|--------||--------|--------||BBBB----|--------||--------|--------||||--------|--------||--------|--------||--------|--------||--------|--------|  set
cpu-bind=MASK - n2lcn0104, task 41  9 [1855096]: mask |--------|--------||--------|--------||----BBBB|--------||--------|--------||||--------|--------||--------|--------||--------|--------||--------|--------|  set
cpu-bind=MASK - n2lcn0104, task 42 10 [1855097]: mask |--------|--------||--------|--------||--------|BBBB----||--------|--------||||--------|--------||--------|--------||--------|--------||--------|--------|  set
cpu-bind=MASK - n2lcn0104, task 43 11 [1855098]: mask |--------|--------||--------|--------||--------|----BBBB||--------|--------||||--------|--------||--------|--------||--------|--------||--------|--------|  set
cpu-bind=MASK - n2lcn0104, task 44 12 [1855099]: mask |--------|--------||--------|--------||--------|--------||BBBB----|--------||||--------|--------||--------|--------||--------|--------||--------|--------|  set
cpu-bind=MASK - n2lcn0104, task 45 13 [1855100]: mask |--------|--------||--------|--------||--------|--------||----BBBB|--------||||--------|--------||--------|--------||--------|--------||--------|--------|  set
cpu-bind=MASK - n2lcn0104, task 46 14 [1855101]: mask |--------|--------||--------|--------||--------|--------||--------|BBBB----||||--------|--------||--------|--------||--------|--------||--------|--------|  set
cpu-bind=MASK - n2lcn0106, task 106 10 [515398]: mask |--------|--------||--------|--------||--------|BBBB----||--------|--------||||--------|--------||--------|--------||--------|--------||--------|--------|  set
cpu-bind=MASK - n2lcn0114, task 382 30 [3773617]: mask |--------|--------||--------|--------||--------|--------||--------|--------||||--------|--------||--------|--------||--------|--------||--------|BBBB----|  set
cpu-bind=MASK - n2lcn0137, task 1022 30 [2455430]: mask |--------|--------||--------|--------||--------|--------||--------|--------||||--------|--------||--------|--------||--------|--------||--------|BBBB----|  set
cpu-bind=MASK - n2lcn0124, task 655 15 [1790608]: mask |--------|--------||--------|--------||--------|--------||--------|----BBBB||||--------|--------||--------|--------||--------|--------||--------|--------|  set
cpu-bind=MASK - n2lcn0124, task 656 16 [1790609]: mask |--------|--------||--------|--------||--------|--------||--------|--------||||BBBB----|--------||--------|--------||--------|--------||--------|--------|  set
cpu-bind=MASK - n2lcn0119, task 513  1 [3881775]: mask |----BBBB|--------||--------|--------||--------|--------||--------|--------||||--------|--------||--------|--------||--------|--------||--------|--------|  set
cpu-bind=MASK - n2lcn0124, task 657 17 [1790610]: mask |--------|--------||--------|--------||--------|--------||--------|--------||||----BBBB|--------||--------|--------||--------|--------||--------|--------|  set
cpu-bind=MASK - n2lcn0119, task 514  2 [3881776]: mask |--------|BBBB----||--------|--------||--------|--------||--------|--------||||--------|--------||--------|--------||--------|--------||--------|--------|  set
cpu-bind=MASK - n2lcn0124, task 658 18 [1790611]: mask |--------|--------||--------|--------||--------|--------||--------|--------||||--------|BBBB----||--------|--------||--------|--------||--------|--------|  set
cpu-bind=MASK - n2lcn0119, task 515  3 [3881777]: mask |--------|----BBBB||--------|--------||--------|--------||--------|--------||||--------|--------||--------|--------||--------|--------||--------|--------|  set
cpu-bind=MASK - n2lcn0124, task 659 19 [1790612]: mask |--------|--------||--------|--------||--------|--------||--------|--------||||--------|----BBBB||--------|--------||--------|--------||--------|--------|  set
cpu-bind=MASK - n2lcn0119, task 516  4 [3881778]: mask |--------|--------||BBBB----|--------||--------|--------||--------|--------||||--------|--------||--------|--------||--------|--------||--------|--------|  set
cpu-bind=MASK - n2lcn0122, task 604 28 [2001575]: mask |--------|--------||--------|--------||--------|--------||--------|--------||||--------|--------||--------|--------||--------|--------||BBBB----|--------|  set
cpu-bind=MASK - n2lcn0124, task 660 20 [1790613]: mask |--------|--------||--------|--------||--------|--------||--------|--------||||--------|--------||BBBB----|--------||--------|--------||--------|--------|  set
cpu-bind=MASK - n2lcn0119, task 517  5 [3881779]: mask |--------|--------||----BBBB|--------||--------|--------||--------|--------||||--------|--------||--------|--------||--------|--------||--------|--------|  set
cpu-bind=MASK - n2lcn0124, task 661 21 [1790614]: mask |--------|--------||--------|--------||--------|--------||--------|--------||||--------|--------||----BBBB|--------||--------|--------||--------|--------|  set
cpu-bind=MASK - n2lcn0119, task 518  6 [3881780]: mask |--------|--------||--------|BBBB----||--------|--------||--------|--------||||--------|--------||--------|--------||--------|--------||--------|--------|  set
cpu-bind=MASK - n2lcn0119, task 519  7 [3881781]: mask |--------|--------||--------|----BBBB||--------|--------||--------|--------||||--------|--------||--------|--------||--------|--------||--------|--------|  set
cpu-bind=MASK - n2lcn0134, task 923 27 [841708]: mask |--------|--------||--------|--------||--------|--------||--------|--------||||--------|--------||--------|--------||--------|----BBBB||--------|--------|  set
cpu-bind=MASK - n2lcn0106, task 107 11 [515399]: mask |--------|--------||--------|--------||--------|----BBBB||--------|--------||||--------|--------||--------|--------||--------|--------||--------|--------|  set
cpu-bind=MASK - n2lcn0132, task 840  8 [511960]: mask |--------|--------||--------|--------||BBBB----|--------||--------|--------||||--------|--------||--------|--------||--------|--------||--------|--------|  set
cpu-bind=MASK - n2lcn0132, task 841  9 [511961]: mask |--------|--------||--------|--------||----BBBB|--------||--------|--------||||--------|--------||--------|--------||--------|--------||--------|--------|  set
cpu-bind=MASK - n2lcn0132, task 842 10 [511962]: mask |--------|--------||--------|--------||--------|BBBB----||--------|--------||||--------|--------||--------|--------||--------|--------||--------|--------|  set
cpu-bind=MASK - n2lcn0132, task 843 11 [511963]: mask |--------|--------||--------|--------||--------|----BBBB||--------|--------||||--------|--------||--------|--------||--------|--------||--------|--------|  set
cpu-bind=MASK - n2lcn0132, task 844 12 [511964]: mask |--------|--------||--------|--------||--------|--------||BBBB----|--------||||--------|--------||--------|--------||--------|--------||--------|--------|  set
cpu-bind=MASK - n2lcn0132, task 845 13 [511965]: mask |--------|--------||--------|--------||--------|--------||----BBBB|--------||||--------|--------||--------|--------||--------|--------||--------|--------|  set
cpu-bind=MASK - n2lcn0132, task 846 14 [511966]: mask |--------|--------||--------|--------||--------|--------||--------|BBBB----||||--------|--------||--------|--------||--------|--------||--------|--------|  set
cpu-bind=MASK - n2lcn0122, task 605 29 [2001576]: mask |--------|--------||--------|--------||--------|--------||--------|--------||||--------|--------||--------|--------||--------|--------||----BBBB|--------|  set
cpu-bind=MASK - n2lcn0134, task 924 28 [841709]: mask |--------|--------||--------|--------||--------|--------||--------|--------||||--------|--------||--------|--------||--------|--------||BBBB----|--------|  set
cpu-bind=MASK - n2lcn0133, task 872  8 [827342]: mask |--------|--------||--------|--------||BBBB----|--------||--------|--------||||--------|--------||--------|--------||--------|--------||--------|--------|  set
cpu-bind=MASK - n2lcn0133, task 873  9 [827343]: mask |--------|--------||--------|--------||----BBBB|--------||--------|--------||||--------|--------||--------|--------||--------|--------||--------|--------|  set
cpu-bind=MASK - n2lcn0133, task 874 10 [827344]: mask |--------|--------||--------|--------||--------|BBBB----||--------|--------||||--------|--------||--------|--------||--------|--------||--------|--------|  set
cpu-bind=MASK - n2lcn0133, task 875 11 [827345]: mask |--------|--------||--------|--------||--------|----BBBB||--------|--------||||--------|--------||--------|--------||--------|--------||--------|--------|  set
cpu-bind=MASK - n2lcn0133, task 876 12 [827346]: mask |--------|--------||--------|--------||--------|--------||BBBB----|--------||||--------|--------||--------|--------||--------|--------||--------|--------|  set
cpu-bind=MASK - n2lcn0133, task 877 13 [827347]: mask |--------|--------||--------|--------||--------|--------||----BBBB|--------||||--------|--------||--------|--------||--------|--------||--------|--------|  set
cpu-bind=MASK - n2lcn0133, task 878 14 [827348]: mask |--------|--------||--------|--------||--------|--------||--------|BBBB----||||--------|--------||--------|--------||--------|--------||--------|--------|  set
cpu-bind=MASK - n2lcn0106, task 108 12 [515400]: mask |--------|--------||--------|--------||--------|--------||BBBB----|--------||||--------|--------||--------|--------||--------|--------||--------|--------|  set
cpu-bind=MASK - n2lcn0118, task 495 15 [1191062]: mask |--------|--------||--------|--------||--------|--------||--------|----BBBB||||--------|--------||--------|--------||--------|--------||--------|--------|  set
cpu-bind=MASK - n2lcn0118, task 496 16 [1191063]: mask |--------|--------||--------|--------||--------|--------||--------|--------||||BBBB----|--------||--------|--------||--------|--------||--------|--------|  set
cpu-bind=MASK - n2lcn0118, task 497 17 [1191064]: mask |--------|--------||--------|--------||--------|--------||--------|--------||||----BBBB|--------||--------|--------||--------|--------||--------|--------|  set
cpu-bind=MASK - n2lcn0118, task 498 18 [1191065]: mask |--------|--------||--------|--------||--------|--------||--------|--------||||--------|BBBB----||--------|--------||--------|--------||--------|--------|  set
cpu-bind=MASK - n2lcn0118, task 499 19 [1191066]: mask |--------|--------||--------|--------||--------|--------||--------|--------||||--------|----BBBB||--------|--------||--------|--------||--------|--------|  set
cpu-bind=MASK - n2lcn0118, task 500 20 [1191067]: mask |--------|--------||--------|--------||--------|--------||--------|--------||||--------|--------||BBBB----|--------||--------|--------||--------|--------|  set
cpu-bind=MASK - n2lcn0118, task 501 21 [1191068]: mask |--------|--------||--------|--------||--------|--------||--------|--------||||--------|--------||----BBBB|--------||--------|--------||--------|--------|  set
cpu-bind=MASK - n2lcn0122, task 606 30 [2001577]: mask |--------|--------||--------|--------||--------|--------||--------|--------||||--------|--------||--------|--------||--------|--------||--------|BBBB----|  set
cpu-bind=MASK - n2lcn0125, task 687 15 [361448]: mask |--------|--------||--------|--------||--------|--------||--------|----BBBB||||--------|--------||--------|--------||--------|--------||--------|--------|  set
cpu-bind=MASK - n2lcn0125, task 688 16 [361449]: mask |--------|--------||--------|--------||--------|--------||--------|--------||||BBBB----|--------||--------|--------||--------|--------||--------|--------|  set
cpu-bind=MASK - n2lcn0125, task 689 17 [361450]: mask |--------|--------||--------|--------||--------|--------||--------|--------||||----BBBB|--------||--------|--------||--------|--------||--------|--------|  set
cpu-bind=MASK - n2lcn0125, task 690 18 [361451]: mask |--------|--------||--------|--------||--------|--------||--------|--------||||--------|BBBB----||--------|--------||--------|--------||--------|--------|  set
cpu-bind=MASK - n2lcn0125, task 691 19 [361452]: mask |--------|--------||--------|--------||--------|--------||--------|--------||||--------|----BBBB||--------|--------||--------|--------||--------|--------|  set
cpu-bind=MASK - n2lcn0125, task 692 20 [361453]: mask |--------|--------||--------|--------||--------|--------||--------|--------||||--------|--------||BBBB----|--------||--------|--------||--------|--------|  set
cpu-bind=MASK - n2lcn0125, task 693 21 [361454]: mask |--------|--------||--------|--------||--------|--------||--------|--------||||--------|--------||----BBBB|--------||--------|--------||--------|--------|  set
cpu-bind=MASK - n2lcn0134, task 925 29 [841710]: mask |--------|--------||--------|--------||--------|--------||--------|--------||||--------|--------||--------|--------||--------|--------||----BBBB|--------|  set
cpu-bind=MASK - n2lcn0106, task 109 13 [515401]: mask |--------|--------||--------|--------||--------|--------||----BBBB|--------||||--------|--------||--------|--------||--------|--------||--------|--------|  set
cpu-bind=MASK - n2lcn0117, task 449  1 [628824]: mask |----BBBB|--------||--------|--------||--------|--------||--------|--------||||--------|--------||--------|--------||--------|--------||--------|--------|  set
cpu-bind=MASK - n2lcn0117, task 450  2 [628825]: mask |--------|BBBB----||--------|--------||--------|--------||--------|--------||||--------|--------||--------|--------||--------|--------||--------|--------|  set
cpu-bind=MASK - n2lcn0117, task 451  3 [628826]: mask |--------|----BBBB||--------|--------||--------|--------||--------|--------||||--------|--------||--------|--------||--------|--------||--------|--------|  set
cpu-bind=MASK - n2lcn0117, task 452  4 [628827]: mask |--------|--------||BBBB----|--------||--------|--------||--------|--------||||--------|--------||--------|--------||--------|--------||--------|--------|  set
cpu-bind=MASK - n2lcn0117, task 453  5 [628828]: mask |--------|--------||----BBBB|--------||--------|--------||--------|--------||||--------|--------||--------|--------||--------|--------||--------|--------|  set
cpu-bind=MASK - n2lcn0117, task 454  6 [628829]: mask |--------|--------||--------|BBBB----||--------|--------||--------|--------||||--------|--------||--------|--------||--------|--------||--------|--------|  set
cpu-bind=MASK - n2lcn0117, task 455  7 [628830]: mask |--------|--------||--------|----BBBB||--------|--------||--------|--------||||--------|--------||--------|--------||--------|--------||--------|--------|  set
cpu-bind=MASK - n2lcn0115, task 399 15 [1105400]: mask |--------|--------||--------|--------||--------|--------||--------|----BBBB||||--------|--------||--------|--------||--------|--------||--------|--------|  set
cpu-bind=MASK - n2lcn0115, task 400 16 [1105401]: mask |--------|--------||--------|--------||--------|--------||--------|--------||||BBBB----|--------||--------|--------||--------|--------||--------|--------|  set
cpu-bind=MASK - n2lcn0115, task 401 17 [1105402]: mask |--------|--------||--------|--------||--------|--------||--------|--------||||----BBBB|--------||--------|--------||--------|--------||--------|--------|  set
cpu-bind=MASK - n2lcn0115, task 402 18 [1105403]: mask |--------|--------||--------|--------||--------|--------||--------|--------||||--------|BBBB----||--------|--------||--------|--------||--------|--------|  set
cpu-bind=MASK - n2lcn0115, task 403 19 [1105404]: mask |--------|--------||--------|--------||--------|--------||--------|--------||||--------|----BBBB||--------|--------||--------|--------||--------|--------|  set
cpu-bind=MASK - n2lcn0115, task 404 20 [1105405]: mask |--------|--------||--------|--------||--------|--------||--------|--------||||--------|--------||BBBB----|--------||--------|--------||--------|--------|  set
cpu-bind=MASK - n2lcn0134, task 926 30 [841711]: mask |--------|--------||--------|--------||--------|--------||--------|--------||||--------|--------||--------|--------||--------|--------||--------|BBBB----|  set
cpu-bind=MASK - n2lcn0115, task 405 21 [1105406]: mask |--------|--------||--------|--------||--------|--------||--------|--------||||--------|--------||----BBBB|--------||--------|--------||--------|--------|  set
cpu-bind=MASK - n2lcn0130, task 769  1 [867782]: mask |----BBBB|--------||--------|--------||--------|--------||--------|--------||||--------|--------||--------|--------||--------|--------||--------|--------|  set
cpu-bind=MASK - n2lcn0130, task 770  2 [867783]: mask |--------|BBBB----||--------|--------||--------|--------||--------|--------||||--------|--------||--------|--------||--------|--------||--------|--------|  set
cpu-bind=MASK - n2lcn0130, task 771  3 [867784]: mask |--------|----BBBB||--------|--------||--------|--------||--------|--------||||--------|--------||--------|--------||--------|--------||--------|--------|  set
cpu-bind=MASK - n2lcn0130, task 772  4 [867785]: mask |--------|--------||BBBB----|--------||--------|--------||--------|--------||||--------|--------||--------|--------||--------|--------||--------|--------|  set
cpu-bind=MASK - n2lcn0130, task 773  5 [867786]: mask |--------|--------||----BBBB|--------||--------|--------||--------|--------||||--------|--------||--------|--------||--------|--------||--------|--------|  set
cpu-bind=MASK - n2lcn0130, task 774  6 [867787]: mask |--------|--------||--------|BBBB----||--------|--------||--------|--------||||--------|--------||--------|--------||--------|--------||--------|--------|  set
cpu-bind=MASK - n2lcn0121, task 559 15 [2576016]: mask |--------|--------||--------|--------||--------|--------||--------|----BBBB||||--------|--------||--------|--------||--------|--------||--------|--------|  set
cpu-bind=MASK - n2lcn0130, task 775  7 [867788]: mask |--------|--------||--------|----BBBB||--------|--------||--------|--------||||--------|--------||--------|--------||--------|--------||--------|--------|  set
cpu-bind=MASK - n2lcn0121, task 560 16 [2576017]: mask |--------|--------||--------|--------||--------|--------||--------|--------||||BBBB----|--------||--------|--------||--------|--------||--------|--------|  set
cpu-bind=MASK - n2lcn0121, task 561 17 [2576018]: mask |--------|--------||--------|--------||--------|--------||--------|--------||||----BBBB|--------||--------|--------||--------|--------||--------|--------|  set
cpu-bind=MASK - n2lcn0121, task 562 18 [2576019]: mask |--------|--------||--------|--------||--------|--------||--------|--------||||--------|BBBB----||--------|--------||--------|--------||--------|--------|  set
cpu-bind=MASK - n2lcn0121, task 563 19 [2576020]: mask |--------|--------||--------|--------||--------|--------||--------|--------||||--------|----BBBB||--------|--------||--------|--------||--------|--------|  set
cpu-bind=MASK - n2lcn0121, task 564 20 [2576021]: mask |--------|--------||--------|--------||--------|--------||--------|--------||||--------|--------||BBBB----|--------||--------|--------||--------|--------|  set
cpu-bind=MASK - n2lcn0121, task 565 21 [2576022]: mask |--------|--------||--------|--------||--------|--------||--------|--------||||--------|--------||----BBBB|--------||--------|--------||--------|--------|  set
cpu-bind=MASK - n2lcn0106, task 110 14 [515402]: mask |--------|--------||--------|--------||--------|--------||--------|BBBB----||||--------|--------||--------|--------||--------|--------||--------|--------|  set
cpu-bind=MASK - n2lcn0116, task 416  0 [2417140]: mask |BBBB----|--------||--------|--------||--------|--------||--------|--------||||--------|--------||--------|--------||--------|--------||--------|--------|  set
cpu-bind=MASK - n2lcn0135, task 936  8 [2575681]: mask |--------|--------||--------|--------||BBBB----|--------||--------|--------||||--------|--------||--------|--------||--------|--------||--------|--------|  set
cpu-bind=MASK - n2lcn0135, task 937  9 [2575682]: mask |--------|--------||--------|--------||----BBBB|--------||--------|--------||||--------|--------||--------|--------||--------|--------||--------|--------|  set
cpu-bind=MASK - n2lcn0135, task 938 10 [2575683]: mask |--------|--------||--------|--------||--------|BBBB----||--------|--------||||--------|--------||--------|--------||--------|--------||--------|--------|  set
cpu-bind=MASK - n2lcn0135, task 939 11 [2575684]: mask |--------|--------||--------|--------||--------|----BBBB||--------|--------||||--------|--------||--------|--------||--------|--------||--------|--------|  set
cpu-bind=MASK - n2lcn0135, task 940 12 [2575685]: mask |--------|--------||--------|--------||--------|--------||BBBB----|--------||||--------|--------||--------|--------||--------|--------||--------|--------|  set
cpu-bind=MASK - n2lcn0135, task 941 13 [2575686]: mask |--------|--------||--------|--------||--------|--------||----BBBB|--------||||--------|--------||--------|--------||--------|--------||--------|--------|  set
cpu-bind=MASK - n2lcn0135, task 942 14 [2575687]: mask |--------|--------||--------|--------||--------|--------||--------|BBBB----||||--------|--------||--------|--------||--------|--------||--------|--------|  set
cpu-bind=MASK - n2lcn0111, task 271 15 [792558]: mask |--------|--------||--------|--------||--------|--------||--------|----BBBB||||--------|--------||--------|--------||--------|--------||--------|--------|  set
cpu-bind=MASK - n2lcn0111, task 272 16 [792559]: mask |--------|--------||--------|--------||--------|--------||--------|--------||||BBBB----|--------||--------|--------||--------|--------||--------|--------|  set
cpu-bind=MASK - n2lcn0111, task 273 17 [792560]: mask |--------|--------||--------|--------||--------|--------||--------|--------||||----BBBB|--------||--------|--------||--------|--------||--------|--------|  set
cpu-bind=MASK - n2lcn0111, task 274 18 [792561]: mask |--------|--------||--------|--------||--------|--------||--------|--------||||--------|BBBB----||--------|--------||--------|--------||--------|--------|  set
cpu-bind=MASK - n2lcn0111, task 275 19 [792562]: mask |--------|--------||--------|--------||--------|--------||--------|--------||||--------|----BBBB||--------|--------||--------|--------||--------|--------|  set
cpu-bind=MASK - n2lcn0111, task 276 20 [792563]: mask |--------|--------||--------|--------||--------|--------||--------|--------||||--------|--------||BBBB----|--------||--------|--------||--------|--------|  set
cpu-bind=MASK - n2lcn0111, task 277 21 [792564]: mask |--------|--------||--------|--------||--------|--------||--------|--------||||--------|--------||----BBBB|--------||--------|--------||--------|--------|  set
cpu-bind=MASK - n2lcn0113, task 335 15 [1395327]: mask |--------|--------||--------|--------||--------|--------||--------|----BBBB||||--------|--------||--------|--------||--------|--------||--------|--------|  set
cpu-bind=MASK - n2lcn0113, task 336 16 [1395328]: mask |--------|--------||--------|--------||--------|--------||--------|--------||||BBBB----|--------||--------|--------||--------|--------||--------|--------|  set
cpu-bind=MASK - n2lcn0113, task 337 17 [1395329]: mask |--------|--------||--------|--------||--------|--------||--------|--------||||----BBBB|--------||--------|--------||--------|--------||--------|--------|  set
cpu-bind=MASK - n2lcn0113, task 338 18 [1395330]: mask |--------|--------||--------|--------||--------|--------||--------|--------||||--------|BBBB----||--------|--------||--------|--------||--------|--------|  set
cpu-bind=MASK - n2lcn0113, task 339 19 [1395331]: mask |--------|--------||--------|--------||--------|--------||--------|--------||||--------|----BBBB||--------|--------||--------|--------||--------|--------|  set
cpu-bind=MASK - n2lcn0113, task 340 20 [1395332]: mask |--------|--------||--------|--------||--------|--------||--------|--------||||--------|--------||BBBB----|--------||--------|--------||--------|--------|  set
cpu-bind=MASK - n2lcn0113, task 341 21 [1395333]: mask |--------|--------||--------|--------||--------|--------||--------|--------||||--------|--------||----BBBB|--------||--------|--------||--------|--------|  set
cpu-bind=MASK - n2lcn0107, task 129  1 [853400]: mask |----BBBB|--------||--------|--------||--------|--------||--------|--------||||--------|--------||--------|--------||--------|--------||--------|--------|  set
cpu-bind=MASK - n2lcn0107, task 130  2 [853401]: mask |--------|BBBB----||--------|--------||--------|--------||--------|--------||||--------|--------||--------|--------||--------|--------||--------|--------|  set
cpu-bind=MASK - n2lcn0107, task 131  3 [853402]: mask |--------|----BBBB||--------|--------||--------|--------||--------|--------||||--------|--------||--------|--------||--------|--------||--------|--------|  set
cpu-bind=MASK - n2lcn0109, task 214 22 [1209237]: mask |--------|--------||--------|--------||--------|--------||--------|--------||||--------|--------||--------|BBBB----||--------|--------||--------|--------|  set
cpu-bind=MASK - n2lcn0107, task 132  4 [853403]: mask |--------|--------||BBBB----|--------||--------|--------||--------|--------||||--------|--------||--------|--------||--------|--------||--------|--------|  set
cpu-bind=MASK - n2lcn0109, task 215 23 [1209238]: mask |--------|--------||--------|--------||--------|--------||--------|--------||||--------|--------||--------|----BBBB||--------|--------||--------|--------|  set
cpu-bind=MASK - n2lcn0107, task 133  5 [853404]: mask |--------|--------||----BBBB|--------||--------|--------||--------|--------||||--------|--------||--------|--------||--------|--------||--------|--------|  set
cpu-bind=MASK - n2lcn0109, task 216 24 [1209239]: mask |--------|--------||--------|--------||--------|--------||--------|--------||||--------|--------||--------|--------||BBBB----|--------||--------|--------|  set
cpu-bind=MASK - n2lcn0107, task 134  6 [853405]: mask |--------|--------||--------|BBBB----||--------|--------||--------|--------||||--------|--------||--------|--------||--------|--------||--------|--------|  set
cpu-bind=MASK - n2lcn0109, task 217 25 [1209240]: mask |--------|--------||--------|--------||--------|--------||--------|--------||||--------|--------||--------|--------||----BBBB|--------||--------|--------|  set
cpu-bind=MASK - n2lcn0109, task 218 26 [1209241]: mask |--------|--------||--------|--------||--------|--------||--------|--------||||--------|--------||--------|--------||--------|BBBB----||--------|--------|  set
cpu-bind=MASK - n2lcn0109, task 219 27 [1209242]: mask |--------|--------||--------|--------||--------|--------||--------|--------||||--------|--------||--------|--------||--------|----BBBB||--------|--------|  set
cpu-bind=MASK - n2lcn0107, task 135  7 [853406]: mask |--------|--------||--------|----BBBB||--------|--------||--------|--------||||--------|--------||--------|--------||--------|--------||--------|--------|  set
cpu-bind=MASK - n2lcn0109, task 220 28 [1209243]: mask |--------|--------||--------|--------||--------|--------||--------|--------||||--------|--------||--------|--------||--------|--------||BBBB----|--------|  set
cpu-bind=MASK - n2lcn0106, task 111 15 [515403]: mask |--------|--------||--------|--------||--------|--------||--------|----BBBB||||--------|--------||--------|--------||--------|--------||--------|--------|  set
cpu-bind=MASK - n2lcn0129, task 751 15 [1786642]: mask |--------|--------||--------|--------||--------|--------||--------|----BBBB||||--------|--------||--------|--------||--------|--------||--------|--------|  set
cpu-bind=MASK - n2lcn0129, task 752 16 [1786643]: mask |--------|--------||--------|--------||--------|--------||--------|--------||||BBBB----|--------||--------|--------||--------|--------||--------|--------|  set
cpu-bind=MASK - n2lcn0129, task 753 17 [1786644]: mask |--------|--------||--------|--------||--------|--------||--------|--------||||----BBBB|--------||--------|--------||--------|--------||--------|--------|  set
cpu-bind=MASK - n2lcn0129, task 754 18 [1786645]: mask |--------|--------||--------|--------||--------|--------||--------|--------||||--------|BBBB----||--------|--------||--------|--------||--------|--------|  set
cpu-bind=MASK - n2lcn0129, task 755 19 [1786646]: mask |--------|--------||--------|--------||--------|--------||--------|--------||||--------|----BBBB||--------|--------||--------|--------||--------|--------|  set
cpu-bind=MASK - n2lcn0129, task 756 20 [1786647]: mask |--------|--------||--------|--------||--------|--------||--------|--------||||--------|--------||BBBB----|--------||--------|--------||--------|--------|  set
cpu-bind=MASK - n2lcn0129, task 757 21 [1786648]: mask |--------|--------||--------|--------||--------|--------||--------|--------||||--------|--------||----BBBB|--------||--------|--------||--------|--------|  set
cpu-bind=MASK - n2lcn0110, task 239 15 [235057]: mask |--------|--------||--------|--------||--------|--------||--------|----BBBB||||--------|--------||--------|--------||--------|--------||--------|--------|  set
cpu-bind=MASK - n2lcn0110, task 240 16 [235058]: mask |--------|--------||--------|--------||--------|--------||--------|--------||||BBBB----|--------||--------|--------||--------|--------||--------|--------|  set
cpu-bind=MASK - n2lcn0110, task 241 17 [235059]: mask |--------|--------||--------|--------||--------|--------||--------|--------||||----BBBB|--------||--------|--------||--------|--------||--------|--------|  set
cpu-bind=MASK - n2lcn0110, task 242 18 [235060]: mask |--------|--------||--------|--------||--------|--------||--------|--------||||--------|BBBB----||--------|--------||--------|--------||--------|--------|  set
cpu-bind=MASK - n2lcn0110, task 243 19 [235061]: mask |--------|--------||--------|--------||--------|--------||--------|--------||||--------|----BBBB||--------|--------||--------|--------||--------|--------|  set
cpu-bind=MASK - n2lcn0110, task 244 20 [235062]: mask |--------|--------||--------|--------||--------|--------||--------|--------||||--------|--------||BBBB----|--------||--------|--------||--------|--------|  set
cpu-bind=MASK - n2lcn0110, task 245 21 [235063]: mask |--------|--------||--------|--------||--------|--------||--------|--------||||--------|--------||----BBBB|--------||--------|--------||--------|--------|  set
cpu-bind=MASK - n2lcn0106, task 112 16 [515404]: mask |--------|--------||--------|--------||--------|--------||--------|--------||||BBBB----|--------||--------|--------||--------|--------||--------|--------|  set
cpu-bind=MASK - n2lcn0136, task 975 15 [1666977]: mask |--------|--------||--------|--------||--------|--------||--------|----BBBB||||--------|--------||--------|--------||--------|--------||--------|--------|  set
cpu-bind=MASK - n2lcn0136, task 976 16 [1666978]: mask |--------|--------||--------|--------||--------|--------||--------|--------||||BBBB----|--------||--------|--------||--------|--------||--------|--------|  set
cpu-bind=MASK - n2lcn0136, task 977 17 [1666979]: mask |--------|--------||--------|--------||--------|--------||--------|--------||||----BBBB|--------||--------|--------||--------|--------||--------|--------|  set
cpu-bind=MASK - n2lcn0136, task 978 18 [1666980]: mask |--------|--------||--------|--------||--------|--------||--------|--------||||--------|BBBB----||--------|--------||--------|--------||--------|--------|  set
cpu-bind=MASK - n2lcn0136, task 979 19 [1666981]: mask |--------|--------||--------|--------||--------|--------||--------|--------||||--------|----BBBB||--------|--------||--------|--------||--------|--------|  set
cpu-bind=MASK - n2lcn0136, task 980 20 [1666982]: mask |--------|--------||--------|--------||--------|--------||--------|--------||||--------|--------||BBBB----|--------||--------|--------||--------|--------|  set
cpu-bind=MASK - n2lcn0136, task 981 21 [1666983]: mask |--------|--------||--------|--------||--------|--------||--------|--------||||--------|--------||----BBBB|--------||--------|--------||--------|--------|  set
cpu-bind=MASK - n2lcn0104, task 47 15 [1855102]: mask |--------|--------||--------|--------||--------|--------||--------|----BBBB||||--------|--------||--------|--------||--------|--------||--------|--------|  set
cpu-bind=MASK - n2lcn0104, task 48 16 [1855103]: mask |--------|--------||--------|--------||--------|--------||--------|--------||||BBBB----|--------||--------|--------||--------|--------||--------|--------|  set
cpu-bind=MASK - n2lcn0104, task 49 17 [1855104]: mask |--------|--------||--------|--------||--------|--------||--------|--------||||----BBBB|--------||--------|--------||--------|--------||--------|--------|  set
cpu-bind=MASK - n2lcn0104, task 50 18 [1855105]: mask |--------|--------||--------|--------||--------|--------||--------|--------||||--------|BBBB----||--------|--------||--------|--------||--------|--------|  set
cpu-bind=MASK - n2lcn0104, task 51 19 [1855106]: mask |--------|--------||--------|--------||--------|--------||--------|--------||||--------|----BBBB||--------|--------||--------|--------||--------|--------|  set
cpu-bind=MASK - n2lcn0104, task 52 20 [1855107]: mask |--------|--------||--------|--------||--------|--------||--------|--------||||--------|--------||BBBB----|--------||--------|--------||--------|--------|  set
cpu-bind=MASK - n2lcn0104, task 53 21 [1855108]: mask |--------|--------||--------|--------||--------|--------||--------|--------||||--------|--------||----BBBB|--------||--------|--------||--------|--------|  set
cpu-bind=MASK - n2lcn0106, task 113 17 [515405]: mask |--------|--------||--------|--------||--------|--------||--------|--------||||----BBBB|--------||--------|--------||--------|--------||--------|--------|  set
cpu-bind=MASK - n2lcn0119, task 520  8 [3881782]: mask |--------|--------||--------|--------||BBBB----|--------||--------|--------||||--------|--------||--------|--------||--------|--------||--------|--------|  set
cpu-bind=MASK - n2lcn0119, task 521  9 [3881783]: mask |--------|--------||--------|--------||----BBBB|--------||--------|--------||||--------|--------||--------|--------||--------|--------||--------|--------|  set
cpu-bind=MASK - n2lcn0119, task 522 10 [3881784]: mask |--------|--------||--------|--------||--------|BBBB----||--------|--------||||--------|--------||--------|--------||--------|--------||--------|--------|  set
cpu-bind=MASK - n2lcn0119, task 523 11 [3881785]: mask |--------|--------||--------|--------||--------|----BBBB||--------|--------||||--------|--------||--------|--------||--------|--------||--------|--------|  set
cpu-bind=MASK - n2lcn0119, task 524 12 [3881786]: mask |--------|--------||--------|--------||--------|--------||BBBB----|--------||||--------|--------||--------|--------||--------|--------||--------|--------|  set
cpu-bind=MASK - n2lcn0119, task 525 13 [3881787]: mask |--------|--------||--------|--------||--------|--------||----BBBB|--------||||--------|--------||--------|--------||--------|--------||--------|--------|  set
cpu-bind=MASK - n2lcn0119, task 526 14 [3881788]: mask |--------|--------||--------|--------||--------|--------||--------|BBBB----||||--------|--------||--------|--------||--------|--------||--------|--------|  set
cpu-bind=MASK - n2lcn0124, task 662 22 [1790615]: mask |--------|--------||--------|--------||--------|--------||--------|--------||||--------|--------||--------|BBBB----||--------|--------||--------|--------|  set
cpu-bind=MASK - n2lcn0124, task 663 23 [1790616]: mask |--------|--------||--------|--------||--------|--------||--------|--------||||--------|--------||--------|----BBBB||--------|--------||--------|--------|  set
cpu-bind=MASK - n2lcn0124, task 664 24 [1790617]: mask |--------|--------||--------|--------||--------|--------||--------|--------||||--------|--------||--------|--------||BBBB----|--------||--------|--------|  set
cpu-bind=MASK - n2lcn0124, task 665 25 [1790618]: mask |--------|--------||--------|--------||--------|--------||--------|--------||||--------|--------||--------|--------||----BBBB|--------||--------|--------|  set
cpu-bind=MASK - n2lcn0124, task 666 26 [1790619]: mask |--------|--------||--------|--------||--------|--------||--------|--------||||--------|--------||--------|--------||--------|BBBB----||--------|--------|  set
cpu-bind=MASK - n2lcn0124, task 667 27 [1790620]: mask |--------|--------||--------|--------||--------|--------||--------|--------||||--------|--------||--------|--------||--------|----BBBB||--------|--------|  set
cpu-bind=MASK - n2lcn0124, task 668 28 [1790621]: mask |--------|--------||--------|--------||--------|--------||--------|--------||||--------|--------||--------|--------||--------|--------||BBBB----|--------|  set
cpu-bind=MASK - n2lcn0106, task 114 18 [515406]: mask |--------|--------||--------|--------||--------|--------||--------|--------||||--------|BBBB----||--------|--------||--------|--------||--------|--------|  set
cpu-bind=MASK - n2lcn0133, task 879 15 [827349]: mask |--------|--------||--------|--------||--------|--------||--------|----BBBB||||--------|--------||--------|--------||--------|--------||--------|--------|  set
cpu-bind=MASK - n2lcn0133, task 880 16 [827350]: mask |--------|--------||--------|--------||--------|--------||--------|--------||||BBBB----|--------||--------|--------||--------|--------||--------|--------|  set
cpu-bind=MASK - n2lcn0133, task 881 17 [827351]: mask |--------|--------||--------|--------||--------|--------||--------|--------||||----BBBB|--------||--------|--------||--------|--------||--------|--------|  set
cpu-bind=MASK - n2lcn0133, task 882 18 [827352]: mask |--------|--------||--------|--------||--------|--------||--------|--------||||--------|BBBB----||--------|--------||--------|--------||--------|--------|  set
cpu-bind=MASK - n2lcn0133, task 883 19 [827353]: mask |--------|--------||--------|--------||--------|--------||--------|--------||||--------|----BBBB||--------|--------||--------|--------||--------|--------|  set
cpu-bind=MASK - n2lcn0133, task 884 20 [827354]: mask |--------|--------||--------|--------||--------|--------||--------|--------||||--------|--------||BBBB----|--------||--------|--------||--------|--------|  set
cpu-bind=MASK - n2lcn0133, task 885 21 [827355]: mask |--------|--------||--------|--------||--------|--------||--------|--------||||--------|--------||----BBBB|--------||--------|--------||--------|--------|  set
cpu-bind=MASK - n2lcn0123, task 608  0 [2394425]: mask |BBBB----|--------||--------|--------||--------|--------||--------|--------||||--------|--------||--------|--------||--------|--------||--------|--------|  set
cpu-bind=MASK - n2lcn0118, task 502 22 [1191069]: mask |--------|--------||--------|--------||--------|--------||--------|--------||||--------|--------||--------|BBBB----||--------|--------||--------|--------|  set
cpu-bind=MASK - n2lcn0118, task 503 23 [1191070]: mask |--------|--------||--------|--------||--------|--------||--------|--------||||--------|--------||--------|----BBBB||--------|--------||--------|--------|  set
cpu-bind=MASK - n2lcn0118, task 504 24 [1191071]: mask |--------|--------||--------|--------||--------|--------||--------|--------||||--------|--------||--------|--------||BBBB----|--------||--------|--------|  set
cpu-bind=MASK - n2lcn0118, task 505 25 [1191072]: mask |--------|--------||--------|--------||--------|--------||--------|--------||||--------|--------||--------|--------||----BBBB|--------||--------|--------|  set
cpu-bind=MASK - n2lcn0118, task 506 26 [1191073]: mask |--------|--------||--------|--------||--------|--------||--------|--------||||--------|--------||--------|--------||--------|BBBB----||--------|--------|  set
cpu-bind=MASK - n2lcn0118, task 507 27 [1191074]: mask |--------|--------||--------|--------||--------|--------||--------|--------||||--------|--------||--------|--------||--------|----BBBB||--------|--------|  set
cpu-bind=MASK - n2lcn0118, task 508 28 [1191075]: mask |--------|--------||--------|--------||--------|--------||--------|--------||||--------|--------||--------|--------||--------|--------||BBBB----|--------|  set
cpu-bind=MASK - n2lcn0106, task 115 19 [515407]: mask |--------|--------||--------|--------||--------|--------||--------|--------||||--------|----BBBB||--------|--------||--------|--------||--------|--------|  set
cpu-bind=MASK - n2lcn0132, task 847 15 [511967]: mask |--------|--------||--------|--------||--------|--------||--------|----BBBB||||--------|--------||--------|--------||--------|--------||--------|--------|  set
cpu-bind=MASK - n2lcn0132, task 848 16 [511968]: mask |--------|--------||--------|--------||--------|--------||--------|--------||||BBBB----|--------||--------|--------||--------|--------||--------|--------|  set
cpu-bind=MASK - n2lcn0132, task 849 17 [511969]: mask |--------|--------||--------|--------||--------|--------||--------|--------||||----BBBB|--------||--------|--------||--------|--------||--------|--------|  set
cpu-bind=MASK - n2lcn0132, task 850 18 [511970]: mask |--------|--------||--------|--------||--------|--------||--------|--------||||--------|BBBB----||--------|--------||--------|--------||--------|--------|  set
cpu-bind=MASK - n2lcn0132, task 851 19 [511971]: mask |--------|--------||--------|--------||--------|--------||--------|--------||||--------|----BBBB||--------|--------||--------|--------||--------|--------|  set
cpu-bind=MASK - n2lcn0132, task 852 20 [511972]: mask |--------|--------||--------|--------||--------|--------||--------|--------||||--------|--------||BBBB----|--------||--------|--------||--------|--------|  set
cpu-bind=MASK - n2lcn0125, task 694 22 [361455]: mask |--------|--------||--------|--------||--------|--------||--------|--------||||--------|--------||--------|BBBB----||--------|--------||--------|--------|  set
cpu-bind=MASK - n2lcn0125, task 695 23 [361456]: mask |--------|--------||--------|--------||--------|--------||--------|--------||||--------|--------||--------|----BBBB||--------|--------||--------|--------|  set
cpu-bind=MASK - n2lcn0125, task 696 24 [361457]: mask |--------|--------||--------|--------||--------|--------||--------|--------||||--------|--------||--------|--------||BBBB----|--------||--------|--------|  set
cpu-bind=MASK - n2lcn0125, task 697 25 [361458]: mask |--------|--------||--------|--------||--------|--------||--------|--------||||--------|--------||--------|--------||----BBBB|--------||--------|--------|  set
cpu-bind=MASK - n2lcn0125, task 698 26 [361459]: mask |--------|--------||--------|--------||--------|--------||--------|--------||||--------|--------||--------|--------||--------|BBBB----||--------|--------|  set
cpu-bind=MASK - n2lcn0125, task 699 27 [361460]: mask |--------|--------||--------|--------||--------|--------||--------|--------||||--------|--------||--------|--------||--------|----BBBB||--------|--------|  set
cpu-bind=MASK - n2lcn0132, task 853 21 [511973]: mask |--------|--------||--------|--------||--------|--------||--------|--------||||--------|--------||----BBBB|--------||--------|--------||--------|--------|  set
cpu-bind=MASK - n2lcn0115, task 406 22 [1105407]: mask |--------|--------||--------|--------||--------|--------||--------|--------||||--------|--------||--------|BBBB----||--------|--------||--------|--------|  set
cpu-bind=MASK - n2lcn0125, task 700 28 [361461]: mask |--------|--------||--------|--------||--------|--------||--------|--------||||--------|--------||--------|--------||--------|--------||BBBB----|--------|  set
cpu-bind=MASK - n2lcn0115, task 407 23 [1105408]: mask |--------|--------||--------|--------||--------|--------||--------|--------||||--------|--------||--------|----BBBB||--------|--------||--------|--------|  set
cpu-bind=MASK - n2lcn0115, task 408 24 [1105409]: mask |--------|--------||--------|--------||--------|--------||--------|--------||||--------|--------||--------|--------||BBBB----|--------||--------|--------|  set
cpu-bind=MASK - n2lcn0115, task 409 25 [1105410]: mask |--------|--------||--------|--------||--------|--------||--------|--------||||--------|--------||--------|--------||----BBBB|--------||--------|--------|  set
cpu-bind=MASK - n2lcn0115, task 410 26 [1105411]: mask |--------|--------||--------|--------||--------|--------||--------|--------||||--------|--------||--------|--------||--------|BBBB----||--------|--------|  set
cpu-bind=MASK - n2lcn0115, task 411 27 [1105412]: mask |--------|--------||--------|--------||--------|--------||--------|--------||||--------|--------||--------|--------||--------|----BBBB||--------|--------|  set
cpu-bind=MASK - n2lcn0115, task 412 28 [1105413]: mask |--------|--------||--------|--------||--------|--------||--------|--------||||--------|--------||--------|--------||--------|--------||BBBB----|--------|  set
cpu-bind=MASK - n2lcn0106, task 116 20 [515408]: mask |--------|--------||--------|--------||--------|--------||--------|--------||||--------|--------||BBBB----|--------||--------|--------||--------|--------|  set
cpu-bind=MASK - n2lcn0111, task 278 22 [792565]: mask |--------|--------||--------|--------||--------|--------||--------|--------||||--------|--------||--------|BBBB----||--------|--------||--------|--------|  set
cpu-bind=MASK - n2lcn0111, task 279 23 [792566]: mask |--------|--------||--------|--------||--------|--------||--------|--------||||--------|--------||--------|----BBBB||--------|--------||--------|--------|  set
cpu-bind=MASK - n2lcn0111, task 280 24 [792567]: mask |--------|--------||--------|--------||--------|--------||--------|--------||||--------|--------||--------|--------||BBBB----|--------||--------|--------|  set
cpu-bind=MASK - n2lcn0111, task 281 25 [792568]: mask |--------|--------||--------|--------||--------|--------||--------|--------||||--------|--------||--------|--------||----BBBB|--------||--------|--------|  set
cpu-bind=MASK - n2lcn0111, task 282 26 [792569]: mask |--------|--------||--------|--------||--------|--------||--------|--------||||--------|--------||--------|--------||--------|BBBB----||--------|--------|  set
cpu-bind=MASK - n2lcn0111, task 283 27 [792570]: mask |--------|--------||--------|--------||--------|--------||--------|--------||||--------|--------||--------|--------||--------|----BBBB||--------|--------|  set
cpu-bind=MASK - n2lcn0111, task 284 28 [792571]: mask |--------|--------||--------|--------||--------|--------||--------|--------||||--------|--------||--------|--------||--------|--------||BBBB----|--------|  set
cpu-bind=MASK - n2lcn0130, task 776  8 [867789]: mask |--------|--------||--------|--------||BBBB----|--------||--------|--------||||--------|--------||--------|--------||--------|--------||--------|--------|  set
cpu-bind=MASK - n2lcn0130, task 777  9 [867790]: mask |--------|--------||--------|--------||----BBBB|--------||--------|--------||||--------|--------||--------|--------||--------|--------||--------|--------|  set
cpu-bind=MASK - n2lcn0130, task 778 10 [867791]: mask |--------|--------||--------|--------||--------|BBBB----||--------|--------||||--------|--------||--------|--------||--------|--------||--------|--------|  set
cpu-bind=MASK - n2lcn0130, task 779 11 [867792]: mask |--------|--------||--------|--------||--------|----BBBB||--------|--------||||--------|--------||--------|--------||--------|--------||--------|--------|  set
cpu-bind=MASK - n2lcn0130, task 780 12 [867793]: mask |--------|--------||--------|--------||--------|--------||BBBB----|--------||||--------|--------||--------|--------||--------|--------||--------|--------|  set
cpu-bind=MASK - n2lcn0130, task 781 13 [867794]: mask |--------|--------||--------|--------||--------|--------||----BBBB|--------||||--------|--------||--------|--------||--------|--------||--------|--------|  set
cpu-bind=MASK - n2lcn0130, task 782 14 [867795]: mask |--------|--------||--------|--------||--------|--------||--------|BBBB----||||--------|--------||--------|--------||--------|--------||--------|--------|  set
cpu-bind=MASK - n2lcn0117, task 456  8 [628831]: mask |--------|--------||--------|--------||BBBB----|--------||--------|--------||||--------|--------||--------|--------||--------|--------||--------|--------|  set
cpu-bind=MASK - n2lcn0117, task 457  9 [628832]: mask |--------|--------||--------|--------||----BBBB|--------||--------|--------||||--------|--------||--------|--------||--------|--------||--------|--------|  set
cpu-bind=MASK - n2lcn0117, task 458 10 [628833]: mask |--------|--------||--------|--------||--------|BBBB----||--------|--------||||--------|--------||--------|--------||--------|--------||--------|--------|  set
cpu-bind=MASK - n2lcn0117, task 459 11 [628834]: mask |--------|--------||--------|--------||--------|----BBBB||--------|--------||||--------|--------||--------|--------||--------|--------||--------|--------|  set
cpu-bind=MASK - n2lcn0117, task 460 12 [628835]: mask |--------|--------||--------|--------||--------|--------||BBBB----|--------||||--------|--------||--------|--------||--------|--------||--------|--------|  set
cpu-bind=MASK - n2lcn0117, task 461 13 [628836]: mask |--------|--------||--------|--------||--------|--------||----BBBB|--------||||--------|--------||--------|--------||--------|--------||--------|--------|  set
cpu-bind=MASK - n2lcn0117, task 462 14 [628837]: mask |--------|--------||--------|--------||--------|--------||--------|BBBB----||||--------|--------||--------|--------||--------|--------||--------|--------|  set
cpu-bind=MASK - n2lcn0121, task 566 22 [2576023]: mask |--------|--------||--------|--------||--------|--------||--------|--------||||--------|--------||--------|BBBB----||--------|--------||--------|--------|  set
cpu-bind=MASK - n2lcn0121, task 567 23 [2576024]: mask |--------|--------||--------|--------||--------|--------||--------|--------||||--------|--------||--------|----BBBB||--------|--------||--------|--------|  set
cpu-bind=MASK - n2lcn0121, task 568 24 [2576025]: mask |--------|--------||--------|--------||--------|--------||--------|--------||||--------|--------||--------|--------||BBBB----|--------||--------|--------|  set
cpu-bind=MASK - n2lcn0121, task 569 25 [2576026]: mask |--------|--------||--------|--------||--------|--------||--------|--------||||--------|--------||--------|--------||----BBBB|--------||--------|--------|  set
cpu-bind=MASK - n2lcn0121, task 570 26 [2576027]: mask |--------|--------||--------|--------||--------|--------||--------|--------||||--------|--------||--------|--------||--------|BBBB----||--------|--------|  set
cpu-bind=MASK - n2lcn0121, task 571 27 [2576028]: mask |--------|--------||--------|--------||--------|--------||--------|--------||||--------|--------||--------|--------||--------|----BBBB||--------|--------|  set
cpu-bind=MASK - n2lcn0121, task 572 28 [2576029]: mask |--------|--------||--------|--------||--------|--------||--------|--------||||--------|--------||--------|--------||--------|--------||BBBB----|--------|  set
cpu-bind=MASK - n2lcn0103, task  0  0 [4026026]: mask |BBBB----|--------||--------|--------||--------|--------||--------|--------||||--------|--------||--------|--------||--------|--------||--------|--------|  set
cpu-bind=MASK - n2lcn0135, task 943 15 [2575688]: mask |--------|--------||--------|--------||--------|--------||--------|----BBBB||||--------|--------||--------|--------||--------|--------||--------|--------|  set
cpu-bind=MASK - n2lcn0135, task 944 16 [2575689]: mask |--------|--------||--------|--------||--------|--------||--------|--------||||BBBB----|--------||--------|--------||--------|--------||--------|--------|  set
cpu-bind=MASK - n2lcn0135, task 945 17 [2575690]: mask |--------|--------||--------|--------||--------|--------||--------|--------||||----BBBB|--------||--------|--------||--------|--------||--------|--------|  set
cpu-bind=MASK - n2lcn0135, task 946 18 [2575691]: mask |--------|--------||--------|--------||--------|--------||--------|--------||||--------|BBBB----||--------|--------||--------|--------||--------|--------|  set
cpu-bind=MASK - n2lcn0135, task 947 19 [2575692]: mask |--------|--------||--------|--------||--------|--------||--------|--------||||--------|----BBBB||--------|--------||--------|--------||--------|--------|  set
cpu-bind=MASK - n2lcn0135, task 948 20 [2575693]: mask |--------|--------||--------|--------||--------|--------||--------|--------||||--------|--------||BBBB----|--------||--------|--------||--------|--------|  set
cpu-bind=MASK - n2lcn0135, task 949 21 [2575694]: mask |--------|--------||--------|--------||--------|--------||--------|--------||||--------|--------||----BBBB|--------||--------|--------||--------|--------|  set
cpu-bind=MASK - n2lcn0106, task 117 21 [515409]: mask |--------|--------||--------|--------||--------|--------||--------|--------||||--------|--------||----BBBB|--------||--------|--------||--------|--------|  set
cpu-bind=MASK - n2lcn0107, task 136  8 [853407]: mask |--------|--------||--------|--------||BBBB----|--------||--------|--------||||--------|--------||--------|--------||--------|--------||--------|--------|  set
cpu-bind=MASK - n2lcn0107, task 137  9 [853408]: mask |--------|--------||--------|--------||----BBBB|--------||--------|--------||||--------|--------||--------|--------||--------|--------||--------|--------|  set
cpu-bind=MASK - n2lcn0107, task 138 10 [853409]: mask |--------|--------||--------|--------||--------|BBBB----||--------|--------||||--------|--------||--------|--------||--------|--------||--------|--------|  set
cpu-bind=MASK - n2lcn0107, task 139 11 [853410]: mask |--------|--------||--------|--------||--------|----BBBB||--------|--------||||--------|--------||--------|--------||--------|--------||--------|--------|  set
cpu-bind=MASK - n2lcn0107, task 140 12 [853411]: mask |--------|--------||--------|--------||--------|--------||BBBB----|--------||||--------|--------||--------|--------||--------|--------||--------|--------|  set
cpu-bind=MASK - n2lcn0107, task 141 13 [853412]: mask |--------|--------||--------|--------||--------|--------||----BBBB|--------||||--------|--------||--------|--------||--------|--------||--------|--------|  set
cpu-bind=MASK - n2lcn0107, task 142 14 [853413]: mask |--------|--------||--------|--------||--------|--------||--------|BBBB----||||--------|--------||--------|--------||--------|--------||--------|--------|  set
cpu-bind=MASK - n2lcn0113, task 342 22 [1395334]: mask |--------|--------||--------|--------||--------|--------||--------|--------||||--------|--------||--------|BBBB----||--------|--------||--------|--------|  set
cpu-bind=MASK - n2lcn0113, task 343 23 [1395335]: mask |--------|--------||--------|--------||--------|--------||--------|--------||||--------|--------||--------|----BBBB||--------|--------||--------|--------|  set
cpu-bind=MASK - n2lcn0113, task 344 24 [1395336]: mask |--------|--------||--------|--------||--------|--------||--------|--------||||--------|--------||--------|--------||BBBB----|--------||--------|--------|  set
cpu-bind=MASK - n2lcn0113, task 345 25 [1395337]: mask |--------|--------||--------|--------||--------|--------||--------|--------||||--------|--------||--------|--------||----BBBB|--------||--------|--------|  set
cpu-bind=MASK - n2lcn0113, task 346 26 [1395338]: mask |--------|--------||--------|--------||--------|--------||--------|--------||||--------|--------||--------|--------||--------|BBBB----||--------|--------|  set
cpu-bind=MASK - n2lcn0113, task 347 27 [1395339]: mask |--------|--------||--------|--------||--------|--------||--------|--------||||--------|--------||--------|--------||--------|----BBBB||--------|--------|  set
cpu-bind=MASK - n2lcn0113, task 348 28 [1395340]: mask |--------|--------||--------|--------||--------|--------||--------|--------||||--------|--------||--------|--------||--------|--------||BBBB----|--------|  set
cpu-bind=MASK - n2lcn0110, task 246 22 [235064]: mask |--------|--------||--------|--------||--------|--------||--------|--------||||--------|--------||--------|BBBB----||--------|--------||--------|--------|  set
cpu-bind=MASK - n2lcn0110, task 247 23 [235065]: mask |--------|--------||--------|--------||--------|--------||--------|--------||||--------|--------||--------|----BBBB||--------|--------||--------|--------|  set
cpu-bind=MASK - n2lcn0110, task 248 24 [235066]: mask |--------|--------||--------|--------||--------|--------||--------|--------||||--------|--------||--------|--------||BBBB----|--------||--------|--------|  set
cpu-bind=MASK - n2lcn0110, task 249 25 [235067]: mask |--------|--------||--------|--------||--------|--------||--------|--------||||--------|--------||--------|--------||----BBBB|--------||--------|--------|  set
cpu-bind=MASK - n2lcn0110, task 250 26 [235068]: mask |--------|--------||--------|--------||--------|--------||--------|--------||||--------|--------||--------|--------||--------|BBBB----||--------|--------|  set
cpu-bind=MASK - n2lcn0110, task 251 27 [235069]: mask |--------|--------||--------|--------||--------|--------||--------|--------||||--------|--------||--------|--------||--------|----BBBB||--------|--------|  set
cpu-bind=MASK - n2lcn0106, task 118 22 [515410]: mask |--------|--------||--------|--------||--------|--------||--------|--------||||--------|--------||--------|BBBB----||--------|--------||--------|--------|  set
cpu-bind=MASK - n2lcn0116, task 417  1 [2417141]: mask |----BBBB|--------||--------|--------||--------|--------||--------|--------||||--------|--------||--------|--------||--------|--------||--------|--------|  set
cpu-bind=MASK - n2lcn0116, task 418  2 [2417142]: mask |--------|BBBB----||--------|--------||--------|--------||--------|--------||||--------|--------||--------|--------||--------|--------||--------|--------|  set
cpu-bind=MASK - n2lcn0116, task 419  3 [2417143]: mask |--------|----BBBB||--------|--------||--------|--------||--------|--------||||--------|--------||--------|--------||--------|--------||--------|--------|  set
cpu-bind=MASK - n2lcn0116, task 420  4 [2417144]: mask |--------|--------||BBBB----|--------||--------|--------||--------|--------||||--------|--------||--------|--------||--------|--------||--------|--------|  set
cpu-bind=MASK - n2lcn0116, task 421  5 [2417145]: mask |--------|--------||----BBBB|--------||--------|--------||--------|--------||||--------|--------||--------|--------||--------|--------||--------|--------|  set
cpu-bind=MASK - n2lcn0116, task 422  6 [2417146]: mask |--------|--------||--------|BBBB----||--------|--------||--------|--------||||--------|--------||--------|--------||--------|--------||--------|--------|  set
cpu-bind=MASK - n2lcn0129, task 758 22 [1786649]: mask |--------|--------||--------|--------||--------|--------||--------|--------||||--------|--------||--------|BBBB----||--------|--------||--------|--------|  set
cpu-bind=MASK - n2lcn0129, task 759 23 [1786650]: mask |--------|--------||--------|--------||--------|--------||--------|--------||||--------|--------||--------|----BBBB||--------|--------||--------|--------|  set
cpu-bind=MASK - n2lcn0129, task 760 24 [1786651]: mask |--------|--------||--------|--------||--------|--------||--------|--------||||--------|--------||--------|--------||BBBB----|--------||--------|--------|  set
cpu-bind=MASK - n2lcn0129, task 761 25 [1786652]: mask |--------|--------||--------|--------||--------|--------||--------|--------||||--------|--------||--------|--------||----BBBB|--------||--------|--------|  set
cpu-bind=MASK - n2lcn0129, task 762 26 [1786653]: mask |--------|--------||--------|--------||--------|--------||--------|--------||||--------|--------||--------|--------||--------|BBBB----||--------|--------|  set
cpu-bind=MASK - n2lcn0129, task 763 27 [1786654]: mask |--------|--------||--------|--------||--------|--------||--------|--------||||--------|--------||--------|--------||--------|----BBBB||--------|--------|  set
cpu-bind=MASK - n2lcn0129, task 764 28 [1786655]: mask |--------|--------||--------|--------||--------|--------||--------|--------||||--------|--------||--------|--------||--------|--------||BBBB----|--------|  set
cpu-bind=MASK - n2lcn0110, task 252 28 [235070]: mask |--------|--------||--------|--------||--------|--------||--------|--------||||--------|--------||--------|--------||--------|--------||BBBB----|--------|  set
cpu-bind=MASK - n2lcn0116, task 423  7 [2417147]: mask |--------|--------||--------|----BBBB||--------|--------||--------|--------||||--------|--------||--------|--------||--------|--------||--------|--------|  set
cpu-bind=MASK - n2lcn0126, task 704  0 [3450064]: mask |BBBB----|--------||--------|--------||--------|--------||--------|--------||||--------|--------||--------|--------||--------|--------||--------|--------|  set
cpu-bind=MASK - n2lcn0108, task 191 31 [2664644]: mask |--------|--------||--------|--------||--------|--------||--------|--------||||--------|--------||--------|--------||--------|--------||--------|----BBBB|  set
cpu-bind=MASK - n2lcn0136, task 982 22 [1666984]: mask |--------|--------||--------|--------||--------|--------||--------|--------||||--------|--------||--------|BBBB----||--------|--------||--------|--------|  set
cpu-bind=MASK - n2lcn0136, task 983 23 [1666985]: mask |--------|--------||--------|--------||--------|--------||--------|--------||||--------|--------||--------|----BBBB||--------|--------||--------|--------|  set
cpu-bind=MASK - n2lcn0136, task 984 24 [1666986]: mask |--------|--------||--------|--------||--------|--------||--------|--------||||--------|--------||--------|--------||BBBB----|--------||--------|--------|  set
cpu-bind=MASK - n2lcn0136, task 985 25 [1666987]: mask |--------|--------||--------|--------||--------|--------||--------|--------||||--------|--------||--------|--------||----BBBB|--------||--------|--------|  set
cpu-bind=MASK - n2lcn0136, task 986 26 [1666988]: mask |--------|--------||--------|--------||--------|--------||--------|--------||||--------|--------||--------|--------||--------|BBBB----||--------|--------|  set
cpu-bind=MASK - n2lcn0136, task 987 27 [1666989]: mask |--------|--------||--------|--------||--------|--------||--------|--------||||--------|--------||--------|--------||--------|----BBBB||--------|--------|  set
cpu-bind=MASK - n2lcn0136, task 988 28 [1666990]: mask |--------|--------||--------|--------||--------|--------||--------|--------||||--------|--------||--------|--------||--------|--------||BBBB----|--------|  set
cpu-bind=MASK - n2lcn0104, task 54 22 [1855109]: mask |--------|--------||--------|--------||--------|--------||--------|--------||||--------|--------||--------|BBBB----||--------|--------||--------|--------|  set
cpu-bind=MASK - n2lcn0104, task 55 23 [1855110]: mask |--------|--------||--------|--------||--------|--------||--------|--------||||--------|--------||--------|----BBBB||--------|--------||--------|--------|  set
cpu-bind=MASK - n2lcn0104, task 56 24 [1855111]: mask |--------|--------||--------|--------||--------|--------||--------|--------||||--------|--------||--------|--------||BBBB----|--------||--------|--------|  set
cpu-bind=MASK - n2lcn0104, task 57 25 [1855112]: mask |--------|--------||--------|--------||--------|--------||--------|--------||||--------|--------||--------|--------||----BBBB|--------||--------|--------|  set
cpu-bind=MASK - n2lcn0104, task 58 26 [1855113]: mask |--------|--------||--------|--------||--------|--------||--------|--------||||--------|--------||--------|--------||--------|BBBB----||--------|--------|  set
cpu-bind=MASK - n2lcn0104, task 59 27 [1855114]: mask |--------|--------||--------|--------||--------|--------||--------|--------||||--------|--------||--------|--------||--------|----BBBB||--------|--------|  set
cpu-bind=MASK - n2lcn0106, task 119 23 [515411]: mask |--------|--------||--------|--------||--------|--------||--------|--------||||--------|--------||--------|----BBBB||--------|--------||--------|--------|  set
cpu-bind=MASK - n2lcn0104, task 60 28 [1855115]: mask |--------|--------||--------|--------||--------|--------||--------|--------||||--------|--------||--------|--------||--------|--------||BBBB----|--------|  set
cpu-bind=MASK - n2lcn0126, task 705  1 [3450065]: mask |----BBBB|--------||--------|--------||--------|--------||--------|--------||||--------|--------||--------|--------||--------|--------||--------|--------|  set
cpu-bind=MASK - n2lcn0106, task 120 24 [515412]: mask |--------|--------||--------|--------||--------|--------||--------|--------||||--------|--------||--------|--------||BBBB----|--------||--------|--------|  set
cpu-bind=MASK - n2lcn0119, task 527 15 [3881789]: mask |--------|--------||--------|--------||--------|--------||--------|----BBBB||||--------|--------||--------|--------||--------|--------||--------|--------|  set
cpu-bind=MASK - n2lcn0119, task 528 16 [3881790]: mask |--------|--------||--------|--------||--------|--------||--------|--------||||BBBB----|--------||--------|--------||--------|--------||--------|--------|  set
cpu-bind=MASK - n2lcn0119, task 529 17 [3881791]: mask |--------|--------||--------|--------||--------|--------||--------|--------||||----BBBB|--------||--------|--------||--------|--------||--------|--------|  set
cpu-bind=MASK - n2lcn0119, task 530 18 [3881792]: mask |--------|--------||--------|--------||--------|--------||--------|--------||||--------|BBBB----||--------|--------||--------|--------||--------|--------|  set
cpu-bind=MASK - n2lcn0119, task 531 19 [3881793]: mask |--------|--------||--------|--------||--------|--------||--------|--------||||--------|----BBBB||--------|--------||--------|--------||--------|--------|  set
cpu-bind=MASK - n2lcn0119, task 532 20 [3881794]: mask |--------|--------||--------|--------||--------|--------||--------|--------||||--------|--------||BBBB----|--------||--------|--------||--------|--------|  set
cpu-bind=MASK - n2lcn0119, task 533 21 [3881795]: mask |--------|--------||--------|--------||--------|--------||--------|--------||||--------|--------||----BBBB|--------||--------|--------||--------|--------|  set
cpu-bind=MASK - n2lcn0126, task 706  2 [3450066]: mask |--------|BBBB----||--------|--------||--------|--------||--------|--------||||--------|--------||--------|--------||--------|--------||--------|--------|  set
cpu-bind=MASK - n2lcn0133, task 886 22 [827356]: mask |--------|--------||--------|--------||--------|--------||--------|--------||||--------|--------||--------|BBBB----||--------|--------||--------|--------|  set
cpu-bind=MASK - n2lcn0133, task 887 23 [827357]: mask |--------|--------||--------|--------||--------|--------||--------|--------||||--------|--------||--------|----BBBB||--------|--------||--------|--------|  set
cpu-bind=MASK - n2lcn0133, task 888 24 [827358]: mask |--------|--------||--------|--------||--------|--------||--------|--------||||--------|--------||--------|--------||BBBB----|--------||--------|--------|  set
cpu-bind=MASK - n2lcn0133, task 889 25 [827359]: mask |--------|--------||--------|--------||--------|--------||--------|--------||||--------|--------||--------|--------||----BBBB|--------||--------|--------|  set
cpu-bind=MASK - n2lcn0133, task 890 26 [827360]: mask |--------|--------||--------|--------||--------|--------||--------|--------||||--------|--------||--------|--------||--------|BBBB----||--------|--------|  set
cpu-bind=MASK - n2lcn0133, task 891 27 [827361]: mask |--------|--------||--------|--------||--------|--------||--------|--------||||--------|--------||--------|--------||--------|----BBBB||--------|--------|  set
cpu-bind=MASK - n2lcn0133, task 892 28 [827362]: mask |--------|--------||--------|--------||--------|--------||--------|--------||||--------|--------||--------|--------||--------|--------||BBBB----|--------|  set
cpu-bind=MASK - n2lcn0106, task 121 25 [515413]: mask |--------|--------||--------|--------||--------|--------||--------|--------||||--------|--------||--------|--------||----BBBB|--------||--------|--------|  set
cpu-bind=MASK - n2lcn0126, task 707  3 [3450067]: mask |--------|----BBBB||--------|--------||--------|--------||--------|--------||||--------|--------||--------|--------||--------|--------||--------|--------|  set
cpu-bind=MASK - n2lcn0123, task 609  1 [2394426]: mask |----BBBB|--------||--------|--------||--------|--------||--------|--------||||--------|--------||--------|--------||--------|--------||--------|--------|  set
cpu-bind=MASK - n2lcn0123, task 610  2 [2394427]: mask |--------|BBBB----||--------|--------||--------|--------||--------|--------||||--------|--------||--------|--------||--------|--------||--------|--------|  set
cpu-bind=MASK - n2lcn0123, task 611  3 [2394428]: mask |--------|----BBBB||--------|--------||--------|--------||--------|--------||||--------|--------||--------|--------||--------|--------||--------|--------|  set
cpu-bind=MASK - n2lcn0123, task 612  4 [2394429]: mask |--------|--------||BBBB----|--------||--------|--------||--------|--------||||--------|--------||--------|--------||--------|--------||--------|--------|  set
cpu-bind=MASK - n2lcn0123, task 613  5 [2394430]: mask |--------|--------||----BBBB|--------||--------|--------||--------|--------||||--------|--------||--------|--------||--------|--------||--------|--------|  set
cpu-bind=MASK - n2lcn0123, task 614  6 [2394431]: mask |--------|--------||--------|BBBB----||--------|--------||--------|--------||||--------|--------||--------|--------||--------|--------||--------|--------|  set
cpu-bind=MASK - n2lcn0123, task 615  7 [2394432]: mask |--------|--------||--------|----BBBB||--------|--------||--------|--------||||--------|--------||--------|--------||--------|--------||--------|--------|  set
cpu-bind=MASK - n2lcn0106, task 122 26 [515414]: mask |--------|--------||--------|--------||--------|--------||--------|--------||||--------|--------||--------|--------||--------|BBBB----||--------|--------|  set
cpu-bind=MASK - n2lcn0126, task 708  4 [3450068]: mask |--------|--------||BBBB----|--------||--------|--------||--------|--------||||--------|--------||--------|--------||--------|--------||--------|--------|  set
cpu-bind=MASK - n2lcn0130, task 783 15 [867796]: mask |--------|--------||--------|--------||--------|--------||--------|----BBBB||||--------|--------||--------|--------||--------|--------||--------|--------|  set
cpu-bind=MASK - n2lcn0130, task 784 16 [867797]: mask |--------|--------||--------|--------||--------|--------||--------|--------||||BBBB----|--------||--------|--------||--------|--------||--------|--------|  set
cpu-bind=MASK - n2lcn0130, task 785 17 [867798]: mask |--------|--------||--------|--------||--------|--------||--------|--------||||----BBBB|--------||--------|--------||--------|--------||--------|--------|  set
cpu-bind=MASK - n2lcn0130, task 786 18 [867799]: mask |--------|--------||--------|--------||--------|--------||--------|--------||||--------|BBBB----||--------|--------||--------|--------||--------|--------|  set
cpu-bind=MASK - n2lcn0130, task 787 19 [867800]: mask |--------|--------||--------|--------||--------|--------||--------|--------||||--------|----BBBB||--------|--------||--------|--------||--------|--------|  set
cpu-bind=MASK - n2lcn0130, task 788 20 [867801]: mask |--------|--------||--------|--------||--------|--------||--------|--------||||--------|--------||BBBB----|--------||--------|--------||--------|--------|  set
cpu-bind=MASK - n2lcn0130, task 789 21 [867802]: mask |--------|--------||--------|--------||--------|--------||--------|--------||||--------|--------||----BBBB|--------||--------|--------||--------|--------|  set
cpu-bind=MASK - n2lcn0132, task 854 22 [511974]: mask |--------|--------||--------|--------||--------|--------||--------|--------||||--------|--------||--------|BBBB----||--------|--------||--------|--------|  set
cpu-bind=MASK - n2lcn0132, task 855 23 [511975]: mask |--------|--------||--------|--------||--------|--------||--------|--------||||--------|--------||--------|----BBBB||--------|--------||--------|--------|  set
cpu-bind=MASK - n2lcn0132, task 856 24 [511976]: mask |--------|--------||--------|--------||--------|--------||--------|--------||||--------|--------||--------|--------||BBBB----|--------||--------|--------|  set
cpu-bind=MASK - n2lcn0132, task 857 25 [511977]: mask |--------|--------||--------|--------||--------|--------||--------|--------||||--------|--------||--------|--------||----BBBB|--------||--------|--------|  set
cpu-bind=MASK - n2lcn0132, task 858 26 [511978]: mask |--------|--------||--------|--------||--------|--------||--------|--------||||--------|--------||--------|--------||--------|BBBB----||--------|--------|  set
cpu-bind=MASK - n2lcn0132, task 859 27 [511979]: mask |--------|--------||--------|--------||--------|--------||--------|--------||||--------|--------||--------|--------||--------|----BBBB||--------|--------|  set
cpu-bind=MASK - n2lcn0132, task 860 28 [511980]: mask |--------|--------||--------|--------||--------|--------||--------|--------||||--------|--------||--------|--------||--------|--------||BBBB----|--------|  set
cpu-bind=MASK - n2lcn0106, task 123 27 [515415]: mask |--------|--------||--------|--------||--------|--------||--------|--------||||--------|--------||--------|--------||--------|----BBBB||--------|--------|  set
cpu-bind=MASK - n2lcn0117, task 463 15 [628838]: mask |--------|--------||--------|--------||--------|--------||--------|----BBBB||||--------|--------||--------|--------||--------|--------||--------|--------|  set
cpu-bind=MASK - n2lcn0117, task 464 16 [628839]: mask |--------|--------||--------|--------||--------|--------||--------|--------||||BBBB----|--------||--------|--------||--------|--------||--------|--------|  set
cpu-bind=MASK - n2lcn0117, task 465 17 [628840]: mask |--------|--------||--------|--------||--------|--------||--------|--------||||----BBBB|--------||--------|--------||--------|--------||--------|--------|  set
cpu-bind=MASK - n2lcn0117, task 466 18 [628841]: mask |--------|--------||--------|--------||--------|--------||--------|--------||||--------|BBBB----||--------|--------||--------|--------||--------|--------|  set
cpu-bind=MASK - n2lcn0117, task 467 19 [628842]: mask |--------|--------||--------|--------||--------|--------||--------|--------||||--------|----BBBB||--------|--------||--------|--------||--------|--------|  set
cpu-bind=MASK - n2lcn0117, task 468 20 [628843]: mask |--------|--------||--------|--------||--------|--------||--------|--------||||--------|--------||BBBB----|--------||--------|--------||--------|--------|  set
cpu-bind=MASK - n2lcn0117, task 469 21 [628844]: mask |--------|--------||--------|--------||--------|--------||--------|--------||||--------|--------||----BBBB|--------||--------|--------||--------|--------|  set
cpu-bind=MASK - n2lcn0126, task 709  5 [3450069]: mask |--------|--------||----BBBB|--------||--------|--------||--------|--------||||--------|--------||--------|--------||--------|--------||--------|--------|  set
cpu-bind=MASK - n2lcn0131, task 800  0 [3581946]: mask |BBBB----|--------||--------|--------||--------|--------||--------|--------||||--------|--------||--------|--------||--------|--------||--------|--------|  set
cpu-bind=MASK - n2lcn0135, task 950 22 [2575695]: mask |--------|--------||--------|--------||--------|--------||--------|--------||||--------|--------||--------|BBBB----||--------|--------||--------|--------|  set
cpu-bind=MASK - n2lcn0135, task 951 23 [2575696]: mask |--------|--------||--------|--------||--------|--------||--------|--------||||--------|--------||--------|----BBBB||--------|--------||--------|--------|  set
cpu-bind=MASK - n2lcn0135, task 952 24 [2575697]: mask |--------|--------||--------|--------||--------|--------||--------|--------||||--------|--------||--------|--------||BBBB----|--------||--------|--------|  set
cpu-bind=MASK - n2lcn0135, task 953 25 [2575698]: mask |--------|--------||--------|--------||--------|--------||--------|--------||||--------|--------||--------|--------||----BBBB|--------||--------|--------|  set
cpu-bind=MASK - n2lcn0135, task 954 26 [2575699]: mask |--------|--------||--------|--------||--------|--------||--------|--------||||--------|--------||--------|--------||--------|BBBB----||--------|--------|  set
cpu-bind=MASK - n2lcn0135, task 955 27 [2575700]: mask |--------|--------||--------|--------||--------|--------||--------|--------||||--------|--------||--------|--------||--------|----BBBB||--------|--------|  set
cpu-bind=MASK - n2lcn0135, task 956 28 [2575701]: mask |--------|--------||--------|--------||--------|--------||--------|--------||||--------|--------||--------|--------||--------|--------||BBBB----|--------|  set
cpu-bind=MASK - n2lcn0107, task 143 15 [853414]: mask |--------|--------||--------|--------||--------|--------||--------|----BBBB||||--------|--------||--------|--------||--------|--------||--------|--------|  set
cpu-bind=MASK - n2lcn0107, task 144 16 [853415]: mask |--------|--------||--------|--------||--------|--------||--------|--------||||BBBB----|--------||--------|--------||--------|--------||--------|--------|  set
cpu-bind=MASK - n2lcn0107, task 145 17 [853416]: mask |--------|--------||--------|--------||--------|--------||--------|--------||||----BBBB|--------||--------|--------||--------|--------||--------|--------|  set
cpu-bind=MASK - n2lcn0107, task 146 18 [853417]: mask |--------|--------||--------|--------||--------|--------||--------|--------||||--------|BBBB----||--------|--------||--------|--------||--------|--------|  set
cpu-bind=MASK - n2lcn0107, task 147 19 [853418]: mask |--------|--------||--------|--------||--------|--------||--------|--------||||--------|----BBBB||--------|--------||--------|--------||--------|--------|  set
cpu-bind=MASK - n2lcn0107, task 148 20 [853419]: mask |--------|--------||--------|--------||--------|--------||--------|--------||||--------|--------||BBBB----|--------||--------|--------||--------|--------|  set
cpu-bind=MASK - n2lcn0106, task 124 28 [515416]: mask |--------|--------||--------|--------||--------|--------||--------|--------||||--------|--------||--------|--------||--------|--------||BBBB----|--------|  set
cpu-bind=MASK - n2lcn0107, task 149 21 [853420]: mask |--------|--------||--------|--------||--------|--------||--------|--------||||--------|--------||----BBBB|--------||--------|--------||--------|--------|  set
cpu-bind=MASK - n2lcn0126, task 710  6 [3450070]: mask |--------|--------||--------|BBBB----||--------|--------||--------|--------||||--------|--------||--------|--------||--------|--------||--------|--------|  set
cpu-bind=MASK - n2lcn0116, task 424  8 [2417148]: mask |--------|--------||--------|--------||BBBB----|--------||--------|--------||||--------|--------||--------|--------||--------|--------||--------|--------|  set
cpu-bind=MASK - n2lcn0116, task 425  9 [2417149]: mask |--------|--------||--------|--------||----BBBB|--------||--------|--------||||--------|--------||--------|--------||--------|--------||--------|--------|  set
cpu-bind=MASK - n2lcn0116, task 426 10 [2417150]: mask |--------|--------||--------|--------||--------|BBBB----||--------|--------||||--------|--------||--------|--------||--------|--------||--------|--------|  set
cpu-bind=MASK - n2lcn0116, task 427 11 [2417151]: mask |--------|--------||--------|--------||--------|----BBBB||--------|--------||||--------|--------||--------|--------||--------|--------||--------|--------|  set
cpu-bind=MASK - n2lcn0116, task 428 12 [2417152]: mask |--------|--------||--------|--------||--------|--------||BBBB----|--------||||--------|--------||--------|--------||--------|--------||--------|--------|  set
cpu-bind=MASK - n2lcn0116, task 429 13 [2417153]: mask |--------|--------||--------|--------||--------|--------||----BBBB|--------||||--------|--------||--------|--------||--------|--------||--------|--------|  set
cpu-bind=MASK - n2lcn0116, task 430 14 [2417154]: mask |--------|--------||--------|--------||--------|--------||--------|BBBB----||||--------|--------||--------|--------||--------|--------||--------|--------|  set
cpu-bind=MASK - n2lcn0106, task 125 29 [515417]: mask |--------|--------||--------|--------||--------|--------||--------|--------||||--------|--------||--------|--------||--------|--------||----BBBB|--------|  set
cpu-bind=MASK - n2lcn0137, task 1023 31 [2455431]: mask |--------|--------||--------|--------||--------|--------||--------|--------||||--------|--------||--------|--------||--------|--------||--------|----BBBB|  set
cpu-bind=MASK - n2lcn0114, task 383 31 [3773618]: mask |--------|--------||--------|--------||--------|--------||--------|--------||||--------|--------||--------|--------||--------|--------||--------|----BBBB|  set
cpu-bind=MASK - n2lcn0126, task 711  7 [3450071]: mask |--------|--------||--------|----BBBB||--------|--------||--------|--------||||--------|--------||--------|--------||--------|--------||--------|--------|  set
cpu-bind=MASK - n2lcn0106, task 126 30 [515418]: mask |--------|--------||--------|--------||--------|--------||--------|--------||||--------|--------||--------|--------||--------|--------||--------|BBBB----|  set
cpu-bind=MASK - n2lcn0126, task 712  8 [3450072]: mask |--------|--------||--------|--------||BBBB----|--------||--------|--------||||--------|--------||--------|--------||--------|--------||--------|--------|  set
cpu-bind=MASK - n2lcn0126, task 713  9 [3450073]: mask |--------|--------||--------|--------||----BBBB|--------||--------|--------||||--------|--------||--------|--------||--------|--------||--------|--------|  set
cpu-bind=MASK - n2lcn0119, task 534 22 [3881796]: mask |--------|--------||--------|--------||--------|--------||--------|--------||||--------|--------||--------|BBBB----||--------|--------||--------|--------|  set
cpu-bind=MASK - n2lcn0119, task 535 23 [3881797]: mask |--------|--------||--------|--------||--------|--------||--------|--------||||--------|--------||--------|----BBBB||--------|--------||--------|--------|  set
cpu-bind=MASK - n2lcn0119, task 536 24 [3881798]: mask |--------|--------||--------|--------||--------|--------||--------|--------||||--------|--------||--------|--------||BBBB----|--------||--------|--------|  set
cpu-bind=MASK - n2lcn0119, task 537 25 [3881799]: mask |--------|--------||--------|--------||--------|--------||--------|--------||||--------|--------||--------|--------||----BBBB|--------||--------|--------|  set
cpu-bind=MASK - n2lcn0119, task 538 26 [3881800]: mask |--------|--------||--------|--------||--------|--------||--------|--------||||--------|--------||--------|--------||--------|BBBB----||--------|--------|  set
cpu-bind=MASK - n2lcn0119, task 539 27 [3881801]: mask |--------|--------||--------|--------||--------|--------||--------|--------||||--------|--------||--------|--------||--------|----BBBB||--------|--------|  set
cpu-bind=MASK - n2lcn0122, task 607 31 [2001578]: mask |--------|--------||--------|--------||--------|--------||--------|--------||||--------|--------||--------|--------||--------|--------||--------|----BBBB|  set
cpu-bind=MASK - n2lcn0119, task 540 28 [3881802]: mask |--------|--------||--------|--------||--------|--------||--------|--------||||--------|--------||--------|--------||--------|--------||BBBB----|--------|  set
cpu-bind=MASK - n2lcn0123, task 616  8 [2394433]: mask |--------|--------||--------|--------||BBBB----|--------||--------|--------||||--------|--------||--------|--------||--------|--------||--------|--------|  set
cpu-bind=MASK - n2lcn0123, task 617  9 [2394434]: mask |--------|--------||--------|--------||----BBBB|--------||--------|--------||||--------|--------||--------|--------||--------|--------||--------|--------|  set
cpu-bind=MASK - n2lcn0123, task 618 10 [2394435]: mask |--------|--------||--------|--------||--------|BBBB----||--------|--------||||--------|--------||--------|--------||--------|--------||--------|--------|  set
cpu-bind=MASK - n2lcn0123, task 619 11 [2394436]: mask |--------|--------||--------|--------||--------|----BBBB||--------|--------||||--------|--------||--------|--------||--------|--------||--------|--------|  set
cpu-bind=MASK - n2lcn0123, task 620 12 [2394437]: mask |--------|--------||--------|--------||--------|--------||BBBB----|--------||||--------|--------||--------|--------||--------|--------||--------|--------|  set
cpu-bind=MASK - n2lcn0123, task 621 13 [2394438]: mask |--------|--------||--------|--------||--------|--------||----BBBB|--------||||--------|--------||--------|--------||--------|--------||--------|--------|  set
cpu-bind=MASK - n2lcn0123, task 622 14 [2394439]: mask |--------|--------||--------|--------||--------|--------||--------|BBBB----||||--------|--------||--------|--------||--------|--------||--------|--------|  set
cpu-bind=MASK - n2lcn0134, task 927 31 [841712]: mask |--------|--------||--------|--------||--------|--------||--------|--------||||--------|--------||--------|--------||--------|--------||--------|----BBBB|  set
cpu-bind=MASK - n2lcn0126, task 714 10 [3450074]: mask |--------|--------||--------|--------||--------|BBBB----||--------|--------||||--------|--------||--------|--------||--------|--------||--------|--------|  set
cpu-bind=MASK - n2lcn0126, task 715 11 [3450075]: mask |--------|--------||--------|--------||--------|----BBBB||--------|--------||||--------|--------||--------|--------||--------|--------||--------|--------|  set
cpu-bind=MASK - n2lcn0130, task 790 22 [867803]: mask |--------|--------||--------|--------||--------|--------||--------|--------||||--------|--------||--------|BBBB----||--------|--------||--------|--------|  set
cpu-bind=MASK - n2lcn0130, task 791 23 [867804]: mask |--------|--------||--------|--------||--------|--------||--------|--------||||--------|--------||--------|----BBBB||--------|--------||--------|--------|  set
cpu-bind=MASK - n2lcn0130, task 792 24 [867805]: mask |--------|--------||--------|--------||--------|--------||--------|--------||||--------|--------||--------|--------||BBBB----|--------||--------|--------|  set
cpu-bind=MASK - n2lcn0130, task 793 25 [867806]: mask |--------|--------||--------|--------||--------|--------||--------|--------||||--------|--------||--------|--------||----BBBB|--------||--------|--------|  set
cpu-bind=MASK - n2lcn0130, task 794 26 [867807]: mask |--------|--------||--------|--------||--------|--------||--------|--------||||--------|--------||--------|--------||--------|BBBB----||--------|--------|  set
cpu-bind=MASK - n2lcn0130, task 795 27 [867808]: mask |--------|--------||--------|--------||--------|--------||--------|--------||||--------|--------||--------|--------||--------|----BBBB||--------|--------|  set
cpu-bind=MASK - n2lcn0130, task 796 28 [867809]: mask |--------|--------||--------|--------||--------|--------||--------|--------||||--------|--------||--------|--------||--------|--------||BBBB----|--------|  set
cpu-bind=MASK - n2lcn0126, task 716 12 [3450076]: mask |--------|--------||--------|--------||--------|--------||BBBB----|--------||||--------|--------||--------|--------||--------|--------||--------|--------|  set
cpu-bind=MASK - n2lcn0131, task 801  1 [3581947]: mask |----BBBB|--------||--------|--------||--------|--------||--------|--------||||--------|--------||--------|--------||--------|--------||--------|--------|  set
cpu-bind=MASK - n2lcn0131, task 802  2 [3581948]: mask |--------|BBBB----||--------|--------||--------|--------||--------|--------||||--------|--------||--------|--------||--------|--------||--------|--------|  set
cpu-bind=MASK - n2lcn0131, task 803  3 [3581949]: mask |--------|----BBBB||--------|--------||--------|--------||--------|--------||||--------|--------||--------|--------||--------|--------||--------|--------|  set
cpu-bind=MASK - n2lcn0117, task 470 22 [628845]: mask |--------|--------||--------|--------||--------|--------||--------|--------||||--------|--------||--------|BBBB----||--------|--------||--------|--------|  set
cpu-bind=MASK - n2lcn0131, task 804  4 [3581950]: mask |--------|--------||BBBB----|--------||--------|--------||--------|--------||||--------|--------||--------|--------||--------|--------||--------|--------|  set
cpu-bind=MASK - n2lcn0117, task 471 23 [628846]: mask |--------|--------||--------|--------||--------|--------||--------|--------||||--------|--------||--------|----BBBB||--------|--------||--------|--------|  set
cpu-bind=MASK - n2lcn0131, task 805  5 [3581951]: mask |--------|--------||----BBBB|--------||--------|--------||--------|--------||||--------|--------||--------|--------||--------|--------||--------|--------|  set
cpu-bind=MASK - n2lcn0117, task 472 24 [628847]: mask |--------|--------||--------|--------||--------|--------||--------|--------||||--------|--------||--------|--------||BBBB----|--------||--------|--------|  set
cpu-bind=MASK - n2lcn0131, task 806  6 [3581952]: mask |--------|--------||--------|BBBB----||--------|--------||--------|--------||||--------|--------||--------|--------||--------|--------||--------|--------|  set
cpu-bind=MASK - n2lcn0117, task 473 25 [628848]: mask |--------|--------||--------|--------||--------|--------||--------|--------||||--------|--------||--------|--------||----BBBB|--------||--------|--------|  set
cpu-bind=MASK - n2lcn0117, task 474 26 [628849]: mask |--------|--------||--------|--------||--------|--------||--------|--------||||--------|--------||--------|--------||--------|BBBB----||--------|--------|  set
cpu-bind=MASK - n2lcn0117, task 475 27 [628850]: mask |--------|--------||--------|--------||--------|--------||--------|--------||||--------|--------||--------|--------||--------|----BBBB||--------|--------|  set
cpu-bind=MASK - n2lcn0131, task 807  7 [3581953]: mask |--------|--------||--------|----BBBB||--------|--------||--------|--------||||--------|--------||--------|--------||--------|--------||--------|--------|  set
cpu-bind=MASK - n2lcn0107, task 150 22 [853421]: mask |--------|--------||--------|--------||--------|--------||--------|--------||||--------|--------||--------|BBBB----||--------|--------||--------|--------|  set
cpu-bind=MASK - n2lcn0107, task 151 23 [853422]: mask |--------|--------||--------|--------||--------|--------||--------|--------||||--------|--------||--------|----BBBB||--------|--------||--------|--------|  set
cpu-bind=MASK - n2lcn0107, task 152 24 [853423]: mask |--------|--------||--------|--------||--------|--------||--------|--------||||--------|--------||--------|--------||BBBB----|--------||--------|--------|  set
cpu-bind=MASK - n2lcn0107, task 153 25 [853424]: mask |--------|--------||--------|--------||--------|--------||--------|--------||||--------|--------||--------|--------||----BBBB|--------||--------|--------|  set
cpu-bind=MASK - n2lcn0107, task 154 26 [853425]: mask |--------|--------||--------|--------||--------|--------||--------|--------||||--------|--------||--------|--------||--------|BBBB----||--------|--------|  set
cpu-bind=MASK - n2lcn0107, task 155 27 [853426]: mask |--------|--------||--------|--------||--------|--------||--------|--------||||--------|--------||--------|--------||--------|----BBBB||--------|--------|  set
cpu-bind=MASK - n2lcn0117, task 476 28 [628851]: mask |--------|--------||--------|--------||--------|--------||--------|--------||||--------|--------||--------|--------||--------|--------||BBBB----|--------|  set
cpu-bind=MASK - n2lcn0107, task 156 28 [853427]: mask |--------|--------||--------|--------||--------|--------||--------|--------||||--------|--------||--------|--------||--------|--------||BBBB----|--------|  set
cpu-bind=MASK - n2lcn0126, task 717 13 [3450077]: mask |--------|--------||--------|--------||--------|--------||----BBBB|--------||||--------|--------||--------|--------||--------|--------||--------|--------|  set
cpu-bind=MASK - n2lcn0126, task 718 14 [3450078]: mask |--------|--------||--------|--------||--------|--------||--------|BBBB----||||--------|--------||--------|--------||--------|--------||--------|--------|  set
cpu-bind=MASK - n2lcn0116, task 431 15 [2417155]: mask |--------|--------||--------|--------||--------|--------||--------|----BBBB||||--------|--------||--------|--------||--------|--------||--------|--------|  set
cpu-bind=MASK - n2lcn0116, task 432 16 [2417156]: mask |--------|--------||--------|--------||--------|--------||--------|--------||||BBBB----|--------||--------|--------||--------|--------||--------|--------|  set
cpu-bind=MASK - n2lcn0116, task 433 17 [2417157]: mask |--------|--------||--------|--------||--------|--------||--------|--------||||----BBBB|--------||--------|--------||--------|--------||--------|--------|  set
cpu-bind=MASK - n2lcn0116, task 434 18 [2417158]: mask |--------|--------||--------|--------||--------|--------||--------|--------||||--------|BBBB----||--------|--------||--------|--------||--------|--------|  set
cpu-bind=MASK - n2lcn0116, task 435 19 [2417159]: mask |--------|--------||--------|--------||--------|--------||--------|--------||||--------|----BBBB||--------|--------||--------|--------||--------|--------|  set
cpu-bind=MASK - n2lcn0116, task 436 20 [2417160]: mask |--------|--------||--------|--------||--------|--------||--------|--------||||--------|--------||BBBB----|--------||--------|--------||--------|--------|  set
cpu-bind=MASK - n2lcn0116, task 437 21 [2417161]: mask |--------|--------||--------|--------||--------|--------||--------|--------||||--------|--------||----BBBB|--------||--------|--------||--------|--------|  set
cpu-bind=MASK - n2lcn0126, task 719 15 [3450079]: mask |--------|--------||--------|--------||--------|--------||--------|----BBBB||||--------|--------||--------|--------||--------|--------||--------|--------|  set
cpu-bind=MASK - n2lcn0126, task 720 16 [3450080]: mask |--------|--------||--------|--------||--------|--------||--------|--------||||BBBB----|--------||--------|--------||--------|--------||--------|--------|  set
cpu-bind=MASK - n2lcn0123, task 623 15 [2394440]: mask |--------|--------||--------|--------||--------|--------||--------|----BBBB||||--------|--------||--------|--------||--------|--------||--------|--------|  set
cpu-bind=MASK - n2lcn0123, task 624 16 [2394441]: mask |--------|--------||--------|--------||--------|--------||--------|--------||||BBBB----|--------||--------|--------||--------|--------||--------|--------|  set
cpu-bind=MASK - n2lcn0123, task 625 17 [2394442]: mask |--------|--------||--------|--------||--------|--------||--------|--------||||----BBBB|--------||--------|--------||--------|--------||--------|--------|  set
cpu-bind=MASK - n2lcn0123, task 626 18 [2394443]: mask |--------|--------||--------|--------||--------|--------||--------|--------||||--------|BBBB----||--------|--------||--------|--------||--------|--------|  set
cpu-bind=MASK - n2lcn0123, task 627 19 [2394444]: mask |--------|--------||--------|--------||--------|--------||--------|--------||||--------|----BBBB||--------|--------||--------|--------||--------|--------|  set
cpu-bind=MASK - n2lcn0126, task 721 17 [3450081]: mask |--------|--------||--------|--------||--------|--------||--------|--------||||----BBBB|--------||--------|--------||--------|--------||--------|--------|  set
cpu-bind=MASK - n2lcn0123, task 628 20 [2394445]: mask |--------|--------||--------|--------||--------|--------||--------|--------||||--------|--------||BBBB----|--------||--------|--------||--------|--------|  set
cpu-bind=MASK - n2lcn0123, task 629 21 [2394446]: mask |--------|--------||--------|--------||--------|--------||--------|--------||||--------|--------||----BBBB|--------||--------|--------||--------|--------|  set
cpu-bind=MASK - n2lcn0126, task 722 18 [3450082]: mask |--------|--------||--------|--------||--------|--------||--------|--------||||--------|BBBB----||--------|--------||--------|--------||--------|--------|  set
cpu-bind=MASK - n2lcn0126, task 723 19 [3450083]: mask |--------|--------||--------|--------||--------|--------||--------|--------||||--------|----BBBB||--------|--------||--------|--------||--------|--------|  set
cpu-bind=MASK - n2lcn0131, task 808  8 [3581954]: mask |--------|--------||--------|--------||BBBB----|--------||--------|--------||||--------|--------||--------|--------||--------|--------||--------|--------|  set
cpu-bind=MASK - n2lcn0131, task 809  9 [3581955]: mask |--------|--------||--------|--------||----BBBB|--------||--------|--------||||--------|--------||--------|--------||--------|--------||--------|--------|  set
cpu-bind=MASK - n2lcn0131, task 810 10 [3581956]: mask |--------|--------||--------|--------||--------|BBBB----||--------|--------||||--------|--------||--------|--------||--------|--------||--------|--------|  set
cpu-bind=MASK - n2lcn0131, task 811 11 [3581957]: mask |--------|--------||--------|--------||--------|----BBBB||--------|--------||||--------|--------||--------|--------||--------|--------||--------|--------|  set
cpu-bind=MASK - n2lcn0131, task 812 12 [3581958]: mask |--------|--------||--------|--------||--------|--------||BBBB----|--------||||--------|--------||--------|--------||--------|--------||--------|--------|  set
cpu-bind=MASK - n2lcn0131, task 813 13 [3581959]: mask |--------|--------||--------|--------||--------|--------||----BBBB|--------||||--------|--------||--------|--------||--------|--------||--------|--------|  set
cpu-bind=MASK - n2lcn0131, task 814 14 [3581960]: mask |--------|--------||--------|--------||--------|--------||--------|BBBB----||||--------|--------||--------|--------||--------|--------||--------|--------|  set
cpu-bind=MASK - n2lcn0126, task 724 20 [3450084]: mask |--------|--------||--------|--------||--------|--------||--------|--------||||--------|--------||BBBB----|--------||--------|--------||--------|--------|  set
cpu-bind=MASK - n2lcn0126, task 725 21 [3450085]: mask |--------|--------||--------|--------||--------|--------||--------|--------||||--------|--------||----BBBB|--------||--------|--------||--------|--------|  set
cpu-bind=MASK - n2lcn0126, task 726 22 [3450086]: mask |--------|--------||--------|--------||--------|--------||--------|--------||||--------|--------||--------|BBBB----||--------|--------||--------|--------|  set
cpu-bind=MASK - n2lcn0116, task 438 22 [2417162]: mask |--------|--------||--------|--------||--------|--------||--------|--------||||--------|--------||--------|BBBB----||--------|--------||--------|--------|  set
cpu-bind=MASK - n2lcn0116, task 439 23 [2417163]: mask |--------|--------||--------|--------||--------|--------||--------|--------||||--------|--------||--------|----BBBB||--------|--------||--------|--------|  set
cpu-bind=MASK - n2lcn0116, task 440 24 [2417164]: mask |--------|--------||--------|--------||--------|--------||--------|--------||||--------|--------||--------|--------||BBBB----|--------||--------|--------|  set
cpu-bind=MASK - n2lcn0116, task 441 25 [2417165]: mask |--------|--------||--------|--------||--------|--------||--------|--------||||--------|--------||--------|--------||----BBBB|--------||--------|--------|  set
cpu-bind=MASK - n2lcn0116, task 442 26 [2417166]: mask |--------|--------||--------|--------||--------|--------||--------|--------||||--------|--------||--------|--------||--------|BBBB----||--------|--------|  set
cpu-bind=MASK - n2lcn0116, task 443 27 [2417167]: mask |--------|--------||--------|--------||--------|--------||--------|--------||||--------|--------||--------|--------||--------|----BBBB||--------|--------|  set
cpu-bind=MASK - n2lcn0116, task 444 28 [2417168]: mask |--------|--------||--------|--------||--------|--------||--------|--------||||--------|--------||--------|--------||--------|--------||BBBB----|--------|  set
cpu-bind=MASK - n2lcn0126, task 727 23 [3450087]: mask |--------|--------||--------|--------||--------|--------||--------|--------||||--------|--------||--------|----BBBB||--------|--------||--------|--------|  set
cpu-bind=MASK - n2lcn0123, task 630 22 [2394447]: mask |--------|--------||--------|--------||--------|--------||--------|--------||||--------|--------||--------|BBBB----||--------|--------||--------|--------|  set
cpu-bind=MASK - n2lcn0123, task 631 23 [2394448]: mask |--------|--------||--------|--------||--------|--------||--------|--------||||--------|--------||--------|----BBBB||--------|--------||--------|--------|  set
cpu-bind=MASK - n2lcn0123, task 632 24 [2394449]: mask |--------|--------||--------|--------||--------|--------||--------|--------||||--------|--------||--------|--------||BBBB----|--------||--------|--------|  set
cpu-bind=MASK - n2lcn0123, task 633 25 [2394450]: mask |--------|--------||--------|--------||--------|--------||--------|--------||||--------|--------||--------|--------||----BBBB|--------||--------|--------|  set
cpu-bind=MASK - n2lcn0123, task 634 26 [2394451]: mask |--------|--------||--------|--------||--------|--------||--------|--------||||--------|--------||--------|--------||--------|BBBB----||--------|--------|  set
cpu-bind=MASK - n2lcn0123, task 635 27 [2394452]: mask |--------|--------||--------|--------||--------|--------||--------|--------||||--------|--------||--------|--------||--------|----BBBB||--------|--------|  set
cpu-bind=MASK - n2lcn0123, task 636 28 [2394453]: mask |--------|--------||--------|--------||--------|--------||--------|--------||||--------|--------||--------|--------||--------|--------||BBBB----|--------|  set
cpu-bind=MASK - n2lcn0126, task 728 24 [3450088]: mask |--------|--------||--------|--------||--------|--------||--------|--------||||--------|--------||--------|--------||BBBB----|--------||--------|--------|  set
cpu-bind=MASK - n2lcn0126, task 729 25 [3450089]: mask |--------|--------||--------|--------||--------|--------||--------|--------||||--------|--------||--------|--------||----BBBB|--------||--------|--------|  set
cpu-bind=MASK - n2lcn0126, task 730 26 [3450090]: mask |--------|--------||--------|--------||--------|--------||--------|--------||||--------|--------||--------|--------||--------|BBBB----||--------|--------|  set
cpu-bind=MASK - n2lcn0131, task 815 15 [3581961]: mask |--------|--------||--------|--------||--------|--------||--------|----BBBB||||--------|--------||--------|--------||--------|--------||--------|--------|  set
cpu-bind=MASK - n2lcn0131, task 816 16 [3581962]: mask |--------|--------||--------|--------||--------|--------||--------|--------||||BBBB----|--------||--------|--------||--------|--------||--------|--------|  set
cpu-bind=MASK - n2lcn0131, task 817 17 [3581963]: mask |--------|--------||--------|--------||--------|--------||--------|--------||||----BBBB|--------||--------|--------||--------|--------||--------|--------|  set
cpu-bind=MASK - n2lcn0131, task 818 18 [3581964]: mask |--------|--------||--------|--------||--------|--------||--------|--------||||--------|BBBB----||--------|--------||--------|--------||--------|--------|  set
cpu-bind=MASK - n2lcn0131, task 819 19 [3581965]: mask |--------|--------||--------|--------||--------|--------||--------|--------||||--------|----BBBB||--------|--------||--------|--------||--------|--------|  set
cpu-bind=MASK - n2lcn0131, task 820 20 [3581966]: mask |--------|--------||--------|--------||--------|--------||--------|--------||||--------|--------||BBBB----|--------||--------|--------||--------|--------|  set
cpu-bind=MASK - n2lcn0131, task 821 21 [3581967]: mask |--------|--------||--------|--------||--------|--------||--------|--------||||--------|--------||----BBBB|--------||--------|--------||--------|--------|  set
cpu-bind=MASK - n2lcn0126, task 731 27 [3450091]: mask |--------|--------||--------|--------||--------|--------||--------|--------||||--------|--------||--------|--------||--------|----BBBB||--------|--------|  set
cpu-bind=MASK - n2lcn0126, task 732 28 [3450092]: mask |--------|--------||--------|--------||--------|--------||--------|--------||||--------|--------||--------|--------||--------|--------||BBBB----|--------|  set
cpu-bind=MASK - n2lcn0106, task 127 31 [515419]: mask |--------|--------||--------|--------||--------|--------||--------|--------||||--------|--------||--------|--------||--------|--------||--------|----BBBB|  set
cpu-bind=MASK - n2lcn0126, task 733 29 [3450093]: mask |--------|--------||--------|--------||--------|--------||--------|--------||||--------|--------||--------|--------||--------|--------||----BBBB|--------|  set
cpu-bind=MASK - n2lcn0126, task 734 30 [3450094]: mask |--------|--------||--------|--------||--------|--------||--------|--------||||--------|--------||--------|--------||--------|--------||--------|BBBB----|  set
cpu-bind=MASK - n2lcn0109, task 221 29 [1209244]: mask |--------|--------||--------|--------||--------|--------||--------|--------||||--------|--------||--------|--------||--------|--------||----BBBB|--------|  set
cpu-bind=MASK - n2lcn0109, task 222 30 [1209245]: mask |--------|--------||--------|--------||--------|--------||--------|--------||||--------|--------||--------|--------||--------|--------||--------|BBBB----|  set
cpu-bind=MASK - n2lcn0109, task 223 31 [1209246]: mask |--------|--------||--------|--------||--------|--------||--------|--------||||--------|--------||--------|--------||--------|--------||--------|----BBBB|  set
cpu-bind=MASK - n2lcn0131, task 822 22 [3581968]: mask |--------|--------||--------|--------||--------|--------||--------|--------||||--------|--------||--------|BBBB----||--------|--------||--------|--------|  set
cpu-bind=MASK - n2lcn0131, task 823 23 [3581969]: mask |--------|--------||--------|--------||--------|--------||--------|--------||||--------|--------||--------|----BBBB||--------|--------||--------|--------|  set
cpu-bind=MASK - n2lcn0131, task 824 24 [3581970]: mask |--------|--------||--------|--------||--------|--------||--------|--------||||--------|--------||--------|--------||BBBB----|--------||--------|--------|  set
cpu-bind=MASK - n2lcn0131, task 825 25 [3581971]: mask |--------|--------||--------|--------||--------|--------||--------|--------||||--------|--------||--------|--------||----BBBB|--------||--------|--------|  set
cpu-bind=MASK - n2lcn0131, task 826 26 [3581972]: mask |--------|--------||--------|--------||--------|--------||--------|--------||||--------|--------||--------|--------||--------|BBBB----||--------|--------|  set
cpu-bind=MASK - n2lcn0131, task 827 27 [3581973]: mask |--------|--------||--------|--------||--------|--------||--------|--------||||--------|--------||--------|--------||--------|----BBBB||--------|--------|  set
cpu-bind=MASK - n2lcn0131, task 828 28 [3581974]: mask |--------|--------||--------|--------||--------|--------||--------|--------||||--------|--------||--------|--------||--------|--------||BBBB----|--------|  set
cpu-bind=MASK - n2lcn0124, task 669 29 [1790622]: mask |--------|--------||--------|--------||--------|--------||--------|--------||||--------|--------||--------|--------||--------|--------||----BBBB|--------|  set
cpu-bind=MASK - n2lcn0124, task 670 30 [1790623]: mask |--------|--------||--------|--------||--------|--------||--------|--------||||--------|--------||--------|--------||--------|--------||--------|BBBB----|  set
cpu-bind=MASK - n2lcn0124, task 671 31 [1790624]: mask |--------|--------||--------|--------||--------|--------||--------|--------||||--------|--------||--------|--------||--------|--------||--------|----BBBB|  set
cpu-bind=MASK - n2lcn0118, task 509 29 [1191076]: mask |--------|--------||--------|--------||--------|--------||--------|--------||||--------|--------||--------|--------||--------|--------||----BBBB|--------|  set
cpu-bind=MASK - n2lcn0118, task 510 30 [1191077]: mask |--------|--------||--------|--------||--------|--------||--------|--------||||--------|--------||--------|--------||--------|--------||--------|BBBB----|  set
cpu-bind=MASK - n2lcn0118, task 511 31 [1191078]: mask |--------|--------||--------|--------||--------|--------||--------|--------||||--------|--------||--------|--------||--------|--------||--------|----BBBB|  set
cpu-bind=MASK - n2lcn0115, task 413 29 [1105414]: mask |--------|--------||--------|--------||--------|--------||--------|--------||||--------|--------||--------|--------||--------|--------||----BBBB|--------|  set
cpu-bind=MASK - n2lcn0115, task 414 30 [1105415]: mask |--------|--------||--------|--------||--------|--------||--------|--------||||--------|--------||--------|--------||--------|--------||--------|BBBB----|  set
cpu-bind=MASK - n2lcn0115, task 415 31 [1105416]: mask |--------|--------||--------|--------||--------|--------||--------|--------||||--------|--------||--------|--------||--------|--------||--------|----BBBB|  set
cpu-bind=MASK - n2lcn0125, task 701 29 [361462]: mask |--------|--------||--------|--------||--------|--------||--------|--------||||--------|--------||--------|--------||--------|--------||----BBBB|--------|  set
cpu-bind=MASK - n2lcn0125, task 702 30 [361463]: mask |--------|--------||--------|--------||--------|--------||--------|--------||||--------|--------||--------|--------||--------|--------||--------|BBBB----|  set
cpu-bind=MASK - n2lcn0125, task 703 31 [361464]: mask |--------|--------||--------|--------||--------|--------||--------|--------||||--------|--------||--------|--------||--------|--------||--------|----BBBB|  set
cpu-bind=MASK - n2lcn0103, task  1  1 [4026027]: mask |----BBBB|--------||--------|--------||--------|--------||--------|--------||||--------|--------||--------|--------||--------|--------||--------|--------|  set
cpu-bind=MASK - n2lcn0103, task  2  2 [4026028]: mask |--------|BBBB----||--------|--------||--------|--------||--------|--------||||--------|--------||--------|--------||--------|--------||--------|--------|  set
cpu-bind=MASK - n2lcn0103, task  3  3 [4026029]: mask |--------|----BBBB||--------|--------||--------|--------||--------|--------||||--------|--------||--------|--------||--------|--------||--------|--------|  set
cpu-bind=MASK - n2lcn0103, task  4  4 [4026030]: mask |--------|--------||BBBB----|--------||--------|--------||--------|--------||||--------|--------||--------|--------||--------|--------||--------|--------|  set
cpu-bind=MASK - n2lcn0111, task 285 29 [792572]: mask |--------|--------||--------|--------||--------|--------||--------|--------||||--------|--------||--------|--------||--------|--------||----BBBB|--------|  set
cpu-bind=MASK - n2lcn0103, task  5  5 [4026031]: mask |--------|--------||----BBBB|--------||--------|--------||--------|--------||||--------|--------||--------|--------||--------|--------||--------|--------|  set
cpu-bind=MASK - n2lcn0111, task 286 30 [792573]: mask |--------|--------||--------|--------||--------|--------||--------|--------||||--------|--------||--------|--------||--------|--------||--------|BBBB----|  set
cpu-bind=MASK - n2lcn0103, task  6  6 [4026032]: mask |--------|--------||--------|BBBB----||--------|--------||--------|--------||||--------|--------||--------|--------||--------|--------||--------|--------|  set
cpu-bind=MASK - n2lcn0121, task 573 29 [2576030]: mask |--------|--------||--------|--------||--------|--------||--------|--------||||--------|--------||--------|--------||--------|--------||----BBBB|--------|  set
cpu-bind=MASK - n2lcn0111, task 287 31 [792574]: mask |--------|--------||--------|--------||--------|--------||--------|--------||||--------|--------||--------|--------||--------|--------||--------|----BBBB|  set
cpu-bind=MASK - n2lcn0103, task  7  7 [4026033]: mask |--------|--------||--------|----BBBB||--------|--------||--------|--------||||--------|--------||--------|--------||--------|--------||--------|--------|  set
cpu-bind=MASK - n2lcn0121, task 574 30 [2576031]: mask |--------|--------||--------|--------||--------|--------||--------|--------||||--------|--------||--------|--------||--------|--------||--------|BBBB----|  set
cpu-bind=MASK - n2lcn0103, task  8  8 [4026034]: mask |--------|--------||--------|--------||BBBB----|--------||--------|--------||||--------|--------||--------|--------||--------|--------||--------|--------|  set
cpu-bind=MASK - n2lcn0121, task 575 31 [2576032]: mask |--------|--------||--------|--------||--------|--------||--------|--------||||--------|--------||--------|--------||--------|--------||--------|----BBBB|  set
cpu-bind=MASK - n2lcn0103, task  9  9 [4026035]: mask |--------|--------||--------|--------||----BBBB|--------||--------|--------||||--------|--------||--------|--------||--------|--------||--------|--------|  set
cpu-bind=MASK - n2lcn0103, task 10 10 [4026036]: mask |--------|--------||--------|--------||--------|BBBB----||--------|--------||||--------|--------||--------|--------||--------|--------||--------|--------|  set
cpu-bind=MASK - n2lcn0103, task 11 11 [4026037]: mask |--------|--------||--------|--------||--------|----BBBB||--------|--------||||--------|--------||--------|--------||--------|--------||--------|--------|  set
cpu-bind=MASK - n2lcn0103, task 12 12 [4026038]: mask |--------|--------||--------|--------||--------|--------||BBBB----|--------||||--------|--------||--------|--------||--------|--------||--------|--------|  set
cpu-bind=MASK - n2lcn0103, task 13 13 [4026039]: mask |--------|--------||--------|--------||--------|--------||----BBBB|--------||||--------|--------||--------|--------||--------|--------||--------|--------|  set
cpu-bind=MASK - n2lcn0103, task 14 14 [4026040]: mask |--------|--------||--------|--------||--------|--------||--------|BBBB----||||--------|--------||--------|--------||--------|--------||--------|--------|  set
cpu-bind=MASK - n2lcn0103, task 15 15 [4026041]: mask |--------|--------||--------|--------||--------|--------||--------|----BBBB||||--------|--------||--------|--------||--------|--------||--------|--------|  set
cpu-bind=MASK - n2lcn0103, task 16 16 [4026042]: mask |--------|--------||--------|--------||--------|--------||--------|--------||||BBBB----|--------||--------|--------||--------|--------||--------|--------|  set
cpu-bind=MASK - n2lcn0103, task 17 17 [4026043]: mask |--------|--------||--------|--------||--------|--------||--------|--------||||----BBBB|--------||--------|--------||--------|--------||--------|--------|  set
cpu-bind=MASK - n2lcn0103, task 18 18 [4026044]: mask |--------|--------||--------|--------||--------|--------||--------|--------||||--------|BBBB----||--------|--------||--------|--------||--------|--------|  set
cpu-bind=MASK - n2lcn0103, task 19 19 [4026045]: mask |--------|--------||--------|--------||--------|--------||--------|--------||||--------|----BBBB||--------|--------||--------|--------||--------|--------|  set
cpu-bind=MASK - n2lcn0103, task 20 20 [4026046]: mask |--------|--------||--------|--------||--------|--------||--------|--------||||--------|--------||BBBB----|--------||--------|--------||--------|--------|  set
cpu-bind=MASK - n2lcn0103, task 21 21 [4026047]: mask |--------|--------||--------|--------||--------|--------||--------|--------||||--------|--------||----BBBB|--------||--------|--------||--------|--------|  set
cpu-bind=MASK - n2lcn0103, task 22 22 [4026048]: mask |--------|--------||--------|--------||--------|--------||--------|--------||||--------|--------||--------|BBBB----||--------|--------||--------|--------|  set
cpu-bind=MASK - n2lcn0103, task 23 23 [4026049]: mask |--------|--------||--------|--------||--------|--------||--------|--------||||--------|--------||--------|----BBBB||--------|--------||--------|--------|  set
cpu-bind=MASK - n2lcn0103, task 24 24 [4026050]: mask |--------|--------||--------|--------||--------|--------||--------|--------||||--------|--------||--------|--------||BBBB----|--------||--------|--------|  set
cpu-bind=MASK - n2lcn0103, task 25 25 [4026051]: mask |--------|--------||--------|--------||--------|--------||--------|--------||||--------|--------||--------|--------||----BBBB|--------||--------|--------|  set
cpu-bind=MASK - n2lcn0103, task 26 26 [4026052]: mask |--------|--------||--------|--------||--------|--------||--------|--------||||--------|--------||--------|--------||--------|BBBB----||--------|--------|  set
cpu-bind=MASK - n2lcn0103, task 27 27 [4026053]: mask |--------|--------||--------|--------||--------|--------||--------|--------||||--------|--------||--------|--------||--------|----BBBB||--------|--------|  set
cpu-bind=MASK - n2lcn0103, task 28 28 [4026054]: mask |--------|--------||--------|--------||--------|--------||--------|--------||||--------|--------||--------|--------||--------|--------||BBBB----|--------|  set
cpu-bind=MASK - n2lcn0103, task 29 29 [4026055]: mask |--------|--------||--------|--------||--------|--------||--------|--------||||--------|--------||--------|--------||--------|--------||----BBBB|--------|  set
cpu-bind=MASK - n2lcn0103, task 30 30 [4026056]: mask |--------|--------||--------|--------||--------|--------||--------|--------||||--------|--------||--------|--------||--------|--------||--------|BBBB----|  set
cpu-bind=MASK - n2lcn0113, task 349 29 [1395341]: mask |--------|--------||--------|--------||--------|--------||--------|--------||||--------|--------||--------|--------||--------|--------||----BBBB|--------|  set
cpu-bind=MASK - n2lcn0104, task 61 29 [1855116]: mask |--------|--------||--------|--------||--------|--------||--------|--------||||--------|--------||--------|--------||--------|--------||----BBBB|--------|  set
cpu-bind=MASK - n2lcn0110, task 253 29 [235071]: mask |--------|--------||--------|--------||--------|--------||--------|--------||||--------|--------||--------|--------||--------|--------||----BBBB|--------|  set
cpu-bind=MASK - n2lcn0129, task 765 29 [1786656]: mask |--------|--------||--------|--------||--------|--------||--------|--------||||--------|--------||--------|--------||--------|--------||----BBBB|--------|  set
cpu-bind=MASK - n2lcn0113, task 350 30 [1395342]: mask |--------|--------||--------|--------||--------|--------||--------|--------||||--------|--------||--------|--------||--------|--------||--------|BBBB----|  set
cpu-bind=MASK - n2lcn0104, task 62 30 [1855117]: mask |--------|--------||--------|--------||--------|--------||--------|--------||||--------|--------||--------|--------||--------|--------||--------|BBBB----|  set
cpu-bind=MASK - n2lcn0110, task 254 30 [235072]: mask |--------|--------||--------|--------||--------|--------||--------|--------||||--------|--------||--------|--------||--------|--------||--------|BBBB----|  set
cpu-bind=MASK - n2lcn0129, task 766 30 [1786657]: mask |--------|--------||--------|--------||--------|--------||--------|--------||||--------|--------||--------|--------||--------|--------||--------|BBBB----|  set
cpu-bind=MASK - n2lcn0113, task 351 31 [1395343]: mask |--------|--------||--------|--------||--------|--------||--------|--------||||--------|--------||--------|--------||--------|--------||--------|----BBBB|  set
cpu-bind=MASK - n2lcn0104, task 63 31 [1855118]: mask |--------|--------||--------|--------||--------|--------||--------|--------||||--------|--------||--------|--------||--------|--------||--------|----BBBB|  set
cpu-bind=MASK - n2lcn0110, task 255 31 [235073]: mask |--------|--------||--------|--------||--------|--------||--------|--------||||--------|--------||--------|--------||--------|--------||--------|----BBBB|  set
cpu-bind=MASK - n2lcn0129, task 767 31 [1786658]: mask |--------|--------||--------|--------||--------|--------||--------|--------||||--------|--------||--------|--------||--------|--------||--------|----BBBB|  set
cpu-bind=MASK - n2lcn0136, task 989 29 [1666991]: mask |--------|--------||--------|--------||--------|--------||--------|--------||||--------|--------||--------|--------||--------|--------||----BBBB|--------|  set
cpu-bind=MASK - n2lcn0136, task 990 30 [1666992]: mask |--------|--------||--------|--------||--------|--------||--------|--------||||--------|--------||--------|--------||--------|--------||--------|BBBB----|  set
cpu-bind=MASK - n2lcn0136, task 991 31 [1666993]: mask |--------|--------||--------|--------||--------|--------||--------|--------||||--------|--------||--------|--------||--------|--------||--------|----BBBB|  set
cpu-bind=MASK - n2lcn0105, task 64  0 [428521]: mask |BBBB----|--------||--------|--------||--------|--------||--------|--------||||--------|--------||--------|--------||--------|--------||--------|--------|  set
cpu-bind=MASK - n2lcn0133, task 893 29 [827363]: mask |--------|--------||--------|--------||--------|--------||--------|--------||||--------|--------||--------|--------||--------|--------||----BBBB|--------|  set
cpu-bind=MASK - n2lcn0133, task 894 30 [827364]: mask |--------|--------||--------|--------||--------|--------||--------|--------||||--------|--------||--------|--------||--------|--------||--------|BBBB----|  set
cpu-bind=MASK - n2lcn0133, task 895 31 [827365]: mask |--------|--------||--------|--------||--------|--------||--------|--------||||--------|--------||--------|--------||--------|--------||--------|----BBBB|  set
cpu-bind=MASK - n2lcn0132, task 861 29 [511981]: mask |--------|--------||--------|--------||--------|--------||--------|--------||||--------|--------||--------|--------||--------|--------||----BBBB|--------|  set
cpu-bind=MASK - n2lcn0132, task 862 30 [511982]: mask |--------|--------||--------|--------||--------|--------||--------|--------||||--------|--------||--------|--------||--------|--------||--------|BBBB----|  set
cpu-bind=MASK - n2lcn0132, task 863 31 [511983]: mask |--------|--------||--------|--------||--------|--------||--------|--------||||--------|--------||--------|--------||--------|--------||--------|----BBBB|  set
cpu-bind=MASK - n2lcn0135, task 957 29 [2575702]: mask |--------|--------||--------|--------||--------|--------||--------|--------||||--------|--------||--------|--------||--------|--------||----BBBB|--------|  set
cpu-bind=MASK - n2lcn0135, task 958 30 [2575703]: mask |--------|--------||--------|--------||--------|--------||--------|--------||||--------|--------||--------|--------||--------|--------||--------|BBBB----|  set
cpu-bind=MASK - n2lcn0135, task 959 31 [2575704]: mask |--------|--------||--------|--------||--------|--------||--------|--------||||--------|--------||--------|--------||--------|--------||--------|----BBBB|  set
cpu-bind=MASK - n2lcn0105, task 65  1 [428522]: mask |----BBBB|--------||--------|--------||--------|--------||--------|--------||||--------|--------||--------|--------||--------|--------||--------|--------|  set
cpu-bind=MASK - n2lcn0105, task 66  2 [428523]: mask |--------|BBBB----||--------|--------||--------|--------||--------|--------||||--------|--------||--------|--------||--------|--------||--------|--------|  set
cpu-bind=MASK - n2lcn0105, task 67  3 [428524]: mask |--------|----BBBB||--------|--------||--------|--------||--------|--------||||--------|--------||--------|--------||--------|--------||--------|--------|  set
cpu-bind=MASK - n2lcn0105, task 68  4 [428525]: mask |--------|--------||BBBB----|--------||--------|--------||--------|--------||||--------|--------||--------|--------||--------|--------||--------|--------|  set
cpu-bind=MASK - n2lcn0105, task 69  5 [428526]: mask |--------|--------||----BBBB|--------||--------|--------||--------|--------||||--------|--------||--------|--------||--------|--------||--------|--------|  set
cpu-bind=MASK - n2lcn0105, task 70  6 [428527]: mask |--------|--------||--------|BBBB----||--------|--------||--------|--------||||--------|--------||--------|--------||--------|--------||--------|--------|  set
cpu-bind=MASK - n2lcn0105, task 71  7 [428528]: mask |--------|--------||--------|----BBBB||--------|--------||--------|--------||||--------|--------||--------|--------||--------|--------||--------|--------|  set
cpu-bind=MASK - n2lcn0112, task 288  0 [3751156]: mask |BBBB----|--------||--------|--------||--------|--------||--------|--------||||--------|--------||--------|--------||--------|--------||--------|--------|  set
cpu-bind=MASK - n2lcn0119, task 541 29 [3881803]: mask |--------|--------||--------|--------||--------|--------||--------|--------||||--------|--------||--------|--------||--------|--------||----BBBB|--------|  set
cpu-bind=MASK - n2lcn0119, task 542 30 [3881804]: mask |--------|--------||--------|--------||--------|--------||--------|--------||||--------|--------||--------|--------||--------|--------||--------|BBBB----|  set
cpu-bind=MASK - n2lcn0119, task 543 31 [3881805]: mask |--------|--------||--------|--------||--------|--------||--------|--------||||--------|--------||--------|--------||--------|--------||--------|----BBBB|  set
cpu-bind=MASK - n2lcn0126, task 735 31 [3450095]: mask |--------|--------||--------|--------||--------|--------||--------|--------||||--------|--------||--------|--------||--------|--------||--------|----BBBB|  set
cpu-bind=MASK - n2lcn0103, task 31 31 [4026057]: mask |--------|--------||--------|--------||--------|--------||--------|--------||||--------|--------||--------|--------||--------|--------||--------|----BBBB|  set
cpu-bind=MASK - n2lcn0130, task 797 29 [867810]: mask |--------|--------||--------|--------||--------|--------||--------|--------||||--------|--------||--------|--------||--------|--------||----BBBB|--------|  set
cpu-bind=MASK - n2lcn0130, task 798 30 [867811]: mask |--------|--------||--------|--------||--------|--------||--------|--------||||--------|--------||--------|--------||--------|--------||--------|BBBB----|  set
cpu-bind=MASK - n2lcn0130, task 799 31 [867812]: mask |--------|--------||--------|--------||--------|--------||--------|--------||||--------|--------||--------|--------||--------|--------||--------|----BBBB|  set
cpu-bind=MASK - n2lcn0117, task 477 29 [628852]: mask |--------|--------||--------|--------||--------|--------||--------|--------||||--------|--------||--------|--------||--------|--------||----BBBB|--------|  set
cpu-bind=MASK - n2lcn0117, task 478 30 [628853]: mask |--------|--------||--------|--------||--------|--------||--------|--------||||--------|--------||--------|--------||--------|--------||--------|BBBB----|  set
cpu-bind=MASK - n2lcn0117, task 479 31 [628854]: mask |--------|--------||--------|--------||--------|--------||--------|--------||||--------|--------||--------|--------||--------|--------||--------|----BBBB|  set
cpu-bind=MASK - n2lcn0107, task 157 29 [853428]: mask |--------|--------||--------|--------||--------|--------||--------|--------||||--------|--------||--------|--------||--------|--------||----BBBB|--------|  set
cpu-bind=MASK - n2lcn0107, task 158 30 [853429]: mask |--------|--------||--------|--------||--------|--------||--------|--------||||--------|--------||--------|--------||--------|--------||--------|BBBB----|  set
cpu-bind=MASK - n2lcn0107, task 159 31 [853430]: mask |--------|--------||--------|--------||--------|--------||--------|--------||||--------|--------||--------|--------||--------|--------||--------|----BBBB|  set
cpu-bind=MASK - n2lcn0105, task 72  8 [428529]: mask |--------|--------||--------|--------||BBBB----|--------||--------|--------||||--------|--------||--------|--------||--------|--------||--------|--------|  set
cpu-bind=MASK - n2lcn0105, task 73  9 [428530]: mask |--------|--------||--------|--------||----BBBB|--------||--------|--------||||--------|--------||--------|--------||--------|--------||--------|--------|  set
cpu-bind=MASK - n2lcn0105, task 74 10 [428531]: mask |--------|--------||--------|--------||--------|BBBB----||--------|--------||||--------|--------||--------|--------||--------|--------||--------|--------|  set
cpu-bind=MASK - n2lcn0105, task 75 11 [428532]: mask |--------|--------||--------|--------||--------|----BBBB||--------|--------||||--------|--------||--------|--------||--------|--------||--------|--------|  set
cpu-bind=MASK - n2lcn0105, task 76 12 [428533]: mask |--------|--------||--------|--------||--------|--------||BBBB----|--------||||--------|--------||--------|--------||--------|--------||--------|--------|  set
cpu-bind=MASK - n2lcn0105, task 77 13 [428534]: mask |--------|--------||--------|--------||--------|--------||----BBBB|--------||||--------|--------||--------|--------||--------|--------||--------|--------|  set
cpu-bind=MASK - n2lcn0105, task 78 14 [428535]: mask |--------|--------||--------|--------||--------|--------||--------|BBBB----||||--------|--------||--------|--------||--------|--------||--------|--------|  set
cpu-bind=MASK - n2lcn0112, task 289  1 [3751157]: mask |----BBBB|--------||--------|--------||--------|--------||--------|--------||||--------|--------||--------|--------||--------|--------||--------|--------|  set
cpu-bind=MASK - n2lcn0112, task 290  2 [3751158]: mask |--------|BBBB----||--------|--------||--------|--------||--------|--------||||--------|--------||--------|--------||--------|--------||--------|--------|  set
cpu-bind=MASK - n2lcn0112, task 291  3 [3751159]: mask |--------|----BBBB||--------|--------||--------|--------||--------|--------||||--------|--------||--------|--------||--------|--------||--------|--------|  set
cpu-bind=MASK - n2lcn0112, task 292  4 [3751160]: mask |--------|--------||BBBB----|--------||--------|--------||--------|--------||||--------|--------||--------|--------||--------|--------||--------|--------|  set
cpu-bind=MASK - n2lcn0112, task 293  5 [3751161]: mask |--------|--------||----BBBB|--------||--------|--------||--------|--------||||--------|--------||--------|--------||--------|--------||--------|--------|  set
cpu-bind=MASK - n2lcn0112, task 294  6 [3751162]: mask |--------|--------||--------|BBBB----||--------|--------||--------|--------||||--------|--------||--------|--------||--------|--------||--------|--------|  set
cpu-bind=MASK - n2lcn0112, task 295  7 [3751163]: mask |--------|--------||--------|----BBBB||--------|--------||--------|--------||||--------|--------||--------|--------||--------|--------||--------|--------|  set
cpu-bind=MASK - n2lcn0105, task 79 15 [428536]: mask |--------|--------||--------|--------||--------|--------||--------|----BBBB||||--------|--------||--------|--------||--------|--------||--------|--------|  set
cpu-bind=MASK - n2lcn0105, task 80 16 [428537]: mask |--------|--------||--------|--------||--------|--------||--------|--------||||BBBB----|--------||--------|--------||--------|--------||--------|--------|  set
cpu-bind=MASK - n2lcn0105, task 81 17 [428538]: mask |--------|--------||--------|--------||--------|--------||--------|--------||||----BBBB|--------||--------|--------||--------|--------||--------|--------|  set
cpu-bind=MASK - n2lcn0105, task 82 18 [428539]: mask |--------|--------||--------|--------||--------|--------||--------|--------||||--------|BBBB----||--------|--------||--------|--------||--------|--------|  set
cpu-bind=MASK - n2lcn0105, task 83 19 [428540]: mask |--------|--------||--------|--------||--------|--------||--------|--------||||--------|----BBBB||--------|--------||--------|--------||--------|--------|  set
cpu-bind=MASK - n2lcn0105, task 84 20 [428541]: mask |--------|--------||--------|--------||--------|--------||--------|--------||||--------|--------||BBBB----|--------||--------|--------||--------|--------|  set
cpu-bind=MASK - n2lcn0116, task 445 29 [2417169]: mask |--------|--------||--------|--------||--------|--------||--------|--------||||--------|--------||--------|--------||--------|--------||----BBBB|--------|  set
cpu-bind=MASK - n2lcn0105, task 85 21 [428542]: mask |--------|--------||--------|--------||--------|--------||--------|--------||||--------|--------||----BBBB|--------||--------|--------||--------|--------|  set
cpu-bind=MASK - n2lcn0116, task 446 30 [2417170]: mask |--------|--------||--------|--------||--------|--------||--------|--------||||--------|--------||--------|--------||--------|--------||--------|BBBB----|  set
cpu-bind=MASK - n2lcn0116, task 447 31 [2417171]: mask |--------|--------||--------|--------||--------|--------||--------|--------||||--------|--------||--------|--------||--------|--------||--------|----BBBB|  set
cpu-bind=MASK - n2lcn0112, task 296  8 [3751164]: mask |--------|--------||--------|--------||BBBB----|--------||--------|--------||||--------|--------||--------|--------||--------|--------||--------|--------|  set
cpu-bind=MASK - n2lcn0112, task 297  9 [3751165]: mask |--------|--------||--------|--------||----BBBB|--------||--------|--------||||--------|--------||--------|--------||--------|--------||--------|--------|  set
cpu-bind=MASK - n2lcn0112, task 298 10 [3751166]: mask |--------|--------||--------|--------||--------|BBBB----||--------|--------||||--------|--------||--------|--------||--------|--------||--------|--------|  set
cpu-bind=MASK - n2lcn0112, task 299 11 [3751167]: mask |--------|--------||--------|--------||--------|----BBBB||--------|--------||||--------|--------||--------|--------||--------|--------||--------|--------|  set
cpu-bind=MASK - n2lcn0112, task 300 12 [3751168]: mask |--------|--------||--------|--------||--------|--------||BBBB----|--------||||--------|--------||--------|--------||--------|--------||--------|--------|  set
cpu-bind=MASK - n2lcn0112, task 301 13 [3751169]: mask |--------|--------||--------|--------||--------|--------||----BBBB|--------||||--------|--------||--------|--------||--------|--------||--------|--------|  set
cpu-bind=MASK - n2lcn0112, task 302 14 [3751170]: mask |--------|--------||--------|--------||--------|--------||--------|BBBB----||||--------|--------||--------|--------||--------|--------||--------|--------|  set
cpu-bind=MASK - n2lcn0123, task 637 29 [2394454]: mask |--------|--------||--------|--------||--------|--------||--------|--------||||--------|--------||--------|--------||--------|--------||----BBBB|--------|  set
cpu-bind=MASK - n2lcn0123, task 638 30 [2394455]: mask |--------|--------||--------|--------||--------|--------||--------|--------||||--------|--------||--------|--------||--------|--------||--------|BBBB----|  set
cpu-bind=MASK - n2lcn0123, task 639 31 [2394456]: mask |--------|--------||--------|--------||--------|--------||--------|--------||||--------|--------||--------|--------||--------|--------||--------|----BBBB|  set
cpu-bind=MASK - n2lcn0105, task 86 22 [428543]: mask |--------|--------||--------|--------||--------|--------||--------|--------||||--------|--------||--------|BBBB----||--------|--------||--------|--------|  set
cpu-bind=MASK - n2lcn0105, task 87 23 [428544]: mask |--------|--------||--------|--------||--------|--------||--------|--------||||--------|--------||--------|----BBBB||--------|--------||--------|--------|  set
cpu-bind=MASK - n2lcn0105, task 88 24 [428545]: mask |--------|--------||--------|--------||--------|--------||--------|--------||||--------|--------||--------|--------||BBBB----|--------||--------|--------|  set
cpu-bind=MASK - n2lcn0105, task 89 25 [428546]: mask |--------|--------||--------|--------||--------|--------||--------|--------||||--------|--------||--------|--------||----BBBB|--------||--------|--------|  set
cpu-bind=MASK - n2lcn0105, task 90 26 [428547]: mask |--------|--------||--------|--------||--------|--------||--------|--------||||--------|--------||--------|--------||--------|BBBB----||--------|--------|  set
cpu-bind=MASK - n2lcn0105, task 91 27 [428548]: mask |--------|--------||--------|--------||--------|--------||--------|--------||||--------|--------||--------|--------||--------|----BBBB||--------|--------|  set
cpu-bind=MASK - n2lcn0105, task 92 28 [428549]: mask |--------|--------||--------|--------||--------|--------||--------|--------||||--------|--------||--------|--------||--------|--------||BBBB----|--------|  set
cpu-bind=MASK - n2lcn0112, task 303 15 [3751171]: mask |--------|--------||--------|--------||--------|--------||--------|----BBBB||||--------|--------||--------|--------||--------|--------||--------|--------|  set
cpu-bind=MASK - n2lcn0112, task 304 16 [3751172]: mask |--------|--------||--------|--------||--------|--------||--------|--------||||BBBB----|--------||--------|--------||--------|--------||--------|--------|  set
cpu-bind=MASK - n2lcn0112, task 305 17 [3751173]: mask |--------|--------||--------|--------||--------|--------||--------|--------||||----BBBB|--------||--------|--------||--------|--------||--------|--------|  set
cpu-bind=MASK - n2lcn0112, task 306 18 [3751174]: mask |--------|--------||--------|--------||--------|--------||--------|--------||||--------|BBBB----||--------|--------||--------|--------||--------|--------|  set
cpu-bind=MASK - n2lcn0112, task 307 19 [3751175]: mask |--------|--------||--------|--------||--------|--------||--------|--------||||--------|----BBBB||--------|--------||--------|--------||--------|--------|  set
cpu-bind=MASK - n2lcn0112, task 308 20 [3751176]: mask |--------|--------||--------|--------||--------|--------||--------|--------||||--------|--------||BBBB----|--------||--------|--------||--------|--------|  set
cpu-bind=MASK - n2lcn0112, task 309 21 [3751177]: mask |--------|--------||--------|--------||--------|--------||--------|--------||||--------|--------||----BBBB|--------||--------|--------||--------|--------|  set
cpu-bind=MASK - n2lcn0131, task 829 29 [3581975]: mask |--------|--------||--------|--------||--------|--------||--------|--------||||--------|--------||--------|--------||--------|--------||----BBBB|--------|  set
cpu-bind=MASK - n2lcn0131, task 830 30 [3581976]: mask |--------|--------||--------|--------||--------|--------||--------|--------||||--------|--------||--------|--------||--------|--------||--------|BBBB----|  set
cpu-bind=MASK - n2lcn0131, task 831 31 [3581977]: mask |--------|--------||--------|--------||--------|--------||--------|--------||||--------|--------||--------|--------||--------|--------||--------|----BBBB|  set
cpu-bind=MASK - n2lcn0112, task 310 22 [3751178]: mask |--------|--------||--------|--------||--------|--------||--------|--------||||--------|--------||--------|BBBB----||--------|--------||--------|--------|  set
cpu-bind=MASK - n2lcn0112, task 311 23 [3751179]: mask |--------|--------||--------|--------||--------|--------||--------|--------||||--------|--------||--------|----BBBB||--------|--------||--------|--------|  set
cpu-bind=MASK - n2lcn0112, task 312 24 [3751180]: mask |--------|--------||--------|--------||--------|--------||--------|--------||||--------|--------||--------|--------||BBBB----|--------||--------|--------|  set
cpu-bind=MASK - n2lcn0112, task 313 25 [3751181]: mask |--------|--------||--------|--------||--------|--------||--------|--------||||--------|--------||--------|--------||----BBBB|--------||--------|--------|  set
cpu-bind=MASK - n2lcn0112, task 314 26 [3751182]: mask |--------|--------||--------|--------||--------|--------||--------|--------||||--------|--------||--------|--------||--------|BBBB----||--------|--------|  set
cpu-bind=MASK - n2lcn0112, task 315 27 [3751183]: mask |--------|--------||--------|--------||--------|--------||--------|--------||||--------|--------||--------|--------||--------|----BBBB||--------|--------|  set
cpu-bind=MASK - n2lcn0112, task 316 28 [3751184]: mask |--------|--------||--------|--------||--------|--------||--------|--------||||--------|--------||--------|--------||--------|--------||BBBB----|--------|  set
cpu-bind=MASK - n2lcn0105, task 93 29 [428550]: mask |--------|--------||--------|--------||--------|--------||--------|--------||||--------|--------||--------|--------||--------|--------||----BBBB|--------|  set
cpu-bind=MASK - n2lcn0105, task 94 30 [428551]: mask |--------|--------||--------|--------||--------|--------||--------|--------||||--------|--------||--------|--------||--------|--------||--------|BBBB----|  set
cpu-bind=MASK - n2lcn0105, task 95 31 [428552]: mask |--------|--------||--------|--------||--------|--------||--------|--------||||--------|--------||--------|--------||--------|--------||--------|----BBBB|  set
cpu-bind=MASK - n2lcn0112, task 317 29 [3751185]: mask |--------|--------||--------|--------||--------|--------||--------|--------||||--------|--------||--------|--------||--------|--------||----BBBB|--------|  set
cpu-bind=MASK - n2lcn0112, task 318 30 [3751186]: mask |--------|--------||--------|--------||--------|--------||--------|--------||||--------|--------||--------|--------||--------|--------||--------|BBBB----|  set
cpu-bind=MASK - n2lcn0112, task 319 31 [3751187]: mask |--------|--------||--------|--------||--------|--------||--------|--------||||--------|--------||--------|--------||--------|--------||--------|----BBBB|  set
[n2lcn0119:3881795] MCW rank 533 bound to socket 1[core 84[hwt 0]]: [./././././././././././././././././././././././././././././././././././././././././././././././././././././././././././././././.][././././././././././././././././././././B/././././././././././././././././././././././././././././././././././././././././././.]
[n2lcn0119:3881795] MCW rank 533 bound to socket 1[core 84[hwt 0]]: [./././././././././././././././././././././././././././././././././././././././././././././././././././././././././././././././.][././././././././././././././././././././B/././././././././././././././././././././././././././././././././././././././././././.]
[n2lcn0119:3881800] MCW rank 538 bound to socket 1[core 104[hwt 0]]: [./././././././././././././././././././././././././././././././././././././././././././././././././././././././././././././././.][././././././././././././././././././././././././././././././././././././././././B/././././././././././././././././././././././.]
[n2lcn0119:3881801] MCW rank 539 bound to socket 1[core 108[hwt 0]]: [./././././././././././././././././././././././././././././././././././././././././././././././././././././././././././././././.][././././././././././././././././././././././././././././././././././././././././././././B/././././././././././././././././././.]
[n2lcn0119:3881801] MCW rank 539 bound to socket 1[core 108[hwt 0]]: [./././././././././././././././././././././././././././././././././././././././././././././././././././././././././././././././.][././././././././././././././././././././././././././././././././././././././././././././B/././././././././././././././././././.]
[n2lcn0119:3881800] MCW rank 538 bound to socket 1[core 104[hwt 0]]: [./././././././././././././././././././././././././././././././././././././././././././././././././././././././././././././././.][././././././././././././././././././././././././././././././././././././././././B/././././././././././././././././././././././.]
[n2lcn0118:1191065] MCW rank 498 bound to socket 1[core 72[hwt 0]]: [./././././././././././././././././././././././././././././././././././././././././././././././././././././././././././././././.][././././././././B/././././././././././././././././././././././././././././././././././././././././././././././././././././././.]
[n2lcn0118:1191065] MCW rank 498 bound to socket 1[core 72[hwt 0]]: [./././././././././././././././././././././././././././././././././././././././././././././././././././././././././././././././.][././././././././B/././././././././././././././././././././././././././././././././././././././././././././././././././././././.]
[n2lcn0108.ab2021.local:2664641] MCW rank 188 bound to socket 1[core 112[hwt 0]]: [./././././././././././././././././././././././././././././././././././././././././././././././././././././././././././././././.][././././././././././././././././././././././././././././././././././././././././././././././././B/././././././././././././././.]
[n2lcn0108.ab2021.local:2664641] MCW rank 188 bound to socket 1[core 112[hwt 0]]: [./././././././././././././././././././././././././././././././././././././././././././././././././././././././././././././././.][././././././././././././././././././././././././././././././././././././././././././././././././B/././././././././././././././.]
[n2lcn0108.ab2021.local:2664642] MCW rank 189 bound to socket 1[core 116[hwt 0]]: [./././././././././././././././././././././././././././././././././././././././././././././././././././././././././././././././.][././././././././././././././././././././././././././././././././././././././././././././././././././././B/././././././././././.]
[n2lcn0108.ab2021.local:2664642] MCW rank 189 bound to socket 1[core 116[hwt 0]]: [./././././././././././././././././././././././././././././././././././././././././././././././././././././././././././././././.][././././././././././././././././././././././././././././././././././././././././././././././././././././B/././././././././././.]
[n2lcn0133.ab2021.local:827362] MCW rank 892 bound to socket 1[core 112[hwt 0]]: [./././././././././././././././././././././././././././././././././././././././././././././././././././././././././././././././.][././././././././././././././././././././././././././././././././././././././././././././././././B/././././././././././././././.]
[n2lcn0133.ab2021.local:827362] MCW rank 892 bound to socket 1[core 112[hwt 0]]: [./././././././././././././././././././././././././././././././././././././././././././././././././././././././././././././././.][././././././././././././././././././././././././././././././././././././././././././././././././B/././././././././././././././.]
[n2lcn0121:2576015] MCW rank 558 bound to socket 0[core 56[hwt 0]]: [././././././././././././././././././././././././././././././././././././././././././././././././././././././././B/././././././.][./././././././././././././././././././././././././././././././././././././././././././././././././././././././././././././././.]
[n2lcn0121:2576015] MCW rank 558 bound to socket 0[core 56[hwt 0]]: [././././././././././././././././././././././././././././././././././././././././././././././././././././././././B/././././././.][./././././././././././././././././././././././././././././././././././././././././././././././././././././././././././././././.]
[n2lcn0113:1395330] MCW rank 338 bound to socket 1[core 72[hwt 0]]: [./././././././././././././././././././././././././././././././././././././././././././././././././././././././././././././././.][././././././././B/././././././././././././././././././././././././././././././././././././././././././././././././././././././.]
[n2lcn0113:1395330] MCW rank 338 bound to socket 1[core 72[hwt 0]]: [./././././././././././././././././././././././././././././././././././././././././././././././././././././././././././././././.][././././././././B/././././././././././././././././././././././././././././././././././././././././././././././././././././././.]
[n2lcn0113:1395331] MCW rank 339 bound to socket 1[core 76[hwt 0]]: [./././././././././././././././././././././././././././././././././././././././././././././././././././././././././././././././.][././././././././././././B/././././././././././././././././././././././././././././././././././././././././././././././././././.]
[n2lcn0113:1395331] MCW rank 339 bound to socket 1[core 76[hwt 0]]: [./././././././././././././././././././././././././././././././././././././././././././././././././././././././././././././././.][././././././././././././B/././././././././././././././././././././././././././././././././././././././././././././././././././.]
[n2lcn0114.ab2021.local:3773594] MCW rank 359 bound to socket 0[core 28[hwt 0]]: [././././././././././././././././././././././././././././B/././././././././././././././././././././././././././././././././././.][./././././././././././././././././././././././././././././././././././././././././././././././././././././././././././././././.]
[n2lcn0114.ab2021.local:3773594] MCW rank 359 bound to socket 0[core 28[hwt 0]]: [././././././././././././././././././././././././././././B/././././././././././././././././././././././././././././././././././.][./././././././././././././././././././././././././././././././././././././././././././././././././././././././././././././././.]
[n2lcn0119:3881779] MCW rank 517 bound to socket 0[core 20[hwt 0]]: [././././././././././././././././././././B/././././././././././././././././././././././././././././././././././././././././././.][./././././././././././././././././././././././././././././././././././././././././././././././././././././././././././././././.]
[n2lcn0118:1191071] MCW rank 504 bound to socket 1[core 96[hwt 0]]: [./././././././././././././././././././././././././././././././././././././././././././././././././././././././././././././././.][././././././././././././././././././././././././././././././././B/././././././././././././././././././././././././././././././.]
[n2lcn0119:3881779] MCW rank 517 bound to socket 0[core 20[hwt 0]]: [././././././././././././././././././././B/././././././././././././././././././././././././././././././././././././././././././.][./././././././././././././././././././././././././././././././././././././././././././././././././././././././././././././././.]
[n2lcn0118:1191071] MCW rank 504 bound to socket 1[core 96[hwt 0]]: [./././././././././././././././././././././././././././././././././././././././././././././././././././././././././././././././.][././././././././././././././././././././././././././././././././B/././././././././././././././././././././././././././././././.]
[n2lcn0136:1666979] MCW rank 977 bound to socket 1[core 68[hwt 0]]: [./././././././././././././././././././././././././././././././././././././././././././././././././././././././././././././././.][././././B/././././././././././././././././././././././././././././././././././././././././././././././././././././././././././.]
[n2lcn0136:1666979] MCW rank 977 bound to socket 1[core 68[hwt 0]]: [./././././././././././././././././././././././././././././././././././././././././././././././././././././././././././././././.][././././B/././././././././././././././././././././././././././././././././././././././././././././././././././././././././././.]
[n2lcn0118:1191049] MCW rank 482 bound to socket 0[core 8[hwt 0]]: [././././././././B/././././././././././././././././././././././././././././././././././././././././././././././././././././././.][./././././././././././././././././././././././././././././././././././././././././././././././././././././././././././././././.]
[n2lcn0118:1191049] MCW rank 482 bound to socket 0[core 8[hwt 0]]: [././././././././B/././././././././././././././././././././././././././././././././././././././././././././././././././././././.][./././././././././././././././././././././././././././././././././././././././././././././././././././././././././././././././.]
[n2lcn0133.ab2021.local:827357] MCW rank 887 bound to socket 1[core 92[hwt 0]]: [./././././././././././././././././././././././././././././././././././././././././././././././././././././././././././././././.][././././././././././././././././././././././././././././B/././././././././././././././././././././././././././././././././././.]
[n2lcn0133.ab2021.local:827357] MCW rank 887 bound to socket 1[core 92[hwt 0]]: [./././././././././././././././././././././././././././././././././././././././././././././././././././././././././././././././.][././././././././././././././././././././././././././././B/././././././././././././././././././././././././././././././././././.]
[n2lcn0133.ab2021.local:827361] MCW rank 891 bound to socket 1[core 108[hwt 0]]: [./././././././././././././././././././././././././././././././././././././././././././././././././././././././././././././././.][././././././././././././././././././././././././././././././././././././././././././././B/././././././././././././././././././.]
[n2lcn0133.ab2021.local:827361] MCW rank 891 bound to socket 1[core 108[hwt 0]]: [./././././././././././././././././././././././././././././././././././././././././././././././././././././././././././././././.][././././././././././././././././././././././././././././././././././././././././././././B/././././././././././././././././././.]
[n2lcn0122:2001556] MCW rank 585 bound to socket 0[core 36[hwt 0]]: [././././././././././././././././././././././././././././././././././././B/././././././././././././././././././././././././././.][./././././././././././././././././././././././././././././././././././././././././././././././././././././././././././././././.]
[n2lcn0122:2001556] MCW rank 585 bound to socket 0[core 36[hwt 0]]: [././././././././././././././././././././././././././././././././././././B/././././././././././././././././././././././././././.][./././././././././././././././././././././././././././././././././././././././././././././././././././././././././././././././.]
[n2lcn0122:2001555] MCW rank 584 bound to socket 0[core 32[hwt 0]]: [././././././././././././././././././././././././././././././././B/././././././././././././././././././././././././././././././.][./././././././././././././././././././././././././././././././././././././././././././././././././././././././././././././././.]
[n2lcn0122:2001555] MCW rank 584 bound to socket 0[core 32[hwt 0]]: [././././././././././././././././././././././././././././././././B/././././././././././././././././././././././././././././././.][./././././././././././././././././././././././././././././././././././././././././././././././././././././././././././././././.]
[n2lcn0108.ab2021.local:2664620] MCW rank 167 bound to socket 0[core 28[hwt 0]]: [././././././././././././././././././././././././././././B/././././././././././././././././././././././././././././././././././.][./././././././././././././././././././././././././././././././././././././././././././././././././././././././././././././././.]
[n2lcn0108.ab2021.local:2664624] MCW rank 171 bound to socket 0[core 44[hwt 0]]: [././././././././././././././././././././././././././././././././././././././././././././B/././././././././././././././././././.][./././././././././././././././././././././././././././././././././././././././././././././././././././././././././././././././.]
[n2lcn0108.ab2021.local:2664620] MCW rank 167 bound to socket 0[core 28[hwt 0]]: [././././././././././././././././././././././././././././B/././././././././././././././././././././././././././././././././././.][./././././././././././././././././././././././././././././././././././././././././././././././././././././././././././././././.]
[n2lcn0108.ab2021.local:2664624] MCW rank 171 bound to socket 0[core 44[hwt 0]]: [././././././././././././././././././././././././././././././././././././././././././././B/././././././././././././././././././.][./././././././././././././././././././././././././././././././././././././././././././././././././././././././././././././././.]
[n2lcn0121:2576016] MCW rank 559 bound to socket 0[core 60[hwt 0]]: [././././././././././././././././././././././././././././././././././././././././././././././././././././././././././././B/././.][./././././././././././././././././././././././././././././././././././././././././././././././././././././././././././././././.]
[n2lcn0121:2576016] MCW rank 559 bound to socket 0[core 60[hwt 0]]: [././././././././././././././././././././././././././././././././././././././././././././././././././././././././././././B/././.][./././././././././././././././././././././././././././././././././././././././././././././././././././././././././././././././.]
[n2lcn0121:2576010] MCW rank 553 bound to socket 0[core 36[hwt 0]]: [././././././././././././././././././././././././././././././././././././B/././././././././././././././././././././././././././.][./././././././././././././././././././././././././././././././././././././././././././././././././././././././././././././././.]
[n2lcn0121:2576010] MCW rank 553 bound to socket 0[core 36[hwt 0]]: [././././././././././././././././././././././././././././././././././././B/././././././././././././././././././././././././././.][./././././././././././././././././././././././././././././././././././././././././././././././././././././././././././././././.]
[n2lcn0114.ab2021.local:3773593] MCW rank 358 bound to socket 0[core 24[hwt 0]]: [././././././././././././././././././././././././B/././././././././././././././././././././././././././././././././././././././.][./././././././././././././././././././././././././././././././././././././././././././././././././././././././././././././././.]
[n2lcn0114.ab2021.local:3773593] MCW rank 358 bound to socket 0[core 24[hwt 0]]: [././././././././././././././././././././././././B/././././././././././././././././././././././././././././././././././././././.][./././././././././././././././././././././././././././././././././././././././././././././././././././././././././././././././.]
[n2lcn0114.ab2021.local:3773600] MCW rank 365 bound to socket 0[core 52[hwt 0]]: [././././././././././././././././././././././././././././././././././././././././././././././././././././B/././././././././././.][./././././././././././././././././././././././././././././././././././././././././././././././././././././././././././././././.]
[n2lcn0114.ab2021.local:3773600] MCW rank 365 bound to socket 0[core 52[hwt 0]]: [././././././././././././././././././././././././././././././././././././././././././././././././././././B/././././././././././.][./././././././././././././././././././././././././././././././././././././././././././././././././././././././././././././././.]
[n2lcn0121:2576018] MCW rank 561 bound to socket 1[core 68[hwt 0]]: [./././././././././././././././././././././././././././././././././././././././././././././././././././././././././././././././.][././././B/././././././././././././././././././././././././././././././././././././././././././././././././././././././././././.]
[n2lcn0121:2576022] MCW rank 565 bound to socket 1[core 84[hwt 0]]: [./././././././././././././././././././././././././././././././././././././././././././././././././././././././././././././././.][././././././././././././././././././././B/././././././././././././././././././././././././././././././././././././././././././.]
[n2lcn0121:2576021] MCW rank 564 bound to socket 1[core 80[hwt 0]]: [./././././././././././././././././././././././././././././././././././././././././././././././././././././././././././././././.][././././././././././././././././B/././././././././././././././././././././././././././././././././././././././././././././././.]
[n2lcn0121:2576022] MCW rank 565 bound to socket 1[core 84[hwt 0]]: [./././././././././././././././././././././././././././././././././././././././././././././././././././././././././././././././.][././././././././././././././././././././B/././././././././././././././././././././././././././././././././././././././././././.]
[n2lcn0114.ab2021.local:3773614] MCW rank 379 bound to socket 1[core 108[hwt 0]]: [./././././././././././././././././././././././././././././././././././././././././././././././././././././././././././././././.][././././././././././././././././././././././././././././././././././././././././././././B/././././././././././././././././././.]
[n2lcn0121:2576018] MCW rank 561 bound to socket 1[core 68[hwt 0]]: [./././././././././././././././././././././././././././././././././././././././././././././././././././././././././././././././.][././././B/././././././././././././././././././././././././././././././././././././././././././././././././././././././././././.]
[n2lcn0121:2576021] MCW rank 564 bound to socket 1[core 80[hwt 0]]: [./././././././././././././././././././././././././././././././././././././././././././././././././././././././././././././././.][././././././././././././././././B/././././././././././././././././././././././././././././././././././././././././././././././.]
[n2lcn0114.ab2021.local:3773614] MCW rank 379 bound to socket 1[core 108[hwt 0]]: [./././././././././././././././././././././././././././././././././././././././././././././././././././././././././././././././.][././././././././././././././././././././././././././././././././././././././././././././B/././././././././././././././././././.]
[n2lcn0108.ab2021.local:2664619] MCW rank 166 bound to socket 0[core 24[hwt 0]]: [././././././././././././././././././././././././B/././././././././././././././././././././././././././././././././././././././.][./././././././././././././././././././././././././././././././././././././././././././././././././././././././././././././././.]
[n2lcn0108.ab2021.local:2664619] MCW rank 166 bound to socket 0[core 24[hwt 0]]: [././././././././././././././././././././././././B/././././././././././././././././././././././././././././././././././././././.][./././././././././././././././././././././././././././././././././././././././././././././././././././././././././././././././.]
[n2lcn0108.ab2021.local:2664636] MCW rank 183 bound to socket 1[core 92[hwt 0]]: [./././././././././././././././././././././././././././././././././././././././././././././././././././././././././././././././.][././././././././././././././././././././././././././././B/././././././././././././././././././././././././././././././././././.]
[n2lcn0108.ab2021.local:2664636] MCW rank 183 bound to socket 1[core 92[hwt 0]]: [./././././././././././././././././././././././././././././././././././././././././././././././././././././././././././././././.][././././././././././././././././././././././././././././B/././././././././././././././././././././././././././././././././././.]
[n2lcn0118:1191074] MCW rank 507 bound to socket 1[core 108[hwt 0]]: [./././././././././././././././././././././././././././././././././././././././././././././././././././././././././././././././.][././././././././././././././././././././././././././././././././././././././././././././B/././././././././././././././././././.]
[n2lcn0118:1191074] MCW rank 507 bound to socket 1[core 108[hwt 0]]: [./././././././././././././././././././././././././././././././././././././././././././././././././././././././././././././././.][././././././././././././././././././././././././././././././././././././././././././././B/././././././././././././././././././.]
[n2lcn0118:1191054] MCW rank 487 bound to socket 0[core 28[hwt 0]]: [././././././././././././././././././././././././././././B/././././././././././././././././././././././././././././././././././.][./././././././././././././././././././././././././././././././././././././././././././././././././././././././././././././././.]
[n2lcn0118:1191054] MCW rank 487 bound to socket 0[core 28[hwt 0]]: [././././././././././././././././././././././././././././B/././././././././././././././././././././././././././././././././././.][./././././././././././././././././././././././././././././././././././././././././././././././././././././././././././././././.]
[n2lcn0113:1395318] MCW rank 326 bound to socket 0[core 24[hwt 0]]: [././././././././././././././././././././././././B/././././././././././././././././././././././././././././././././././././././.][./././././././././././././././././././././././././././././././././././././././././././././././././././././././././././././././.]
[n2lcn0113:1395318] MCW rank 326 bound to socket 0[core 24[hwt 0]]: [././././././././././././././././././././././././B/././././././././././././././././././././././././././././././././././././././.][./././././././././././././././././././././././././././././././././././././././././././././././././././././././././././././././.]
[n2lcn0119:3881799] MCW rank 537 bound to socket 1[core 100[hwt 0]]: [./././././././././././././././././././././././././././././././././././././././././././././././././././././././././././././././.][././././././././././././././././././././././././././././././././././././B/././././././././././././././././././././././././././.]
[n2lcn0119:3881799] MCW rank 537 bound to socket 1[core 100[hwt 0]]: [./././././././././././././././././././././././././././././././././././././././././././././././././././././././././././././././.][././././././././././././././././././././././././././././././././././././B/././././././././././././././././././././././././././.]
[n2lcn0121:2576024] MCW rank 567 bound to socket 1[core 92[hwt 0]]: [./././././././././././././././././././././././././././././././././././././././././././././././././././././././././././././././.][././././././././././././././././././././././././././././B/././././././././././././././././././././././././././././././././././.]
[n2lcn0121:2576024] MCW rank 567 bound to socket 1[core 92[hwt 0]]: [./././././././././././././././././././././././././././././././././././././././././././././././././././././././././././././././.][././././././././././././././././././././././././././././B/././././././././././././././././././././././././././././././././././.]
[n2lcn0108.ab2021.local:2664638] MCW rank 185 bound to socket 1[core 100[hwt 0]]: [./././././././././././././././././././././././././././././././././././././././././././././././././././././././././././././././.][././././././././././././././././././././././././././././././././././././B/././././././././././././././././././././././././././.]
[n2lcn0121:2576013] MCW rank 556 bound to socket 0[core 48[hwt 0]]: [././././././././././././././././././././././././././././././././././././././././././././././././B/././././././././././././././.][./././././././././././././././././././././././././././././././././././././././././././././././././././././././././././././././.]
[n2lcn0108.ab2021.local:2664638] MCW rank 185 bound to socket 1[core 100[hwt 0]]: [./././././././././././././././././././././././././././././././././././././././././././././././././././././././././././././././.][././././././././././././././././././././././././././././././././././././B/././././././././././././././././././././././././././.]
[n2lcn0121:2576013] MCW rank 556 bound to socket 0[core 48[hwt 0]]: [././././././././././././././././././././././././././././././././././././././././././././././././B/././././././././././././././.][./././././././././././././././././././././././././././././././././././././././././././././././././././././././././././././././.]
[n2lcn0122:2001551] MCW rank 580 bound to socket 0[core 16[hwt 0]]: [././././././././././././././././B/././././././././././././././././././././././././././././././././././././././././././././././.][./././././././././././././././././././././././././././././././././././././././././././././././././././././././././././././././.]
[n2lcn0122:2001552] MCW rank 581 bound to socket 0[core 20[hwt 0]]: [././././././././././././././././././././B/././././././././././././././././././././././././././././././././././././././././././.][./././././././././././././././././././././././././././././././././././././././././././././././././././././././././././././././.]
[n2lcn0122:2001551] MCW rank 580 bound to socket 0[core 16[hwt 0]]: [././././././././././././././././B/././././././././././././././././././././././././././././././././././././././././././././././.][./././././././././././././././././././././././././././././././././././././././././././././././././././././././././././././././.]
[n2lcn0122:2001552] MCW rank 581 bound to socket 0[core 20[hwt 0]]: [././././././././././././././././././././B/././././././././././././././././././././././././././././././././././././././././././.][./././././././././././././././././././././././././././././././././././././././././././././././././././././././././././././././.]
[n2lcn0122:2001559] MCW rank 588 bound to socket 0[core 48[hwt 0]]: [././././././././././././././././././././././././././././././././././././././././././././././././B/././././././././././././././.][./././././././././././././././././././././././././././././././././././././././././././././././././././././././././././././././.]
[n2lcn0122:2001559] MCW rank 588 bound to socket 0[core 48[hwt 0]]: [././././././././././././././././././././././././././././././././././././././././././././././././B/././././././././././././././.][./././././././././././././././././././././././././././././././././././././././././././././././././././././././././././././././.]
[n2lcn0122:2001577] MCW rank 606 bound to socket 1[core 120[hwt 0]]: [./././././././././././././././././././././././././././././././././././././././././././././././././././././././././././././././.][././././././././././././././././././././././././././././././././././././././././././././././././././././././././B/././././././.]
[n2lcn0122:2001577] MCW rank 606 bound to socket 1[core 120[hwt 0]]: [./././././././././././././././././././././././././././././././././././././././././././././././././././././././././././././././.][././././././././././././././././././././././././././././././././././././././././././././././././././././././././B/././././././.]
[n2lcn0119:3881798] MCW rank 536 bound to socket 1[core 96[hwt 0]]: [./././././././././././././././././././././././././././././././././././././././././././././././././././././././././././././././.][././././././././././././././././././././././././././././././././B/././././././././././././././././././././././././././././././.]
[n2lcn0119:3881798] MCW rank 536 bound to socket 1[core 96[hwt 0]]: [./././././././././././././././././././././././././././././././././././././././././././././././././././././././././././././././.][././././././././././././././././././././././././././././././././B/././././././././././././././././././././././././././././././.]
[n2lcn0132:511968] MCW rank 848 bound to socket 1[core 64[hwt 0]]: [./././././././././././././././././././././././././././././././././././././././././././././././././././././././././././././././.][B/././././././././././././././././././././././././././././././././././././././././././././././././././././././././././././././.]
[n2lcn0132:511968] MCW rank 848 bound to socket 1[core 64[hwt 0]]: [./././././././././././././././././././././././././././././././././././././././././././././././././././././././././././././././.][B/././././././././././././././././././././././././././././././././././././././././././././././././././././././././././././././.]
[n2lcn0133.ab2021.local:827363] MCW rank 893 bound to socket 1[core 116[hwt 0]]: [./././././././././././././././././././././././././././././././././././././././././././././././././././././././././././././././.][././././././././././././././././././././././././././././././././././././././././././././././././././././B/././././././././././.]
[n2lcn0119:3881796] MCW rank 534 bound to socket 1[core 88[hwt 0]]: [./././././././././././././././././././././././././././././././././././././././././././././././././././././././././././././././.][././././././././././././././././././././././././B/././././././././././././././././././././././././././././././././././././././.]
[n2lcn0133.ab2021.local:827363] MCW rank 893 bound to socket 1[core 116[hwt 0]]: [./././././././././././././././././././././././././././././././././././././././././././././././././././././././././././././././.][././././././././././././././././././././././././././././././././././././././././././././././././././././B/././././././././././.]
[n2lcn0119:3881796] MCW rank 534 bound to socket 1[core 88[hwt 0]]: [./././././././././././././././././././././././././././././././././././././././././././././././././././././././././././././././.][././././././././././././././././././././././././B/././././././././././././././././././././././././././././././././././././././.]
[n2lcn0133.ab2021.local:827335] MCW rank 865 bound to socket 0[core 4[hwt 0]]: [././././B/././././././././././././././././././././././././././././././././././././././././././././././././././././././././././.][./././././././././././././././././././././././././././././././././././././././././././././././././././././././././././././././.]
[n2lcn0133.ab2021.local:827335] MCW rank 865 bound to socket 0[core 4[hwt 0]]: [././././B/././././././././././././././././././././././././././././././././././././././././././././././././././././././././././.][./././././././././././././././././././././././././././././././././././././././././././././././././././././././././././././././.]
[n2lcn0118:1191070] MCW rank 503 bound to socket 1[core 92[hwt 0]]: [./././././././././././././././././././././././././././././././././././././././././././././././././././././././././././././././.][././././././././././././././././././././././././././././B/././././././././././././././././././././././././././././././././././.]
[n2lcn0118:1191070] MCW rank 503 bound to socket 1[core 92[hwt 0]]: [./././././././././././././././././././././././././././././././././././././././././././././././././././././././././././././././.][././././././././././././././././././././././././././././B/././././././././././././././././././././././././././././././././././.]
[n2lcn0133.ab2021.local:827337] MCW rank 867 bound to socket 0[core 12[hwt 0]]: [././././././././././././B/././././././././././././././././././././././././././././././././././././././././././././././././././.][./././././././././././././././././././././././././././././././././././././././././././././././././././././././././././././././.]
[n2lcn0121:2576029] MCW rank 572 bound to socket 1[core 112[hwt 0]]: [./././././././././././././././././././././././././././././././././././././././././././././././././././././././././././././././.][././././././././././././././././././././././././././././././././././././././././././././././././B/././././././././././././././.]
[n2lcn0133.ab2021.local:827337] MCW rank 867 bound to socket 0[core 12[hwt 0]]: [././././././././././././B/././././././././././././././././././././././././././././././././././././././././././././././././././.][./././././././././././././././././././././././././././././././././././././././././././././././././././././././././././././././.]
[n2lcn0121:2576029] MCW rank 572 bound to socket 1[core 112[hwt 0]]: [./././././././././././././././././././././././././././././././././././././././././././././././././././././././././././././././.][././././././././././././././././././././././././././././././././././././././././././././././././B/././././././././././././././.]
[n2lcn0121:2576014] MCW rank 557 bound to socket 0[core 52[hwt 0]]: [././././././././././././././././././././././././././././././././././././././././././././././././././././B/././././././././././.][./././././././././././././././././././././././././././././././././././././././././././././././././././././././././././././././.]
[n2lcn0121:2576014] MCW rank 557 bound to socket 0[core 52[hwt 0]]: [././././././././././././././././././././././././././././././././././././././././././././././././././././B/././././././././././.][./././././././././././././././././././././././././././././././././././././././././././././././././././././././././././././././.]
[n2lcn0113:1395333] MCW rank 341 bound to socket 1[core 84[hwt 0]]: [./././././././././././././././././././././././././././././././././././././././././././././././././././././././././././././././.][././././././././././././././././././././B/././././././././././././././././././././././././././././././././././././././././././.]
[n2lcn0113:1395335] MCW rank 343 bound to socket 1[core 92[hwt 0]]: [./././././././././././././././././././././././././././././././././././././././././././././././././././././././././././././././.][././././././././././././././././././././././././././././B/././././././././././././././././././././././././././././././././././.]
[n2lcn0113:1395333] MCW rank 341 bound to socket 1[core 84[hwt 0]]: [./././././././././././././././././././././././././././././././././././././././././././././././././././././././././././././././.][././././././././././././././././././././B/././././././././././././././././././././././././././././././././././././././././././.]
[n2lcn0113:1395335] MCW rank 343 bound to socket 1[core 92[hwt 0]]: [./././././././././././././././././././././././././././././././././././././././././././././././././././././././././././././././.][././././././././././././././././././././././././././././B/././././././././././././././././././././././././././././././././././.]
[n2lcn0111.ab2021.local:792557] MCW rank 270 bound to socket 0[core 56[hwt 0]]: [././././././././././././././././././././././././././././././././././././././././././././././././././././././././B/././././././.][./././././././././././././././././././././././././././././././././././././././././././././././././././././././././././././././.]
[n2lcn0111.ab2021.local:792557] MCW rank 270 bound to socket 0[core 56[hwt 0]]: [././././././././././././././././././././././././././././././././././././././././././././././././././././././././B/././././././.][./././././././././././././././././././././././././././././././././././././././././././././././././././././././././././././././.]
[n2lcn0111.ab2021.local:792558] MCW rank 271 bound to socket 0[core 60[hwt 0]]: [././././././././././././././././././././././././././././././././././././././././././././././././././././././././././././B/././.][./././././././././././././././././././././././././././././././././././././././././././././././././././././././././././././././.]
[n2lcn0111.ab2021.local:792558] MCW rank 271 bound to socket 0[core 60[hwt 0]]: [././././././././././././././././././././././././././././././././././././././././././././././././././././././././././././B/././.][./././././././././././././././././././././././././././././././././././././././././././././././././././././././././././././././.]
[n2lcn0118:1191062] MCW rank 495 bound to socket 0[core 60[hwt 0]]: [././././././././././././././././././././././././././././././././././././././././././././././././././././././././././././B/././.][./././././././././././././././././././././././././././././././././././././././././././././././././././././././././././././././.]
[n2lcn0133.ab2021.local:827351] MCW rank 881 bound to socket 1[core 68[hwt 0]]: [./././././././././././././././././././././././././././././././././././././././././././././././././././././././././././././././.][././././B/././././././././././././././././././././././././././././././././././././././././././././././././././././././././././.]
[n2lcn0118:1191057] MCW rank 490 bound to socket 0[core 40[hwt 0]]: [././././././././././././././././././././././././././././././././././././././././B/././././././././././././././././././././././.][./././././././././././././././././././././././././././././././././././././././././././././././././././././././././././././././.]
[n2lcn0118:1191062] MCW rank 495 bound to socket 0[core 60[hwt 0]]: [././././././././././././././././././././././././././././././././././././././././././././././././././././././././././././B/././.][./././././././././././././././././././././././././././././././././././././././././././././././././././././././././././././././.]
[n2lcn0118:1191057] MCW rank 490 bound to socket 0[core 40[hwt 0]]: [././././././././././././././././././././././././././././././././././././././././B/././././././././././././././././././././././.][./././././././././././././././././././././././././././././././././././././././././././././././././././././././././././././././.]
[n2lcn0118:1191061] MCW rank 494 bound to socket 0[core 56[hwt 0]]: [././././././././././././././././././././././././././././././././././././././././././././././././././././././././B/././././././.][./././././././././././././././././././././././././././././././././././././././././././././././././././././././././././././././.]
[n2lcn0133.ab2021.local:827351] MCW rank 881 bound to socket 1[core 68[hwt 0]]: [./././././././././././././././././././././././././././././././././././././././././././././././././././././././././././././././.][././././B/././././././././././././././././././././././././././././././././././././././././././././././././././././././././././.]
[n2lcn0118:1191061] MCW rank 494 bound to socket 0[core 56[hwt 0]]: [././././././././././././././././././././././././././././././././././././././././././././././././././././././././B/././././././.][./././././././././././././././././././././././././././././././././././././././././././././././././././././././././././././././.]
[n2lcn0108.ab2021.local:2664643] MCW rank 190 bound to socket 1[core 120[hwt 0]]: [./././././././././././././././././././././././././././././././././././././././././././././././././././././././././././././././.][././././././././././././././././././././././././././././././././././././././././././././././././././././././././B/././././././.]
[n2lcn0114.ab2021.local:3773599] MCW rank 364 bound to socket 0[core 48[hwt 0]]: [././././././././././././././././././././././././././././././././././././././././././././././././B/././././././././././././././.][./././././././././././././././././././././././././././././././././././././././././././././././././././././././././././././././.]
[n2lcn0121:2576032] MCW rank 575 bound to socket 1[core 124[hwt 0]]: [./././././././././././././././././././././././././././././././././././././././././././././././././././././././././././././././.][././././././././././././././././././././././././././././././././././././././././././././././././././././././././././././B/././.]
[n2lcn0108.ab2021.local:2664643] MCW rank 190 bound to socket 1[core 120[hwt 0]]: [./././././././././././././././././././././././././././././././././././././././././././././././././././././././././././././././.][././././././././././././././././././././././././././././././././././././././././././././././././././././././././B/././././././.]
[n2lcn0121:2576032] MCW rank 575 bound to socket 1[core 124[hwt 0]]: [./././././././././././././././././././././././././././././././././././././././././././././././././././././././././././././././.][././././././././././././././././././././././././././././././././././././././././././././././././././././././././././././B/././.]
[n2lcn0114.ab2021.local:3773599] MCW rank 364 bound to socket 0[core 48[hwt 0]]: [././././././././././././././././././././././././././././././././././././././././././././././././B/././././././././././././././.][./././././././././././././././././././././././././././././././././././././././././././././././././././././././././././././././.]
[n2lcn0121:2576003] MCW rank 546 bound to socket 0[core 8[hwt 0]]: [././././././././B/././././././././././././././././././././././././././././././././././././././././././././././././././././././.][./././././././././././././././././././././././././././././././././././././././././././././././././././././././././././././././.]
[n2lcn0121:2576003] MCW rank 546 bound to socket 0[core 8[hwt 0]]: [././././././././B/././././././././././././././././././././././././././././././././././././././././././././././././././././././.][./././././././././././././././././././././././././././././././././././././././././././././././././././././././././././././././.]
[n2lcn0122:2001569] MCW rank 598 bound to socket 1[core 88[hwt 0]]: [./././././././././././././././././././././././././././././././././././././././././././././././././././././././././././././././.][././././././././././././././././././././././././B/././././././././././././././././././././././././././././././././././././././.]
[n2lcn0114.ab2021.local:3773615] MCW rank 380 bound to socket 1[core 112[hwt 0]]: [./././././././././././././././././././././././././././././././././././././././././././././././././././././././././././././././.][././././././././././././././././././././././././././././././././././././././././././././././././B/././././././././././././././.]
[n2lcn0114.ab2021.local:3773615] MCW rank 380 bound to socket 1[core 112[hwt 0]]: [./././././././././././././././././././././././././././././././././././././././././././././././././././././././././././././././.][././././././././././././././././././././././././././././././././././././././././././././././././B/././././././././././././././.]
[n2lcn0114.ab2021.local:3773597] MCW rank 362 bound to socket 0[core 40[hwt 0]]: [././././././././././././././././././././././././././././././././././././././././B/././././././././././././././././././././././.][./././././././././././././././././././././././././././././././././././././././././././././././././././././././././././././././.]
[n2lcn0114.ab2021.local:3773597] MCW rank 362 bound to socket 0[core 40[hwt 0]]: [././././././././././././././././././././././././././././././././././././././././B/././././././././././././././././././././././.][./././././././././././././././././././././././././././././././././././././././././././././././././././././././././././././././.]
[n2lcn0122:2001574] MCW rank 603 bound to socket 1[core 108[hwt 0]]: [./././././././././././././././././././././././././././././././././././././././././././././././././././././././././././././././.][././././././././././././././././././././././././././././././././././././././././././././B/././././././././././././././././././.]
[n2lcn0122:2001569] MCW rank 598 bound to socket 1[core 88[hwt 0]]: [./././././././././././././././././././././././././././././././././././././././././././././././././././././././././././././././.][././././././././././././././././././././././././B/././././././././././././././././././././././././././././././././././././././.]
[n2lcn0122:2001574] MCW rank 603 bound to socket 1[core 108[hwt 0]]: [./././././././././././././././././././././././././././././././././././././././././././././././././././././././././././././././.][././././././././././././././././././././././././././././././././././././././././././././B/././././././././././././././././././.]
[n2lcn0122:2001572] MCW rank 601 bound to socket 1[core 100[hwt 0]]: [./././././././././././././././././././././././././././././././././././././././././././././././././././././././././././././././.][././././././././././././././././././././././././././././././././././././B/././././././././././././././././././././././././././.]
[n2lcn0122:2001572] MCW rank 601 bound to socket 1[core 100[hwt 0]]: [./././././././././././././././././././././././././././././././././././././././././././././././././././././././././././././././.][././././././././././././././././././././././././././././././././././././B/././././././././././././././././././././././././././.]
[n2lcn0119:3881802] MCW rank 540 bound to socket 1[core 112[hwt 0]]: [./././././././././././././././././././././././././././././././././././././././././././././././././././././././././././././././.][././././././././././././././././././././././././././././././././././././././././././././././././B/././././././././././././././.]
[n2lcn0114.ab2021.local:3773616] MCW rank 381 bound to socket 1[core 116[hwt 0]]: [./././././././././././././././././././././././././././././././././././././././././././././././././././././././././././././././.][././././././././././././././././././././././././././././././././././././././././././././././././././././B/././././././././././.]
[n2lcn0119:3881802] MCW rank 540 bound to socket 1[core 112[hwt 0]]: [./././././././././././././././././././././././././././././././././././././././././././././././././././././././././././././././.][././././././././././././././././././././././././././././././././././././././././././././././././B/././././././././././././././.]
[n2lcn0114.ab2021.local:3773616] MCW rank 381 bound to socket 1[core 116[hwt 0]]: [./././././././././././././././././././././././././././././././././././././././././././././././././././././././././././././././.][././././././././././././././././././././././././././././././././././././././././././././././././././././B/././././././././././.]
[n2lcn0122:2001564] MCW rank 593 bound to socket 1[core 68[hwt 0]]: [./././././././././././././././././././././././././././././././././././././././././././././././././././././././././././././././.][././././B/././././././././././././././././././././././././././././././././././././././././././././././././././././././././././.]
[n2lcn0131.ab2021.local:3581957] MCW rank 811 bound to socket 0[core 44[hwt 0]]: [././././././././././././././././././././././././././././././././././././././././././././B/././././././././././././././././././.][./././././././././././././././././././././././././././././././././././././././././././././././././././././././././././././././.]
[n2lcn0122:2001564] MCW rank 593 bound to socket 1[core 68[hwt 0]]: [./././././././././././././././././././././././././././././././././././././././././././././././././././././././././././././././.][././././B/././././././././././././././././././././././././././././././././././././././././././././././././././././././././././.]
[n2lcn0136:1666987] MCW rank 985 bound to socket 1[core 100[hwt 0]]: [./././././././././././././././././././././././././././././././././././././././././././././././././././././././././././././././.][././././././././././././././././././././././././././././././././././././B/././././././././././././././././././././././././././.]
[n2lcn0114.ab2021.local:3773613] MCW rank 378 bound to socket 1[core 104[hwt 0]]: [./././././././././././././././././././././././././././././././././././././././././././././././././././././././././././././././.][././././././././././././././././././././././././././././././././././././././././B/././././././././././././././././././././././.]
[n2lcn0121:2576012] MCW rank 555 bound to socket 0[core 44[hwt 0]]: [././././././././././././././././././././././././././././././././././././././././././././B/././././././././././././././././././.][./././././././././././././././././././././././././././././././././././././././././././././././././././././././././././././././.]
[n2lcn0131.ab2021.local:3581957] MCW rank 811 bound to socket 0[core 44[hwt 0]]: [././././././././././././././././././././././././././././././././././././././././././././B/././././././././././././././././././.][./././././././././././././././././././././././././././././././././././././././././././././././././././././././././././././././.]
[n2lcn0121:2576012] MCW rank 555 bound to socket 0[core 44[hwt 0]]: [././././././././././././././././././././././././././././././././././././././././././././B/././././././././././././././././././.][./././././././././././././././././././././././././././././././././././././././././././././././././././././././././././././././.]
[n2lcn0136:1666987] MCW rank 985 bound to socket 1[core 100[hwt 0]]: [./././././././././././././././././././././././././././././././././././././././././././././././././././././././././././././././.][././././././././././././././././././././././././././././././././././././B/././././././././././././././././././././././././././.]
[n2lcn0114.ab2021.local:3773604] MCW rank 369 bound to socket 1[core 68[hwt 0]]: [./././././././././././././././././././././././././././././././././././././././././././././././././././././././././././././././.][././././B/././././././././././././././././././././././././././././././././././././././././././././././././././././././././././.]
[n2lcn0114.ab2021.local:3773613] MCW rank 378 bound to socket 1[core 104[hwt 0]]: [./././././././././././././././././././././././././././././././././././././././././././././././././././././././././././././././.][././././././././././././././././././././././././././././././././././././././././B/././././././././././././././././././././././.]
[n2lcn0114.ab2021.local:3773603] MCW rank 368 bound to socket 1[core 64[hwt 0]]: [./././././././././././././././././././././././././././././././././././././././././././././././././././././././././././././././.][B/././././././././././././././././././././././././././././././././././././././././././././././././././././././././././././././.]
[n2lcn0114.ab2021.local:3773604] MCW rank 369 bound to socket 1[core 68[hwt 0]]: [./././././././././././././././././././././././././././././././././././././././././././././././././././././././././././././././.][././././B/././././././././././././././././././././././././././././././././././././././././././././././././././././././././././.]
[n2lcn0114.ab2021.local:3773603] MCW rank 368 bound to socket 1[core 64[hwt 0]]: [./././././././././././././././././././././././././././././././././././././././././././././././././././././././././././././././.][B/././././././././././././././././././././././././././././././././././././././././././././././././././././././././././././././.]
[n2lcn0114.ab2021.local:3773595] MCW rank 360 bound to socket 0[core 32[hwt 0]]: [././././././././././././././././././././././././././././././././B/././././././././././././././././././././././././././././././.][./././././././././././././././././././././././././././././././././././././././././././././././././././././././././././././././.]
[n2lcn0114.ab2021.local:3773617] MCW rank 382 bound to socket 1[core 120[hwt 0]]: [./././././././././././././././././././././././././././././././././././././././././././././././././././././././././././././././.][././././././././././././././././././././././././././././././././././././././././././././././././././././././././B/././././././.]
[n2lcn0114.ab2021.local:3773595] MCW rank 360 bound to socket 0[core 32[hwt 0]]: [././././././././././././././././././././././././././././././././B/././././././././././././././././././././././././././././././.][./././././././././././././././././././././././././././././././././././././././././././././././././././././././././././././././.]
[n2lcn0114.ab2021.local:3773617] MCW rank 382 bound to socket 1[core 120[hwt 0]]: [./././././././././././././././././././././././././././././././././././././././././././././././././././././././././././././././.][././././././././././././././././././././././././././././././././././././././././././././././././././././././././B/././././././.]
[n2lcn0114.ab2021.local:3773612] MCW rank 377 bound to socket 1[core 100[hwt 0]]: [./././././././././././././././././././././././././././././././././././././././././././././././././././././././././././././././.][././././././././././././././././././././././././././././././././././././B/././././././././././././././././././././././././././.]
[n2lcn0114.ab2021.local:3773612] MCW rank 377 bound to socket 1[core 100[hwt 0]]: [./././././././././././././././././././././././././././././././././././././././././././././././././././././././././././././././.][././././././././././././././././././././././././././././././././././././B/././././././././././././././././././././././././././.]
[n2lcn0114.ab2021.local:3773609] MCW rank 374 bound to socket 1[core 88[hwt 0]]: [./././././././././././././././././././././././././././././././././././././././././././././././././././././././././././././././.][././././././././././././././././././././././././B/././././././././././././././././././././././././././././././././././././././.]
[n2lcn0114.ab2021.local:3773606] MCW rank 371 bound to socket 1[core 76[hwt 0]]: [./././././././././././././././././././././././././././././././././././././././././././././././././././././././././././././././.][././././././././././././B/././././././././././././././././././././././././././././././././././././././././././././././././././.]
[n2lcn0121:2576026] MCW rank 569 bound to socket 1[core 100[hwt 0]]: [./././././././././././././././././././././././././././././././././././././././././././././././././././././././././././././././.][././././././././././././././././././././././././././././././././././././B/././././././././././././././././././././././././././.]
[n2lcn0114.ab2021.local:3773609] MCW rank 374 bound to socket 1[core 88[hwt 0]]: [./././././././././././././././././././././././././././././././././././././././././././././././././././././././././././././././.][././././././././././././././././././././././././B/././././././././././././././././././././././././././././././././././././././.]
[n2lcn0118:1191058] MCW rank 491 bound to socket 0[core 44[hwt 0]]: [././././././././././././././././././././././././././././././././././././././././././././B/././././././././././././././././././.][./././././././././././././././././././././././././././././././././././././././././././././././././././././././././././././././.]
[n2lcn0114.ab2021.local:3773606] MCW rank 371 bound to socket 1[core 76[hwt 0]]: [./././././././././././././././././././././././././././././././././././././././././././././././././././././././././././././././.][././././././././././././B/././././././././././././././././././././././././././././././././././././././././././././././././././.]
[n2lcn0121:2576026] MCW rank 569 bound to socket 1[core 100[hwt 0]]: [./././././././././././././././././././././././././././././././././././././././././././././././././././././././././././././././.][././././././././././././././././././././././././././././././././././././B/././././././././././././././././././././././././././.]
[n2lcn0106:515414] MCW rank 122 bound to socket 1[core 104[hwt 0]]: [./././././././././././././././././././././././././././././././././././././././././././././././././././././././././././././././.][././././././././././././././././././././././././././././././././././././././././B/././././././././././././././././././././././.]
[n2lcn0118:1191058] MCW rank 491 bound to socket 0[core 44[hwt 0]]: [././././././././././././././././././././././././././././././././././././././././././././B/././././././././././././././././././.][./././././././././././././././././././././././././././././././././././././././././././././././././././././././././././././././.]
[n2lcn0106:515414] MCW rank 122 bound to socket 1[core 104[hwt 0]]: [./././././././././././././././././././././././././././././././././././././././././././././././././././././././././././././././.][././././././././././././././././././././././././././././././././././././././././B/././././././././././././././././././././././.]
[n2lcn0133.ab2021.local:827355] MCW rank 885 bound to socket 1[core 84[hwt 0]]: [./././././././././././././././././././././././././././././././././././././././././././././././././././././././././././././././.][././././././././././././././././././././B/././././././././././././././././././././././././././././././././././././././././././.]
[n2lcn0113:1395329] MCW rank 337 bound to socket 1[core 68[hwt 0]]: [./././././././././././././././././././././././././././././././././././././././././././././././././././././././././././././././.][././././B/././././././././././././././././././././././././././././././././././././././././././././././././././././././././././.]
[n2lcn0133.ab2021.local:827355] MCW rank 885 bound to socket 1[core 84[hwt 0]]: [./././././././././././././././././././././././././././././././././././././././././././././././././././././././././././././././.][././././././././././././././././././././B/././././././././././././././././././././././././././././././././././././././././././.]
[n2lcn0113:1395329] MCW rank 337 bound to socket 1[core 68[hwt 0]]: [./././././././././././././././././././././././././././././././././././././././././././././././././././././././././././././././.][././././B/././././././././././././././././././././././././././././././././././././././././././././././././././././././././././.]
[n2lcn0118:1191051] MCW rank 484 bound to socket 0[core 16[hwt 0]]: [././././././././././././././././B/././././././././././././././././././././././././././././././././././././././././././././././.][./././././././././././././././././././././././././././././././././././././././././././././././././././././././././././././././.]
[n2lcn0133.ab2021.local:827345] MCW rank 875 bound to socket 0[core 44[hwt 0]]: [././././././././././././././././././././././././././././././././././././././././././././B/././././././././././././././././././.][./././././././././././././././././././././././././././././././././././././././././././././././././././././././././././././././.]
[n2lcn0118:1191051] MCW rank 484 bound to socket 0[core 16[hwt 0]]: [././././././././././././././././B/././././././././././././././././././././././././././././././././././././././././././././././.][./././././././././././././././././././././././././././././././././././././././././././././././././././././././././././././././.]
[n2lcn0133.ab2021.local:827345] MCW rank 875 bound to socket 0[core 44[hwt 0]]: [././././././././././././././././././././././././././././././././././././././././././././B/././././././././././././././././././.][./././././././././././././././././././././././././././././././././././././././././././././././././././././././././././././././.]
[n2lcn0131.ab2021.local:3581955] MCW rank 809 bound to socket 0[core 36[hwt 0]]: [././././././././././././././././././././././././././././././././././././B/././././././././././././././././././././././././././.][./././././././././././././././././././././././././././././././././././././././././././././././././././././././././././././././.]
[n2lcn0131.ab2021.local:3581955] MCW rank 809 bound to socket 0[core 36[hwt 0]]: [././././././././././././././././././././././././././././././././././././B/././././././././././././././././././././././././././.][./././././././././././././././././././././././././././././././././././././././././././././././././././././././././././././././.]
[n2lcn0118:1191077] MCW rank 510 bound to socket 1[core 120[hwt 0]]: [./././././././././././././././././././././././././././././././././././././././././././././././././././././././././././././././.][././././././././././././././././././././././././././././././././././././././././././././././././././././././././B/././././././.]
[n2lcn0132:511965] MCW rank 845 bound to socket 0[core 52[hwt 0]]: [././././././././././././././././././././././././././././././././././././././././././././././././././././B/././././././././././.][./././././././././././././././././././././././././././././././././././././././././././././././././././././././././././././././.]
[n2lcn0131.ab2021.local:3581965] MCW rank 819 bound to socket 1[core 76[hwt 0]]: [./././././././././././././././././././././././././././././././././././././././././././././././././././././././././././././././.][././././././././././././B/././././././././././././././././././././././././././././././././././././././././././././././././././.]
[n2lcn0118:1191077] MCW rank 510 bound to socket 1[core 120[hwt 0]]: [./././././././././././././././././././././././././././././././././././././././././././././././././././././././././././././././.][././././././././././././././././././././././././././././././././././././././././././././././././././././././././B/././././././.]
[n2lcn0132:511965] MCW rank 845 bound to socket 0[core 52[hwt 0]]: [././././././././././././././././././././././././././././././././././././././././././././././././././././B/././././././././././.][./././././././././././././././././././././././././././././././././././././././././././././././././././././././././././././././.]
[n2lcn0131.ab2021.local:3581965] MCW rank 819 bound to socket 1[core 76[hwt 0]]: [./././././././././././././././././././././././././././././././././././././././././././././././././././././././././././././././.][././././././././././././B/././././././././././././././././././././././././././././././././././././././././././././././././././.]
[n2lcn0132:511960] MCW rank 840 bound to socket 0[core 32[hwt 0]]: [././././././././././././././././././././././././././././././././B/././././././././././././././././././././././././././././././.][./././././././././././././././././././././././././././././././././././././././././././././././././././././././././././././././.]
[n2lcn0132:511960] MCW rank 840 bound to socket 0[core 32[hwt 0]]: [././././././././././././././././././././././././././././././././B/././././././././././././././././././././././././././././././.][./././././././././././././././././././././././././././././././././././././././././././././././././././././././././././././././.]
[n2lcn0108.ab2021.local:2664621] MCW rank 168 bound to socket 0[core 32[hwt 0]]: [././././././././././././././././././././././././././././././././B/././././././././././././././././././././././././././././././.][./././././././././././././././././././././././././././././././././././././././././././././././././././././././././././././././.]
[n2lcn0108.ab2021.local:2664621] MCW rank 168 bound to socket 0[core 32[hwt 0]]: [././././././././././././././././././././././././././././././././B/././././././././././././././././././././././././././././././.][./././././././././././././././././././././././././././././././././././././././././././././././././././././././././././././././.]
[n2lcn0122:2001566] MCW rank 595 bound to socket 1[core 76[hwt 0]]: [./././././././././././././././././././././././././././././././././././././././././././././././././././././././././././././././.][././././././././././././B/././././././././././././././././././././././././././././././././././././././././././././././././././.]
[n2lcn0108.ab2021.local:2664617] MCW rank 164 bound to socket 0[core 16[hwt 0]]: [././././././././././././././././B/././././././././././././././././././././././././././././././././././././././././././././././.][./././././././././././././././././././././././././././././././././././././././././././././././././././././././././././././././.]
[n2lcn0122:2001566] MCW rank 595 bound to socket 1[core 76[hwt 0]]: [./././././././././././././././././././././././././././././././././././././././././././././././././././././././././././././././.][././././././././././././B/././././././././././././././././././././././././././././././././././././././././././././././././././.]
[n2lcn0108.ab2021.local:2664617] MCW rank 164 bound to socket 0[core 16[hwt 0]]: [././././././././././././././././B/././././././././././././././././././././././././././././././././././././././././././././././.][./././././././././././././././././././././././././././././././././././././././././././././././././././././././././././././././.]
[n2lcn0108.ab2021.local:2664630] MCW rank 177 bound to socket 1[core 68[hwt 0]]: [./././././././././././././././././././././././././././././././././././././././././././././././././././././././././././././././.][././././B/././././././././././././././././././././././././././././././././././././././././././././././././././././././././././.]
[n2lcn0108.ab2021.local:2664630] MCW rank 177 bound to socket 1[core 68[hwt 0]]: [./././././././././././././././././././././././././././././././././././././././././././././././././././././././././././././././.][././././B/././././././././././././././././././././././././././././././././././././././././././././././././././././././././././.]
[n2lcn0118:1191047] MCW rank 480 bound to socket 0[core 0[hwt 0]]: [B/././././././././././././././././././././././././././././././././././././././././././././././././././././././././././././././.][./././././././././././././././././././././././././././././././././././././././././././././././././././././././././././././././.]
[n2lcn0131.ab2021.local:3581947] MCW rank 801 bound to socket 0[core 4[hwt 0]]: [././././B/././././././././././././././././././././././././././././././././././././././././././././././././././././././././././.][./././././././././././././././././././././././././././././././././././././././././././././././././././././././././././././././.]
[n2lcn0108.ab2021.local:2664631] MCW rank 178 bound to socket 1[core 72[hwt 0]]: [./././././././././././././././././././././././././././././././././././././././././././././././././././././././././././././././.][././././././././B/././././././././././././././././././././././././././././././././././././././././././././././././././././././.]
[n2lcn0108.ab2021.local:2664631] MCW rank 178 bound to socket 1[core 72[hwt 0]]: [./././././././././././././././././././././././././././././././././././././././././././././././././././././././././././././././.][././././././././B/././././././././././././././././././././././././././././././././././././././././././././././././././././././.]
[n2lcn0118:1191047] MCW rank 480 bound to socket 0[core 0[hwt 0]]: [B/././././././././././././././././././././././././././././././././././././././././././././././././././././././././././././././.][./././././././././././././././././././././././././././././././././././././././././././././././././././././././././././././././.]
[n2lcn0131.ab2021.local:3581947] MCW rank 801 bound to socket 0[core 4[hwt 0]]: [././././B/././././././././././././././././././././././././././././././././././././././././././././././././././././././././././.][./././././././././././././././././././././././././././././././././././././././././././././././././././././././././././././././.]
[n2lcn0117:628833] MCW rank 458 bound to socket 0[core 40[hwt 0]]: [././././././././././././././././././././././././././././././././././././././././B/././././././././././././././././././././././.][./././././././././././././././././././././././././././././././././././././././././././././././././././././././././././././././.]
[n2lcn0111.ab2021.local:792554] MCW rank 267 bound to socket 0[core 44[hwt 0]]: [././././././././././././././././././././././././././././././././././././././././././././B/././././././././././././././././././.][./././././././././././././././././././././././././././././././././././././././././././././././././././././././././././././././.]
[n2lcn0117:628833] MCW rank 458 bound to socket 0[core 40[hwt 0]]: [././././././././././././././././././././././././././././././././././././././././B/././././././././././././././././././././././.][./././././././././././././././././././././././././././././././././././././././././././././././././././././././././././././././.]
[n2lcn0111.ab2021.local:792554] MCW rank 267 bound to socket 0[core 44[hwt 0]]: [././././././././././././././././././././././././././././././././././././././././././././B/././././././././././././././././././.][./././././././././././././././././././././././././././././././././././././././././././././././././././././././././././././././.]
[n2lcn0113:1395337] MCW rank 345 bound to socket 1[core 100[hwt 0]]: [./././././././././././././././././././././././././././././././././././././././././././././././././././././././././././././././.][././././././././././././././././././././././././././././././././././././B/././././././././././././././././././././././././././.]
[n2lcn0113:1395337] MCW rank 345 bound to socket 1[core 100[hwt 0]]: [./././././././././././././././././././././././././././././././././././././././././././././././././././././././././././././././.][././././././././././././././././././././././././././././././././././././B/././././././././././././././././././././././././././.]
[n2lcn0111.ab2021.local:792567] MCW rank 280 bound to socket 1[core 96[hwt 0]]: [./././././././././././././././././././././././././././././././././././././././././././././././././././././././././././././././.][././././././././././././././././././././././././././././././././B/././././././././././././././././././././././././././././././.]
[n2lcn0117:628835] MCW rank 460 bound to socket 0[core 48[hwt 0]]: [././././././././././././././././././././././././././././././././././././././././././././././././B/././././././././././././././.][./././././././././././././././././././././././././././././././././././././././././././././././././././././././././././././././.]
[n2lcn0111.ab2021.local:792567] MCW rank 280 bound to socket 1[core 96[hwt 0]]: [./././././././././././././././././././././././././././././././././././././././././././././././././././././././././././././././.][././././././././././././././././././././././././././././././././B/././././././././././././././././././././././././././././././.]
[n2lcn0117:628836] MCW rank 461 bound to socket 0[core 52[hwt 0]]: [././././././././././././././././././././././././././././././././././././././././././././././././././././B/././././././././././.][./././././././././././././././././././././././././././././././././././././././././././././././././././././././././././././././.]
[n2lcn0117:628835] MCW rank 460 bound to socket 0[core 48[hwt 0]]: [././././././././././././././././././././././././././././././././././././././././././././././././B/././././././././././././././.][./././././././././././././././././././././././././././././././././././././././././././././././././././././././././././././././.]
[n2lcn0117:628836] MCW rank 461 bound to socket 0[core 52[hwt 0]]: [././././././././././././././././././././././././././././././././././././././././././././././././././././B/././././././././././.][./././././././././././././././././././././././././././././././././././././././././././././././././././././././././././././././.]
[n2lcn0111.ab2021.local:792564] MCW rank 277 bound to socket 1[core 84[hwt 0]]: [./././././././././././././././././././././././././././././././././././././././././././././././././././././././././././././././.][././././././././././././././././././././B/././././././././././././././././././././././././././././././././././././././././././.]
[n2lcn0116.ab2021.local:2417146] MCW rank 422 bound to socket 0[core 24[hwt 0]]: [././././././././././././././././././././././././B/././././././././././././././././././././././././././././././././././././././.][./././././././././././././././././././././././././././././././././././././././././././././././././././././././././././././././.]
[n2lcn0119:3881784] MCW rank 522 bound to socket 0[core 40[hwt 0]]: [././././././././././././././././././././././././././././././././././././././././B/././././././././././././././././././././././.][./././././././././././././././././././././././././././././././././././././././././././././././././././././././././././././././.]
[n2lcn0122:2001560] MCW rank 589 bound to socket 0[core 52[hwt 0]]: [././././././././././././././././././././././././././././././././././././././././././././././././././././B/././././././././././.][./././././././././././././././././././././././././././././././././././././././././././././././././././././././././././././././.]
[n2lcn0122:2001567] MCW rank 596 bound to socket 1[core 80[hwt 0]]: [./././././././././././././././././././././././././././././././././././././././././././././././././././././././././././././././.][././././././././././././././././B/././././././././././././././././././././././././././././././././././././././././././././././.]
[n2lcn0111.ab2021.local:792564] MCW rank 277 bound to socket 1[core 84[hwt 0]]: [./././././././././././././././././././././././././././././././././././././././././././././././././././././././././././././././.][././././././././././././././././././././B/././././././././././././././././././././././././././././././././././././././././././.]
[n2lcn0122:2001560] MCW rank 589 bound to socket 0[core 52[hwt 0]]: [././././././././././././././././././././././././././././././././././././././././././././././././././././B/././././././././././.][./././././././././././././././././././././././././././././././././././././././././././././././././././././././././././././././.]
[n2lcn0116.ab2021.local:2417146] MCW rank 422 bound to socket 0[core 24[hwt 0]]: [././././././././././././././././././././././././B/././././././././././././././././././././././././././././././././././././././.][./././././././././././././././././././././././././././././././././././././././././././././././././././././././././././././././.]
[n2lcn0119:3881785] MCW rank 523 bound to socket 0[core 44[hwt 0]]: [././././././././././././././././././././././././././././././././././././././././././././B/././././././././././././././././././.][./././././././././././././././././././././././././././././././././././././././././././././././././././././././././././././././.]
[n2lcn0119:3881784] MCW rank 522 bound to socket 0[core 40[hwt 0]]: [././././././././././././././././././././././././././././././././././././././././B/././././././././././././././././././././././.][./././././././././././././././././././././././././././././././././././././././././././././././././././././././././././././././.]
[n2lcn0122:2001567] MCW rank 596 bound to socket 1[core 80[hwt 0]]: [./././././././././././././././././././././././././././././././././././././././././././././././././././././././././././././././.][././././././././././././././././B/././././././././././././././././././././././././././././././././././././././././././././././.]
[n2lcn0119:3881785] MCW rank 523 bound to socket 0[core 44[hwt 0]]: [././././././././././././././././././././././././././././././././././././././././././././B/././././././././././././././././././.][./././././././././././././././././././././././././././././././././././././././././././././././././././././././././././././././.]
[n2lcn0117:628849] MCW rank 474 bound to socket 1[core 104[hwt 0]]: [./././././././././././././././././././././././././././././././././././././././././././././././././././././././././././././././.][././././././././././././././././././././././././././././././././././././././././B/././././././././././././././././././././././.]
[n2lcn0117:628850] MCW rank 475 bound to socket 1[core 108[hwt 0]]: [./././././././././././././././././././././././././././././././././././././././././././././././././././././././././././././././.][././././././././././././././././././././././././././././././././././././././././././././B/././././././././././././././././././.]
[n2lcn0108.ab2021.local:2664640] MCW rank 187 bound to socket 1[core 108[hwt 0]]: [./././././././././././././././././././././././././././././././././././././././././././././././././././././././././././././././.][././././././././././././././././././././././././././././././././././././././././././././B/././././././././././././././././././.]
[n2lcn0117:628849] MCW rank 474 bound to socket 1[core 104[hwt 0]]: [./././././././././././././././././././././././././././././././././././././././././././././././././././././././././././././././.][././././././././././././././././././././././././././././././././././././././././B/././././././././././././././././././././././.]
[n2lcn0117:628850] MCW rank 475 bound to socket 1[core 108[hwt 0]]: [./././././././././././././././././././././././././././././././././././././././././././././././././././././././././././././././.][././././././././././././././././././././././././././././././././././././././././././././B/././././././././././././././././././.]
[n2lcn0108.ab2021.local:2664640] MCW rank 187 bound to socket 1[core 108[hwt 0]]: [./././././././././././././././././././././././././././././././././././././././././././././././././././././././././././././././.][././././././././././././././././././././././././././././././././././././././././././././B/././././././././././././././././././.]
[n2lcn0133.ab2021.local:827339] MCW rank 869 bound to socket 0[core 20[hwt 0]]: [././././././././././././././././././././B/././././././././././././././././././././././././././././././././././././././././././.][./././././././././././././././././././././././././././././././././././././././././././././././././././././././././././././././.]
[n2lcn0133.ab2021.local:827339] MCW rank 869 bound to socket 0[core 20[hwt 0]]: [././././././././././././././././././././B/././././././././././././././././././././././././././././././././././././././././././.][./././././././././././././././././././././././././././././././././././././././././././././././././././././././././././././././.]
[n2lcn0118:1191048] MCW rank 481 bound to socket 0[core 4[hwt 0]]: [././././B/././././././././././././././././././././././././././././././././././././././././././././././././././././././././././.][./././././././././././././././././././././././././././././././././././././././././././././././././././././././././././././././.]
[n2lcn0119:3881790] MCW rank 528 bound to socket 1[core 64[hwt 0]]: [./././././././././././././././././././././././././././././././././././././././././././././././././././././././././././././././.][B/././././././././././././././././././././././././././././././././././././././././././././././././././././././././././././././.]
[n2lcn0119:3881790] MCW rank 528 bound to socket 1[core 64[hwt 0]]: [./././././././././././././././././././././././././././././././././././././././././././././././././././././././././././././././.][B/././././././././././././././././././././././././././././././././././././././././././././././././././././././././././././././.]
[n2lcn0119:3881781] MCW rank 519 bound to socket 0[core 28[hwt 0]]: [././././././././././././././././././././././././././././B/././././././././././././././././././././././././././././././././././.][./././././././././././././././././././././././././././././././././././././././././././././././././././././././././././././././.]
[n2lcn0119:3881794] MCW rank 532 bound to socket 1[core 80[hwt 0]]: [./././././././././././././././././././././././././././././././././././././././././././././././././././././././././././././././.][././././././././././././././././B/././././././././././././././././././././././././././././././././././././././././././././././.]
[n2lcn0119:3881781] MCW rank 519 bound to socket 0[core 28[hwt 0]]: [././././././././././././././././././././././././././././B/././././././././././././././././././././././././././././././././././.][./././././././././././././././././././././././././././././././././././././././././././././././././././././././././././././././.]
[n2lcn0118:1191048] MCW rank 481 bound to socket 0[core 4[hwt 0]]: [././././B/././././././././././././././././././././././././././././././././././././././././././././././././././././././././././.][./././././././././././././././././././././././././././././././././././././././././././././././././././././././././././././././.]
[n2lcn0131.ab2021.local:3581964] MCW rank 818 bound to socket 1[core 72[hwt 0]]: [./././././././././././././././././././././././././././././././././././././././././././././././././././././././././././././././.][././././././././B/././././././././././././././././././././././././././././././././././././././././././././././././././././././.]
[n2lcn0118:1191055] MCW rank 488 bound to socket 0[core 32[hwt 0]]: [././././././././././././././././././././././././././././././././B/././././././././././././././././././././././././././././././.][./././././././././././././././././././././././././././././././././././././././././././././././././././././././././././././././.]
[n2lcn0118:1191055] MCW rank 488 bound to socket 0[core 32[hwt 0]]: [././././././././././././././././././././././././././././././././B/././././././././././././././././././././././././././././././.][./././././././././././././././././././././././././././././././././././././././././././././././././././././././././././././././.]
[n2lcn0119:3881794] MCW rank 532 bound to socket 1[core 80[hwt 0]]: [./././././././././././././././././././././././././././././././././././././././././././././././././././././././././././././././.][././././././././././././././././B/././././././././././././././././././././././././././././././././././././././././././././././.]
[n2lcn0131.ab2021.local:3581964] MCW rank 818 bound to socket 1[core 72[hwt 0]]: [./././././././././././././././././././././././././././././././././././././././././././././././././././././././././././././././.][././././././././B/././././././././././././././././././././././././././././././././././././././././././././././././././././././.]
[n2lcn0106:515418] MCW rank 126 bound to socket 1[core 120[hwt 0]]: [./././././././././././././././././././././././././././././././././././././././././././././././././././././././././././././././.][././././././././././././././././././././././././././././././././././././././././././././././././././././././././B/././././././.]
[n2lcn0106:515418] MCW rank 126 bound to socket 1[core 120[hwt 0]]: [./././././././././././././././././././././././././././././././././././././././././././././././././././././././././././././././.][././././././././././././././././././././././././././././././././././././././././././././././././././././././././B/././././././.]
[n2lcn0118:1191050] MCW rank 483 bound to socket 0[core 12[hwt 0]]: [././././././././././././B/././././././././././././././././././././././././././././././././././././././././././././././././././.][./././././././././././././././././././././././././././././././././././././././././././././././././././././././././././././././.]
[n2lcn0134:841687] MCW rank 902 bound to socket 0[core 24[hwt 0]]: [././././././././././././././././././././././././B/././././././././././././././././././././././././././././././././././././././.][./././././././././././././././././././././././././././././././././././././././././././././././././././././././././././././././.]
[n2lcn0118:1191050] MCW rank 483 bound to socket 0[core 12[hwt 0]]: [././././././././././././B/././././././././././././././././././././././././././././././././././././././././././././././././././.][./././././././././././././././././././././././././././././././././././././././././././././././././././././././././././././././.]
[n2lcn0121:2576027] MCW rank 570 bound to socket 1[core 104[hwt 0]]: [./././././././././././././././././././././././././././././././././././././././././././././././././././././././././././././././.][././././././././././././././././././././././././././././././././././././././././B/././././././././././././././././././././././.]
[n2lcn0134:841688] MCW rank 903 bound to socket 0[core 28[hwt 0]]: [././././././././././././././././././././././././././././B/././././././././././././././././././././././././././././././././././.][./././././././././././././././././././././././././././././././././././././././././././././././././././././././././././././././.]
[n2lcn0121:2576028] MCW rank 571 bound to socket 1[core 108[hwt 0]]: [./././././././././././././././././././././././././././././././././././././././././././././././././././././././././././././././.][././././././././././././././././././././././././././././././././././././././././././././B/././././././././././././././././././.]
[n2lcn0134:841687] MCW rank 902 bound to socket 0[core 24[hwt 0]]: [././././././././././././././././././././././././B/././././././././././././././././././././././././././././././././././././././.][./././././././././././././././././././././././././././././././././././././././././././././././././././././././././././././././.]
[n2lcn0134:841688] MCW rank 903 bound to socket 0[core 28[hwt 0]]: [././././././././././././././././././././././././././././B/././././././././././././././././././././././././././././././././././.][./././././././././././././././././././././././././././././././././././././././././././././././././././././././././././././././.]
[n2lcn0134:841695] MCW rank 910 bound to socket 0[core 56[hwt 0]]: [././././././././././././././././././././././././././././././././././././././././././././././././././././././././B/././././././.][./././././././././././././././././././././././././././././././././././././././././././././././././././././././././././././././.]
[n2lcn0121:2576027] MCW rank 570 bound to socket 1[core 104[hwt 0]]: [./././././././././././././././././././././././././././././././././././././././././././././././././././././././././././././././.][././././././././././././././././././././././././././././././././././././././././B/././././././././././././././././././././././.]
[n2lcn0134:841695] MCW rank 910 bound to socket 0[core 56[hwt 0]]: [././././././././././././././././././././././././././././././././././././././././././././././././././././././././B/././././././.][./././././././././././././././././././././././././././././././././././././././././././././././././././././././././././././././.]
[n2lcn0121:2576028] MCW rank 571 bound to socket 1[core 108[hwt 0]]: [./././././././././././././././././././././././././././././././././././././././././././././././././././././././././././././././.][././././././././././././././././././././././././././././././././././././././././././././B/././././././././././././././././././.]
[n2lcn0131.ab2021.local:3581970] MCW rank 824 bound to socket 1[core 96[hwt 0]]: [./././././././././././././././././././././././././././././././././././././././././././././././././././././././././././././././.][././././././././././././././././././././././././././././././././B/././././././././././././././././././././././././././././././.]
[n2lcn0106:515407] MCW rank 115 bound to socket 1[core 76[hwt 0]]: [./././././././././././././././././././././././././././././././././././././././././././././././././././././././././././././././.][././././././././././././B/././././././././././././././././././././././././././././././././././././././././././././././././././.]
[n2lcn0131.ab2021.local:3581970] MCW rank 824 bound to socket 1[core 96[hwt 0]]: [./././././././././././././././././././././././././././././././././././././././././././././././././././././././././././././././.][././././././././././././././././././././././././././././././././B/././././././././././././././././././././././././././././././.]
[n2lcn0106:515408] MCW rank 116 bound to socket 1[core 80[hwt 0]]: [./././././././././././././././././././././././././././././././././././././././././././././././././././././././././././././././.][././././././././././././././././B/././././././././././././././././././././././././././././././././././././././././././././././.]
[n2lcn0134:841700] MCW rank 915 bound to socket 1[core 76[hwt 0]]: [./././././././././././././././././././././././././././././././././././././././././././././././././././././././././././././././.][././././././././././././B/././././././././././././././././././././././././././././././././././././././././././././././././././.]
[n2lcn0106:515409] MCW rank 117 bound to socket 1[core 84[hwt 0]]: [./././././././././././././././././././././././././././././././././././././././././././././././././././././././././././././././.][././././././././././././././././././././B/././././././././././././././././././././././././././././././././././././././././././.]
[n2lcn0106:515407] MCW rank 115 bound to socket 1[core 76[hwt 0]]: [./././././././././././././././././././././././././././././././././././././././././././././././././././././././././././././././.][././././././././././././B/././././././././././././././././././././././././././././././././././././././././././././././././././.]
[n2lcn0106:515409] MCW rank 117 bound to socket 1[core 84[hwt 0]]: [./././././././././././././././././././././././././././././././././././././././././././././././././././././././././././././././.][././././././././././././././././././././B/././././././././././././././././././././././././././././././././././././././././././.]
[n2lcn0134:841696] MCW rank 911 bound to socket 0[core 60[hwt 0]]: [././././././././././././././././././././././././././././././././././././././././././././././././././././././././././././B/././.][./././././././././././././././././././././././././././././././././././././././././././././././././././././././././././././././.]
[n2lcn0106:515408] MCW rank 116 bound to socket 1[core 80[hwt 0]]: [./././././././././././././././././././././././././././././././././././././././././././././././././././././././././././././././.][././././././././././././././././B/././././././././././././././././././././././././././././././././././././././././././././././.]
[n2lcn0134:841700] MCW rank 915 bound to socket 1[core 76[hwt 0]]: [./././././././././././././././././././././././././././././././././././././././././././././././././././././././././././././././.][././././././././././././B/././././././././././././././././././././././././././././././././././././././././././././././././././.]
[n2lcn0134:841696] MCW rank 911 bound to socket 0[core 60[hwt 0]]: [././././././././././././././././././././././././././././././././././././././././././././././././././././././././././././B/././.][./././././././././././././././././././././././././././././././././././././././././././././././././././././././././././././././.]
[n2lcn0134:841693] MCW rank 908 bound to socket 0[core 48[hwt 0]]: [././././././././././././././././././././././././././././././././././././././././././././././././B/././././././././././././././.][./././././././././././././././././././././././././././././././././././././././././././././././././././././././././././././././.]
[n2lcn0134:841693] MCW rank 908 bound to socket 0[core 48[hwt 0]]: [././././././././././././././././././././././././././././././././././././././././././././././././B/././././././././././././././.][./././././././././././././././././././././././././././././././././././././././././././././././././././././././././././././././.]
[n2lcn0134:841689] MCW rank 904 bound to socket 0[core 32[hwt 0]]: [././././././././././././././././././././././././././././././././B/././././././././././././././././././././././././././././././.][./././././././././././././././././././././././././././././././././././././././././././././././././././././././././././././././.]
[n2lcn0131.ab2021.local:3581968] MCW rank 822 bound to socket 1[core 88[hwt 0]]: [./././././././././././././././././././././././././././././././././././././././././././././././././././././././././././././././.][././././././././././././././././././././././././B/././././././././././././././././././././././././././././././././././././././.]
[n2lcn0134:841699] MCW rank 914 bound to socket 1[core 72[hwt 0]]: [./././././././././././././././././././././././././././././././././././././././././././././././././././././././././././././././.][././././././././B/././././././././././././././././././././././././././././././././././././././././././././././././././././././.]
[n2lcn0133.ab2021.local:827354] MCW rank 884 bound to socket 1[core 80[hwt 0]]: [./././././././././././././././././././././././././././././././././././././././././././././././././././././././././././././././.][././././././././././././././././B/././././././././././././././././././././././././././././././././././././././././././././././.]
[n2lcn0134:841689] MCW rank 904 bound to socket 0[core 32[hwt 0]]: [././././././././././././././././././././././././././././././././B/././././././././././././././././././././././././././././././.][./././././././././././././././././././././././././././././././././././././././././././././././././././././././././././././././.]
[n2lcn0122:2001568] MCW rank 597 bound to socket 1[core 84[hwt 0]]: [./././././././././././././././././././././././././././././././././././././././././././././././././././././././././././././././.][././././././././././././././././././././B/././././././././././././././././././././././././././././././././././././././././././.]
[n2lcn0131.ab2021.local:3581968] MCW rank 822 bound to socket 1[core 88[hwt 0]]: [./././././././././././././././././././././././././././././././././././././././././././././././././././././././././././././././.][././././././././././././././././././././././././B/././././././././././././././././././././././././././././././././././././././.]
[n2lcn0134:841691] MCW rank 906 bound to socket 0[core 40[hwt 0]]: [././././././././././././././././././././././././././././././././././././././././B/././././././././././././././././././././././.][./././././././././././././././././././././././././././././././././././././././././././././././././././././././././././././././.]
[n2lcn0133.ab2021.local:827354] MCW rank 884 bound to socket 1[core 80[hwt 0]]: [./././././././././././././././././././././././././././././././././././././././././././././././././././././././././././././././.][././././././././././././././././B/././././././././././././././././././././././././././././././././././././././././././././././.]
[n2lcn0134:841699] MCW rank 914 bound to socket 1[core 72[hwt 0]]: [./././././././././././././././././././././././././././././././././././././././././././././././././././././././././././././././.][././././././././B/././././././././././././././././././././././././././././././././././././././././././././././././././././././.]
[n2lcn0134:841691] MCW rank 906 bound to socket 0[core 40[hwt 0]]: [././././././././././././././././././././././././././././././././././././././././B/././././././././././././././././././././././.][./././././././././././././././././././././././././././././././././././././././././././././././././././././././././././././././.]
[n2lcn0122:2001568] MCW rank 597 bound to socket 1[core 84[hwt 0]]: [./././././././././././././././././././././././././././././././././././././././././././././././././././././././././././././././.][././././././././././././././././././././B/././././././././././././././././././././././././././././././././././././././././././.]
[n2lcn0131.ab2021.local:3581967] MCW rank 821 bound to socket 1[core 84[hwt 0]]: [./././././././././././././././././././././././././././././././././././././././././././././././././././././././././././././././.][././././././././././././././././././././B/././././././././././././././././././././././././././././././././././././././././././.]
[n2lcn0131.ab2021.local:3581967] MCW rank 821 bound to socket 1[core 84[hwt 0]]: [./././././././././././././././././././././././././././././././././././././././././././././././././././././././././././././././.][././././././././././././././././././././B/././././././././././././././././././././././././././././././././././././././././././.]
[n2lcn0134:841709] MCW rank 924 bound to socket 1[core 112[hwt 0]]: [./././././././././././././././././././././././././././././././././././././././././././././././././././././././././././././././.][././././././././././././././././././././././././././././././././././././././././././././././././B/././././././././././././././.]
[n2lcn0134:841694] MCW rank 909 bound to socket 0[core 52[hwt 0]]: [././././././././././././././././././././././././././././././././././././././././././././././././././././B/././././././././././.][./././././././././././././././././././././././././././././././././././././././././././././././././././././././././././././././.]
[n2lcn0134:841690] MCW rank 905 bound to socket 0[core 36[hwt 0]]: [././././././././././././././././././././././././././././././././././././B/././././././././././././././././././././././././././.][./././././././././././././././././././././././././././././././././././././././././././././././././././././././././././././././.]
[n2lcn0134:841709] MCW rank 924 bound to socket 1[core 112[hwt 0]]: [./././././././././././././././././././././././././././././././././././././././././././././././././././././././././././././././.][././././././././././././././././././././././././././././././././././././././././././././././././B/././././././././././././././.]
[n2lcn0134:841694] MCW rank 909 bound to socket 0[core 52[hwt 0]]: [././././././././././././././././././././././././././././././././././././././././././././././././././././B/././././././././././.][./././././././././././././././././././././././././././././././././././././././././././././././././././././././././././././././.]
[n2lcn0122:2001573] MCW rank 602 bound to socket 1[core 104[hwt 0]]: [./././././././././././././././././././././././././././././././././././././././././././././././././././././././././././././././.][././././././././././././././././././././././././././././././././././././././././B/././././././././././././././././././././././.]
[n2lcn0134:841690] MCW rank 905 bound to socket 0[core 36[hwt 0]]: [././././././././././././././././././././././././././././././././././././B/././././././././././././././././././././././././././.][./././././././././././././././././././././././././././././././././././././././././././././././././././././././././././././././.]
[n2lcn0134:841698] MCW rank 913 bound to socket 1[core 68[hwt 0]]: [./././././././././././././././././././././././././././././././././././././././././././././././././././././././././././././././.][././././B/././././././././././././././././././././././././././././././././././././././././././././././././././././././././././.]
[n2lcn0134:841698] MCW rank 913 bound to socket 1[core 68[hwt 0]]: [./././././././././././././././././././././././././././././././././././././././././././././././././././././././././././././././.][././././B/././././././././././././././././././././././././././././././././././././././././././././././././././././././././././.]
[n2lcn0133.ab2021.local:827336] MCW rank 866 bound to socket 0[core 8[hwt 0]]: [././././././././B/././././././././././././././././././././././././././././././././././././././././././././././././././././././.][./././././././././././././././././././././././././././././././././././././././././././././././././././././././././././././././.]
[n2lcn0108.ab2021.local:2664633] MCW rank 180 bound to socket 1[core 80[hwt 0]]: [./././././././././././././././././././././././././././././././././././././././././././././././././././././././././././././././.][././././././././././././././././B/././././././././././././././././././././././././././././././././././././././././././././././.]
[n2lcn0114.ab2021.local:3773601] MCW rank 366 bound to socket 0[core 56[hwt 0]]: [././././././././././././././././././././././././././././././././././././././././././././././././././././././././B/././././././.][./././././././././././././././././././././././././././././././././././././././././././././././././././././././././././././././.]
[n2lcn0113:1395340] MCW rank 348 bound to socket 1[core 112[hwt 0]]: [./././././././././././././././././././././././././././././././././././././././././././././././././././././././././././././././.][././././././././././././././././././././././././././././././././././././././././././././././././B/././././././././././././././.]
[n2lcn0134:841697] MCW rank 912 bound to socket 1[core 64[hwt 0]]: [./././././././././././././././././././././././././././././././././././././././././././././././././././././././././././././././.][B/././././././././././././././././././././././././././././././././././././././././././././././././././././././././././././././.]
[n2lcn0108.ab2021.local:2664633] MCW rank 180 bound to socket 1[core 80[hwt 0]]: [./././././././././././././././././././././././././././././././././././././././././././././././././././././././././././././././.][././././././././././././././././B/././././././././././././././././././././././././././././././././././././././././././././././.]
[n2lcn0134:841707] MCW rank 922 bound to socket 1[core 104[hwt 0]]: [./././././././././././././././././././././././././././././././././././././././././././././././././././././././././././././././.][././././././././././././././././././././././././././././././././././././././././B/././././././././././././././././././././././.]
[n2lcn0133.ab2021.local:827336] MCW rank 866 bound to socket 0[core 8[hwt 0]]: [././././././././B/././././././././././././././././././././././././././././././././././././././././././././././././././././././.][./././././././././././././././././././././././././././././././././././././././././././././././././././././././././././././././.]
[n2lcn0134:841708] MCW rank 923 bound to socket 1[core 108[hwt 0]]: [./././././././././././././././././././././././././././././././././././././././././././././././././././././././././././././././.][././././././././././././././././././././././././././././././././././././././././././././B/././././././././././././././././././.]
[n2lcn0134:841707] MCW rank 922 bound to socket 1[core 104[hwt 0]]: [./././././././././././././././././././././././././././././././././././././././././././././././././././././././././././././././.][././././././././././././././././././././././././././././././././././././././././B/././././././././././././././././././././././.]
[n2lcn0134:841708] MCW rank 923 bound to socket 1[core 108[hwt 0]]: [./././././././././././././././././././././././././././././././././././././././././././././././././././././././././././././././.][././././././././././././././././././././././././././././././././././././././././././././B/././././././././././././././././././.]
[n2lcn0114.ab2021.local:3773601] MCW rank 366 bound to socket 0[core 56[hwt 0]]: [././././././././././././././././././././././././././././././././././././././././././././././././././././././././B/././././././.][./././././././././././././././././././././././././././././././././././././././././././././././././././././././././././././././.]
[n2lcn0134:841697] MCW rank 912 bound to socket 1[core 64[hwt 0]]: [./././././././././././././././././././././././././././././././././././././././././././././././././././././././././././././././.][B/././././././././././././././././././././././././././././././././././././././././././././././././././././././././././././././.]
[n2lcn0114.ab2021.local:3773618] MCW rank 383 bound to socket 1[core 124[hwt 0]]: [./././././././././././././././././././././././././././././././././././././././././././././././././././././././././././././././.][././././././././././././././././././././././././././././././././././././././././././././././././././././././././././././B/././.]
[n2lcn0114.ab2021.local:3773618] MCW rank 383 bound to socket 1[core 124[hwt 0]]: [./././././././././././././././././././././././././././././././././././././././././././././././././././././././././././././././.][././././././././././././././././././././././././././././././././././././././././././././././././././././././././././././B/././.]
[n2lcn0114.ab2021.local:3773608] MCW rank 373 bound to socket 1[core 84[hwt 0]]: [./././././././././././././././././././././././././././././././././././././././././././././././././././././././././././././././.][././././././././././././././././././././B/././././././././././././././././././././././././././././././././././././././././././.]
[n2lcn0122:2001575] MCW rank 604 bound to socket 1[core 112[hwt 0]]: [./././././././././././././././././././././././././././././././././././././././././././././././././././././././././././././././.][././././././././././././././././././././././././././././././././././././././././././././././././B/././././././././././././././.]
[n2lcn0113:1395341] MCW rank 349 bound to socket 1[core 116[hwt 0]]: [./././././././././././././././././././././././././././././././././././././././././././././././././././././././././././././././.][././././././././././././././././././././././././././././././././././././././././././././././././././././B/././././././././././.]
[n2lcn0113:1395340] MCW rank 348 bound to socket 1[core 112[hwt 0]]: [./././././././././././././././././././././././././././././././././././././././././././././././././././././././././././././././.][././././././././././././././././././././././././././././././././././././././././././././././././B/././././././././././././././.]
[n2lcn0113:1395341] MCW rank 349 bound to socket 1[core 116[hwt 0]]: [./././././././././././././././././././././././././././././././././././././././././././././././././././././././././././././././.][././././././././././././././././././././././././././././././././././././././././././././././././././././B/././././././././././.]
[n2lcn0134:841706] MCW rank 921 bound to socket 1[core 100[hwt 0]]: [./././././././././././././././././././././././././././././././././././././././././././././././././././././././././././././././.][././././././././././././././././././././././././././././././././././././B/././././././././././././././././././././././././././.]
[n2lcn0114.ab2021.local:3773608] MCW rank 373 bound to socket 1[core 84[hwt 0]]: [./././././././././././././././././././././././././././././././././././././././././././././././././././././././././././././././.][././././././././././././././././././././B/././././././././././././././././././././././././././././././././././././././././././.]
[n2lcn0134:841710] MCW rank 925 bound to socket 1[core 116[hwt 0]]: [./././././././././././././././././././././././././././././././././././././././././././././././././././././././././././././././.][././././././././././././././././././././././././././././././././././././././././././././././././././././B/././././././././././.]
[n2lcn0122:2001573] MCW rank 602 bound to socket 1[core 104[hwt 0]]: [./././././././././././././././././././././././././././././././././././././././././././././././././././././././././././././././.][././././././././././././././././././././././././././././././././././././././././B/././././././././././././././././././././././.]
[n2lcn0122:2001575] MCW rank 604 bound to socket 1[core 112[hwt 0]]: [./././././././././././././././././././././././././././././././././././././././././././././././././././././././././././././././.][././././././././././././././././././././././././././././././././././././././././././././././././B/././././././././././././././.]
[n2lcn0134:841706] MCW rank 921 bound to socket 1[core 100[hwt 0]]: [./././././././././././././././././././././././././././././././././././././././././././././././././././././././././././././././.][././././././././././././././././././././././././././././././././././././B/././././././././././././././././././././././././././.]
[n2lcn0134:841711] MCW rank 926 bound to socket 1[core 120[hwt 0]]: [./././././././././././././././././././././././././././././././././././././././././././././././././././././././././././././././.][././././././././././././././././././././././././././././././././././././././././././././././././././././././././B/././././././.]
[n2lcn0134:841710] MCW rank 925 bound to socket 1[core 116[hwt 0]]: [./././././././././././././././././././././././././././././././././././././././././././././././././././././././././././././././.][././././././././././././././././././././././././././././././././././././././././././././././././././././B/././././././././././.]
[n2lcn0134:841711] MCW rank 926 bound to socket 1[core 120[hwt 0]]: [./././././././././././././././././././././././././././././././././././././././././././././././././././././././././././././././.][././././././././././././././././././././././././././././././././././././././././././././././././././././././././B/././././././.]
[n2lcn0134:841686] MCW rank 901 bound to socket 0[core 20[hwt 0]]: [././././././././././././././././././././B/././././././././././././././././././././././././././././././././././././././././././.][./././././././././././././././././././././././././././././././././././././././././././././././././././././././././././././././.]
[n2lcn0134:841703] MCW rank 918 bound to socket 1[core 88[hwt 0]]: [./././././././././././././././././././././././././././././././././././././././././././././././././././././././././././././././.][././././././././././././././././././././././././B/././././././././././././././././././././././././././././././././././././././.]
[n2lcn0134:841701] MCW rank 916 bound to socket 1[core 80[hwt 0]]: [./././././././././././././././././././././././././././././././././././././././././././././././././././././././././././././././.][././././././././././././././././B/././././././././././././././././././././././././././././././././././././././././././././././.]
[n2lcn0134:841686] MCW rank 901 bound to socket 0[core 20[hwt 0]]: [././././././././././././././././././././B/././././././././././././././././././././././././././././././././././././././././././.][./././././././././././././././././././././././././././././././././././././././././././././././././././././././././././././././.]
[n2lcn0134:841701] MCW rank 916 bound to socket 1[core 80[hwt 0]]: [./././././././././././././././././././././././././././././././././././././././././././././././././././././././././././././././.][././././././././././././././././B/././././././././././././././././././././././././././././././././././././././././././././././.]
[n2lcn0134:841703] MCW rank 918 bound to socket 1[core 88[hwt 0]]: [./././././././././././././././././././././././././././././././././././././././././././././././././././././././././././././././.][././././././././././././././././././././././././B/././././././././././././././././././././././././././././././././././././././.]
[n2lcn0114.ab2021.local:3773588] MCW rank 353 bound to socket 0[core 4[hwt 0]]: [././././B/././././././././././././././././././././././././././././././././././././././././././././././././././././././././././.][./././././././././././././././././././././././././././././././././././././././././././././././././././././././././././././././.]
[n2lcn0132:511962] MCW rank 842 bound to socket 0[core 40[hwt 0]]: [././././././././././././././././././././././././././././././././././././././././B/././././././././././././././././././././././.][./././././././././././././././././././././././././././././././././././././././././././././././././././././././././././././././.]
[n2lcn0114.ab2021.local:3773587] MCW rank 352 bound to socket 0[core 0[hwt 0]]: [B/././././././././././././././././././././././././././././././././././././././././././././././././././././././././././././././.][./././././././././././././././././././././././././././././././././././././././././././././././././././././././././././././././.]
[n2lcn0114.ab2021.local:3773588] MCW rank 353 bound to socket 0[core 4[hwt 0]]: [././././B/././././././././././././././././././././././././././././././././././././././././././././././././././././././././././.][./././././././././././././././././././././././././././././././././././././././././././././././././././././././././././././././.]
[n2lcn0132:511962] MCW rank 842 bound to socket 0[core 40[hwt 0]]: [././././././././././././././././././././././././././././././././././././././././B/././././././././././././././././././././././.][./././././././././././././././././././././././././././././././././././././././././././././././././././././././././././././././.]
[n2lcn0114.ab2021.local:3773587] MCW rank 352 bound to socket 0[core 0[hwt 0]]: [B/././././././././././././././././././././././././././././././././././././././././././././././././././././././././././././././.][./././././././././././././././././././././././././././././././././././././././././././././././././././././././././././././././.]
[n2lcn0114.ab2021.local:3773589] MCW rank 354 bound to socket 0[core 8[hwt 0]]: [././././././././B/././././././././././././././././././././././././././././././././././././././././././././././././././././././.][./././././././././././././././././././././././././././././././././././././././././././././././././././././././././././././././.]
[n2lcn0121:2576020] MCW rank 563 bound to socket 1[core 76[hwt 0]]: [./././././././././././././././././././././././././././././././././././././././././././././././././././././././././././././././.][././././././././././././B/././././././././././././././././././././././././././././././././././././././././././././././././././.]
[n2lcn0114.ab2021.local:3773590] MCW rank 355 bound to socket 0[core 12[hwt 0]]: [././././././././././././B/././././././././././././././././././././././././././././././././././././././././././././././././././.][./././././././././././././././././././././././././././././././././././././././././././././././././././././././././././././././.]
[n2lcn0114.ab2021.local:3773589] MCW rank 354 bound to socket 0[core 8[hwt 0]]: [././././././././B/././././././././././././././././././././././././././././././././././././././././././././././././././././././.][./././././././././././././././././././././././././././././././././././././././././././././././././././././././././././././././.]
[n2lcn0114.ab2021.local:3773590] MCW rank 355 bound to socket 0[core 12[hwt 0]]: [././././././././././././B/././././././././././././././././././././././././././././././././././././././././././././././././././.][./././././././././././././././././././././././././././././././././././././././././././././././././././././././././././././././.]
[n2lcn0121:2576020] MCW rank 563 bound to socket 1[core 76[hwt 0]]: [./././././././././././././././././././././././././././././././././././././././././././././././././././././././././././././././.][././././././././././././B/././././././././././././././././././././././././././././././././././././././././././././././././././.]
[n2lcn0118:1191076] MCW rank 509 bound to socket 1[core 116[hwt 0]]: [./././././././././././././././././././././././././././././././././././././././././././././././././././././././././././././././.][././././././././././././././././././././././././././././././././././././././././././././././././././././B/././././././././././.]
[n2lcn0118:1191075] MCW rank 508 bound to socket 1[core 112[hwt 0]]: [./././././././././././././././././././././././././././././././././././././././././././././././././././././././././././././././.][././././././././././././././././././././././././././././././././././././././././././././././././B/././././././././././././././.]
[n2lcn0118:1191076] MCW rank 509 bound to socket 1[core 116[hwt 0]]: [./././././././././././././././././././././././././././././././././././././././././././././././././././././././././././././././.][././././././././././././././././././././././././././././././././././././././././././././././././././././B/././././././././././.]
[n2lcn0118:1191075] MCW rank 508 bound to socket 1[core 112[hwt 0]]: [./././././././././././././././././././././././././././././././././././././././././././././././././././././././././././././././.][././././././././././././././././././././././././././././././././././././././././././././././././B/././././././././././././././.]
[n2lcn0133.ab2021.local:827360] MCW rank 890 bound to socket 1[core 104[hwt 0]]: [./././././././././././././././././././././././././././././././././././././././././././././././././././././././././././././././.][././././././././././././././././././././././././././././././././././././././././B/././././././././././././././././././././././.]
[n2lcn0118:1191067] MCW rank 500 bound to socket 1[core 80[hwt 0]]: [./././././././././././././././././././././././././././././././././././././././././././././././././././././././././././././././.][././././././././././././././././B/././././././././././././././././././././././././././././././././././././././././././././././.]
[n2lcn0133.ab2021.local:827360] MCW rank 890 bound to socket 1[core 104[hwt 0]]: [./././././././././././././././././././././././././././././././././././././././././././././././././././././././././././././././.][././././././././././././././././././././././././././././././././././././././././B/././././././././././././././././././././././.]
[n2lcn0134:841681] MCW rank 896 bound to socket 0[core 0[hwt 0]]: [B/././././././././././././././././././././././././././././././././././././././././././././././././././././././././././././././.][./././././././././././././././././././././././././././././././././././././././././././././././././././././././././././././././.]
[n2lcn0134:841682] MCW rank 897 bound to socket 0[core 4[hwt 0]]: [././././B/././././././././././././././././././././././././././././././././././././././././././././././././././././././././././.][./././././././././././././././././././././././././././././././././././././././././././././././././././././././././././././././.]
[n2lcn0131.ab2021.local:3581949] MCW rank 803 bound to socket 0[core 12[hwt 0]]: [././././././././././././B/././././././././././././././././././././././././././././././././././././././././././././././././././.][./././././././././././././././././././././././././././././././././././././././././././././././././././././././././././././././.]
[n2lcn0118:1191067] MCW rank 500 bound to socket 1[core 80[hwt 0]]: [./././././././././././././././././././././././././././././././././././././././././././././././././././././././././././././././.][././././././././././././././././B/././././././././././././././././././././././././././././././././././././././././././././././.]
[n2lcn0134:841681] MCW rank 896 bound to socket 0[core 0[hwt 0]]: [B/././././././././././././././././././././././././././././././././././././././././././././././././././././././././././././././.][./././././././././././././././././././././././././././././././././././././././././././././././././././././././././././././././.]
[n2lcn0134:841682] MCW rank 897 bound to socket 0[core 4[hwt 0]]: [././././B/././././././././././././././././././././././././././././././././././././././././././././././././././././././././././.][./././././././././././././././././././././././././././././././././././././././././././././././././././././././././././././././.]
[n2lcn0131.ab2021.local:3581949] MCW rank 803 bound to socket 0[core 12[hwt 0]]: [././././././././././././B/././././././././././././././././././././././././././././././././././././././././././././././././././.][./././././././././././././././././././././././././././././././././././././././././././././././././././././././././././././././.]
[n2lcn0114.ab2021.local:3773591] MCW rank 356 bound to socket 0[core 16[hwt 0]]: [././././././././././././././././B/././././././././././././././././././././././././././././././././././././././././././././././.][./././././././././././././././././././././././././././././././././././././././././././././././././././././././././././././././.]
[n2lcn0114.ab2021.local:3773592] MCW rank 357 bound to socket 0[core 20[hwt 0]]: [././././././././././././././././././././B/././././././././././././././././././././././././././././././././././././././././././.][./././././././././././././././././././././././././././././././././././././././././././././././././././././././././././././././.]
[n2lcn0114.ab2021.local:3773596] MCW rank 361 bound to socket 0[core 36[hwt 0]]: [././././././././././././././././././././././././././././././././././././B/././././././././././././././././././././././././././.][./././././././././././././././././././././././././././././././././././././././././././././././././././././././././././././././.]
[n2lcn0114.ab2021.local:3773591] MCW rank 356 bound to socket 0[core 16[hwt 0]]: [././././././././././././././././B/././././././././././././././././././././././././././././././././././././././././././././././.][./././././././././././././././././././././././././././././././././././././././././././././././././././././././././././././././.]
[n2lcn0114.ab2021.local:3773592] MCW rank 357 bound to socket 0[core 20[hwt 0]]: [././././././././././././././././././././B/././././././././././././././././././././././././././././././././././././././././././.][./././././././././././././././././././././././././././././././././././././././././././././././././././././././././././././././.]
[n2lcn0114.ab2021.local:3773596] MCW rank 361 bound to socket 0[core 36[hwt 0]]: [././././././././././././././././././././././././././././././././././././B/././././././././././././././././././././././././././.][./././././././././././././././././././././././././././././././././././././././././././././././././././././././././././././././.]
[n2lcn0114.ab2021.local:3773598] MCW rank 363 bound to socket 0[core 44[hwt 0]]: [././././././././././././././././././././././././././././././././././././././././././././B/././././././././././././././././././.][./././././././././././././././././././././././././././././././././././././././././././././././././././././././././././././././.]
[n2lcn0134:841683] MCW rank 898 bound to socket 0[core 8[hwt 0]]: [././././././././B/././././././././././././././././././././././././././././././././././././././././././././././././././././././.][./././././././././././././././././././././././././././././././././././././././././././././././././././././././././././././././.]
[n2lcn0114.ab2021.local:3773598] MCW rank 363 bound to socket 0[core 44[hwt 0]]: [././././././././././././././././././././././././././././././././././././././././././././B/././././././././././././././././././.][./././././././././././././././././././././././././././././././././././././././././././././././././././././././././././././././.]
[n2lcn0119:3881783] MCW rank 521 bound to socket 0[core 36[hwt 0]]: [././././././././././././././././././././././././././././././././././././B/././././././././././././././././././././././././././.][./././././././././././././././././././././././././././././././././././././././././././././././././././././././././././././././.]
[n2lcn0137:2455420] MCW rank 1012 bound to socket 1[core 80[hwt 0]]: [./././././././././././././././././././././././././././././././././././././././././././././././././././././././././././././././.][././././././././././././././././B/././././././././././././././././././././././././././././././././././././././././././././././.]
[n2lcn0134:841683] MCW rank 898 bound to socket 0[core 8[hwt 0]]: [././././././././B/././././././././././././././././././././././././././././././././././././././././././././././././././././././.][./././././././././././././././././././././././././././././././././././././././././././././././././././././././././././././././.]
[n2lcn0119:3881783] MCW rank 521 bound to socket 0[core 36[hwt 0]]: [././././././././././././././././././././././././././././././././././././B/././././././././././././././././././././././././././.][./././././././././././././././././././././././././././././././././././././././././././././././././././././././././././././././.]
[n2lcn0137:2455420] MCW rank 1012 bound to socket 1[core 80[hwt 0]]: [./././././././././././././././././././././././././././././././././././././././././././././././././././././././././././././././.][././././././././././././././././B/././././././././././././././././././././././././././././././././././././././././././././././.]
[n2lcn0122:2001549] MCW rank 578 bound to socket 0[core 8[hwt 0]]: [././././././././B/././././././././././././././././././././././././././././././././././././././././././././././././././././././.][./././././././././././././././././././././././././././././././././././././././././././././././././././././././././././././././.]
[n2lcn0116.ab2021.local:2417147] MCW rank 423 bound to socket 0[core 28[hwt 0]]: [././././././././././././././././././././././././././././B/././././././././././././././././././././././././././././././././././.][./././././././././././././././././././././././././././././././././././././././././././././././././././././././././././././././.]
[n2lcn0122:2001549] MCW rank 578 bound to socket 0[core 8[hwt 0]]: [././././././././B/././././././././././././././././././././././././././././././././././././././././././././././././././././././.][./././././././././././././././././././././././././././././././././././././././././././././././././././././././././././././././.]
[n2lcn0137:2455421] MCW rank 1013 bound to socket 1[core 84[hwt 0]]: [./././././././././././././././././././././././././././././././././././././././././././././././././././././././././././././././.][././././././././././././././././././././B/././././././././././././././././././././././././././././././././././././././././././.]
[n2lcn0134:841685] MCW rank 900 bound to socket 0[core 16[hwt 0]]: [././././././././././././././././B/././././././././././././././././././././././././././././././././././././././././././././././.][./././././././././././././././././././././././././././././././././././././././././././././././././././././././././././././././.]
[n2lcn0116.ab2021.local:2417147] MCW rank 423 bound to socket 0[core 28[hwt 0]]: [././././././././././././././././././././././././././././B/././././././././././././././././././././././././././././././././././.][./././././././././././././././././././././././././././././././././././././././././././././././././././././././././././././././.]
[n2lcn0113:1395328] MCW rank 336 bound to socket 1[core 64[hwt 0]]: [./././././././././././././././././././././././././././././././././././././././././././././././././././././././././././././././.][B/././././././././././././././././././././././././././././././././././././././././././././././././././././././././././././././.]
[n2lcn0134:841692] MCW rank 907 bound to socket 0[core 44[hwt 0]]: [././././././././././././././././././././././././././././././././././././././././././././B/././././././././././././././././././.][./././././././././././././././././././././././././././././././././././././././././././././././././././././././././././././././.]
[n2lcn0137:2455421] MCW rank 1013 bound to socket 1[core 84[hwt 0]]: [./././././././././././././././././././././././././././././././././././././././././././././././././././././././././././././././.][././././././././././././././././././././B/././././././././././././././././././././././././././././././././././././././././././.]
[n2lcn0134:841685] MCW rank 900 bound to socket 0[core 16[hwt 0]]: [././././././././././././././././B/././././././././././././././././././././././././././././././././././././././././././././././.][./././././././././././././././././././././././././././././././././././././././././././././././././././././././././././././././.]
[n2lcn0111.ab2021.local:792573] MCW rank 286 bound to socket 1[core 120[hwt 0]]: [./././././././././././././././././././././././././././././././././././././././././././././././././././././././././././././././.][././././././././././././././././././././././././././././././././././././././././././././././././././././././././B/././././././.]
[n2lcn0134:841702] MCW rank 917 bound to socket 1[core 84[hwt 0]]: [./././././././././././././././././././././././././././././././././././././././././././././././././././././././././././././././.][././././././././././././././././././././B/././././././././././././././././././././././././././././././././././././././././././.]
[n2lcn0114.ab2021.local:3773602] MCW rank 367 bound to socket 0[core 60[hwt 0]]: [././././././././././././././././././././././././././././././././././././././././././././././././././././././././././././B/././.][./././././././././././././././././././././././././././././././././././././././././././././././././././././././././././././././.]
[n2lcn0116.ab2021.local:2417148] MCW rank 424 bound to socket 0[core 32[hwt 0]]: [././././././././././././././././././././././././././././././././B/././././././././././././././././././././././././././././././.][./././././././././././././././././././././././././././././././././././././././././././././././././././././././././././././././.]
[n2lcn0134:841692] MCW rank 907 bound to socket 0[core 44[hwt 0]]: [././././././././././././././././././././././././././././././././././././././././././././B/././././././././././././././././././.][./././././././././././././././././././././././././././././././././././././././././././././././././././././././././././././././.]
[n2lcn0116.ab2021.local:2417148] MCW rank 424 bound to socket 0[core 32[hwt 0]]: [././././././././././././././././././././././././././././././././B/././././././././././././././././././././././././././././././.][./././././././././././././././././././././././././././././././././././././././././././././././././././././././././././././././.]
[n2lcn0134:841702] MCW rank 917 bound to socket 1[core 84[hwt 0]]: [./././././././././././././././././././././././././././././././././././././././././././././././././././././././././././././././.][././././././././././././././././././././B/././././././././././././././././././././././././././././././././././././././././././.]
[n2lcn0116.ab2021.local:2417157] MCW rank 433 bound to socket 1[core 68[hwt 0]]: [./././././././././././././././././././././././././././././././././././././././././././././././././././././././././././././././.][././././B/././././././././././././././././././././././././././././././././././././././././././././././././././././././././././.]
[n2lcn0116.ab2021.local:2417157] MCW rank 433 bound to socket 1[core 68[hwt 0]]: [./././././././././././././././././././././././././././././././././././././././././././././././././././././././././././././././.][././././B/././././././././././././././././././././././././././././././././././././././././././././././././././././././././././.]
[n2lcn0113:1395328] MCW rank 336 bound to socket 1[core 64[hwt 0]]: [./././././././././././././././././././././././././././././././././././././././././././././././././././././././././././././././.][B/././././././././././././././././././././././././././././././././././././././././././././././././././././././././././././././.]
[n2lcn0134:841705] MCW rank 920 bound to socket 1[core 96[hwt 0]]: [./././././././././././././././././././././././././././././././././././././././././././././././././././././././././././././././.][././././././././././././././././././././././././././././././././B/././././././././././././././././././././././././././././././.]
[n2lcn0111.ab2021.local:792573] MCW rank 286 bound to socket 1[core 120[hwt 0]]: [./././././././././././././././././././././././././././././././././././././././././././././././././././././././././././././././.][././././././././././././././././././././././././././././././././././././././././././././././././././././././././B/././././././.]
[n2lcn0134:841712] MCW rank 927 bound to socket 1[core 124[hwt 0]]: [./././././././././././././././././././././././././././././././././././././././././././././././././././././././././././././././.][././././././././././././././././././././././././././././././././././././././././././././././././././././././././././././B/././.]
[n2lcn0134:841705] MCW rank 920 bound to socket 1[core 96[hwt 0]]: [./././././././././././././././././././././././././././././././././././././././././././././././././././././././././././././././.][././././././././././././././././././././././././././././././././B/././././././././././././././././././././././././././././././.]
[n2lcn0114.ab2021.local:3773611] MCW rank 376 bound to socket 1[core 96[hwt 0]]: [./././././././././././././././././././././././././././././././././././././././././././././././././././././././././././././././.][././././././././././././././././././././././././././././././././B/././././././././././././././././././././././././././././././.]
[n2lcn0114.ab2021.local:3773602] MCW rank 367 bound to socket 0[core 60[hwt 0]]: [././././././././././././././././././././././././././././././././././././././././././././././././././././././././././././B/././.][./././././././././././././././././././././././././././././././././././././././././././././././././././././././././././././././.]
[n2lcn0134:841712] MCW rank 927 bound to socket 1[core 124[hwt 0]]: [./././././././././././././././././././././././././././././././././././././././././././././././././././././././././././././././.][././././././././././././././././././././././././././././././././././././././././././././././././././././././././././././B/././.]
[n2lcn0119:3881788] MCW rank 526 bound to socket 0[core 56[hwt 0]]: [././././././././././././././././././././././././././././././././././././././././././././././././././././././././B/././././././.][./././././././././././././././././././././././././././././././././././././././././././././././././././././././././././././././.]
[n2lcn0114.ab2021.local:3773611] MCW rank 376 bound to socket 1[core 96[hwt 0]]: [./././././././././././././././././././././././././././././././././././././././././././././././././././././././././././././././.][././././././././././././././././././././././././././././././././B/././././././././././././././././././././././././././././././.]
[n2lcn0114.ab2021.local:3773607] MCW rank 372 bound to socket 1[core 80[hwt 0]]: [./././././././././././././././././././././././././././././././././././././././././././././././././././././././././././././././.][././././././././././././././././B/././././././././././././././././././././././././././././././././././././././././././././././.]
[n2lcn0114.ab2021.local:3773605] MCW rank 370 bound to socket 1[core 72[hwt 0]]: [./././././././././././././././././././././././././././././././././././././././././././././././././././././././././././././././.][././././././././B/././././././././././././././././././././././././././././././././././././././././././././././././././././././.]
[n2lcn0119:3881788] MCW rank 526 bound to socket 0[core 56[hwt 0]]: [././././././././././././././././././././././././././././././././././././././././././././././././././././././././B/././././././.][./././././././././././././././././././././././././././././././././././././././././././././././././././././././././././././././.]
[n2lcn0114.ab2021.local:3773607] MCW rank 372 bound to socket 1[core 80[hwt 0]]: [./././././././././././././././././././././././././././././././././././././././././././././././././././././././././././././././.][././././././././././././././././B/././././././././././././././././././././././././././././././././././././././././././././././.]
[n2lcn0111.ab2021.local:792547] MCW rank 260 bound to socket 0[core 16[hwt 0]]: [././././././././././././././././B/././././././././././././././././././././././././././././././././././././././././././././././.][./././././././././././././././././././././././././././././././././././././././././././././././././././././././././././././././.]
[n2lcn0114.ab2021.local:3773605] MCW rank 370 bound to socket 1[core 72[hwt 0]]: [./././././././././././././././././././././././././././././././././././././././././././././././././././././././././././././././.][././././././././B/././././././././././././././././././././././././././././././././././././././././././././././././././././././.]
[n2lcn0114.ab2021.local:3773610] MCW rank 375 bound to socket 1[core 92[hwt 0]]: [./././././././././././././././././././././././././././././././././././././././././././././././././././././././././././././././.][././././././././././././././././././././././././././././B/././././././././././././././././././././././././././././././././././.]
[n2lcn0114.ab2021.local:3773610] MCW rank 375 bound to socket 1[core 92[hwt 0]]: [./././././././././././././././././././././././././././././././././././././././././././././././././././././././././././././././.][././././././././././././././././././././././././././././B/././././././././././././././././././././././././././././././././././.]
[n2lcn0111.ab2021.local:792547] MCW rank 260 bound to socket 0[core 16[hwt 0]]: [././././././././././././././././B/././././././././././././././././././././././././././././././././././././././././././././././.][./././././././././././././././././././././././././././././././././././././././././././././././././././././././././././././././.]
[n2lcn0111.ab2021.local:792559] MCW rank 272 bound to socket 1[core 64[hwt 0]]: [./././././././././././././././././././././././././././././././././././././././././././././././././././././././././././././././.][B/././././././././././././././././././././././././././././././././././././././././././././././././././././././././././././././.]
[n2lcn0134:841704] MCW rank 919 bound to socket 1[core 92[hwt 0]]: [./././././././././././././././././././././././././././././././././././././././././././././././././././././././././././././././.][././././././././././././././././././././././././././././B/././././././././././././././././././././././././././././././././././.]
[n2lcn0113:1395338] MCW rank 346 bound to socket 1[core 104[hwt 0]]: [./././././././././././././././././././././././././././././././././././././././././././././././././././././././././././././././.][././././././././././././././././././././././././././././././././././././././././B/././././././././././././././././././././././.]
[n2lcn0111.ab2021.local:792559] MCW rank 272 bound to socket 1[core 64[hwt 0]]: [./././././././././././././././././././././././././././././././././././././././././././././././././././././././././././././././.][B/././././././././././././././././././././././././././././././././././././././././././././././././././././././././././././././.]
[n2lcn0119:3881803] MCW rank 541 bound to socket 1[core 116[hwt 0]]: [./././././././././././././././././././././././././././././././././././././././././././././././././././././././././././././././.][././././././././././././././././././././././././././././././././././././././././././././././././././././B/././././././././././.]
[n2lcn0119:3881803] MCW rank 541 bound to socket 1[core 116[hwt 0]]: [./././././././././././././././././././././././././././././././././././././././././././././././././././././././././././././././.][././././././././././././././././././././././././././././././././././././././././././././././././././././B/././././././././././.]
[n2lcn0134:841704] MCW rank 919 bound to socket 1[core 92[hwt 0]]: [./././././././././././././././././././././././././././././././././././././././././././././././././././././././././././././././.][././././././././././././././././././././././././././././B/././././././././././././././././././././././././././././././././././.]
[n2lcn0113:1395338] MCW rank 346 bound to socket 1[core 104[hwt 0]]: [./././././././././././././././././././././././././././././././././././././././././././././././././././././././././././././././.][././././././././././././././././././././././././././././././././././././././././B/././././././././././././././././././././././.]
[n2lcn0134:841684] MCW rank 899 bound to socket 0[core 12[hwt 0]]: [././././././././././././B/././././././././././././././././././././././././././././././././././././././././././././././././././.][./././././././././././././././././././././././././././././././././././././././././././././././././././././././././././././././.]
[n2lcn0134:841684] MCW rank 899 bound to socket 0[core 12[hwt 0]]: [././././././././././././B/././././././././././././././././././././././././././././././././././././././././././././././././././.][./././././././././././././././././././././././././././././././././././././././././././././././././././././././././././././././.]
[n2lcn0136:1666992] MCW rank 990 bound to socket 1[core 120[hwt 0]]: [./././././././././././././././././././././././././././././././././././././././././././././././././././././././././././././././.][././././././././././././././././././././././././././././././././././././././././././././././././././././././././B/././././././.]
[n2lcn0122:2001576] MCW rank 605 bound to socket 1[core 116[hwt 0]]: [./././././././././././././././././././././././././././././././././././././././././././././././././././././././././././././././.][././././././././././././././././././././././././././././././././././././././././././././././././././././B/././././././././././.]
[n2lcn0136:1666992] MCW rank 990 bound to socket 1[core 120[hwt 0]]: [./././././././././././././././././././././././././././././././././././././././././././././././././././././././././././././././.][././././././././././././././././././././././././././././././././././././././././././././././././././././././././B/././././././.]
[n2lcn0136:1666993] MCW rank 991 bound to socket 1[core 124[hwt 0]]: [./././././././././././././././././././././././././././././././././././././././././././././././././././././././././././././././.][././././././././././././././././././././././././././././././././././././././././././././././././././././././././././././B/././.]
[n2lcn0122:2001576] MCW rank 605 bound to socket 1[core 116[hwt 0]]: [./././././././././././././././././././././././././././././././././././././././././././././././././././././././././././././././.][././././././././././././././././././././././././././././././././././././././././././././././././././././B/././././././././././.]
[n2lcn0136:1666993] MCW rank 991 bound to socket 1[core 124[hwt 0]]: [./././././././././././././././././././././././././././././././././././././././././././././././././././././././././././././././.][././././././././././././././././././././././././././././././././././././././././././././././././././././././././././././B/././.]
[n2lcn0122:2001571] MCW rank 600 bound to socket 1[core 96[hwt 0]]: [./././././././././././././././././././././././././././././././././././././././././././././././././././././././././././././././.][././././././././././././././././././././././././././././././././B/././././././././././././././././././././././././././././././.]
[n2lcn0122:2001571] MCW rank 600 bound to socket 1[core 96[hwt 0]]: [./././././././././././././././././././././././././././././././././././././././././././././././././././././././././././././././.][././././././././././././././././././././././././././././././././B/././././././././././././././././././././././././././././././.]
[n2lcn0131.ab2021.local:3581963] MCW rank 817 bound to socket 1[core 68[hwt 0]]: [./././././././././././././././././././././././././././././././././././././././././././././././././././././././././././././././.][././././B/././././././././././././././././././././././././././././././././././././././././././././././././././././././././././.]
[n2lcn0131.ab2021.local:3581963] MCW rank 817 bound to socket 1[core 68[hwt 0]]: [./././././././././././././././././././././././././././././././././././././././././././././././././././././././././././././././.][././././B/././././././././././././././././././././././././././././././././././././././././././././././././././././././././././.]
[n2lcn0119:3881782] MCW rank 520 bound to socket 0[core 32[hwt 0]]: [././././././././././././././././././././././././././././././././B/././././././././././././././././././././././././././././././.][./././././././././././././././././././././././././././././././././././././././././././././././././././././././././././././././.]
[n2lcn0119:3881782] MCW rank 520 bound to socket 0[core 32[hwt 0]]: [././././././././././././././././././././././././././././././././B/././././././././././././././././././././././././././././././.][./././././././././././././././././././././././././././././././././././././././././././././././././././././././././././././././.]
[n2lcn0108.ab2021.local:2664622] MCW rank 169 bound to socket 0[core 36[hwt 0]]: [././././././././././././././././././././././././././././././././././././B/././././././././././././././././././././././././././.][./././././././././././././././././././././././././././././././././././././././././././././././././././././././././././././././.]
[n2lcn0131.ab2021.local:3581962] MCW rank 816 bound to socket 1[core 64[hwt 0]]: [./././././././././././././././././././././././././././././././././././././././././././././././././././././././././././././././.][B/././././././././././././././././././././././././././././././././././././././././././././././././././././././././././././././.]
[n2lcn0108.ab2021.local:2664622] MCW rank 169 bound to socket 0[core 36[hwt 0]]: [././././././././././././././././././././././././././././././././././././B/././././././././././././././././././././././././././.][./././././././././././././././././././././././././././././././././././././././././././././././././././././././././././././././.]
[n2lcn0131.ab2021.local:3581962] MCW rank 816 bound to socket 1[core 64[hwt 0]]: [./././././././././././././././././././././././././././././././././././././././././././././././././././././././././././././././.][B/././././././././././././././././././././././././././././././././././././././././././././././././././././././././././././././.]
[n2lcn0106:515400] MCW rank 108 bound to socket 0[core 48[hwt 0]]: [././././././././././././././././././././././././././././././././././././././././././././././././B/././././././././././././././.][./././././././././././././././././././././././././././././././././././././././././././././././././././././././././././././././.]
[n2lcn0108.ab2021.local:2664639] MCW rank 186 bound to socket 1[core 104[hwt 0]]: [./././././././././././././././././././././././././././././././././././././././././././././././././././././././././././././././.][././././././././././././././././././././././././././././././././././././././././B/././././././././././././././././././././././.]
[n2lcn0106:515400] MCW rank 108 bound to socket 0[core 48[hwt 0]]: [././././././././././././././././././././././././././././././././././././././././././././././././B/././././././././././././././.][./././././././././././././././././././././././././././././././././././././././././././././././././././././././././././././././.]
[n2lcn0108.ab2021.local:2664639] MCW rank 186 bound to socket 1[core 104[hwt 0]]: [./././././././././././././././././././././././././././././././././././././././././././././././././././././././././././././././.][././././././././././././././././././././././././././././././././././././././././B/././././././././././././././././././././././.]
[n2lcn0131.ab2021.local:3581974] MCW rank 828 bound to socket 1[core 112[hwt 0]]: [./././././././././././././././././././././././././././././././././././././././././././././././././././././././././././././././.][././././././././././././././././././././././././././././././././././././././././././././././././B/././././././././././././././.]
[n2lcn0131.ab2021.local:3581974] MCW rank 828 bound to socket 1[core 112[hwt 0]]: [./././././././././././././././././././././././././././././././././././././././././././././././././././././././././././././././.][././././././././././././././././././././././././././././././././././././././././././././././././B/././././././././././././././.]
[n2lcn0136:1666972] MCW rank 970 bound to socket 0[core 40[hwt 0]]: [././././././././././././././././././././././././././././././././././././././././B/././././././././././././././././././././././.][./././././././././././././././././././././././././././././././././././././././././././././././././././././././././././././././.]
[n2lcn0111.ab2021.local:792552] MCW rank 265 bound to socket 0[core 36[hwt 0]]: [././././././././././././././././././././././././././././././././././././B/././././././././././././././././././././././././././.][./././././././././././././././././././././././././././././././././././././././././././././././././././././././././././././././.]
[n2lcn0108.ab2021.local:2664629] MCW rank 176 bound to socket 1[core 64[hwt 0]]: [./././././././././././././././././././././././././././././././././././././././././././././././././././././././././././././././.][B/././././././././././././././././././././././././././././././././././././././././././././././././././././././././././././././.]
[n2lcn0119:3881797] MCW rank 535 bound to socket 1[core 92[hwt 0]]: [./././././././././././././././././././././././././././././././././././././././././././././././././././././././././././././././.][././././././././././././././././././././././././././././B/././././././././././././././././././././././././././././././././././.]
[n2lcn0136:1666972] MCW rank 970 bound to socket 0[core 40[hwt 0]]: [././././././././././././././././././././././././././././././././././././././././B/././././././././././././././././././././././.][./././././././././././././././././././././././././././././././././././././././././././././././././././././././././././././././.]
[n2lcn0136:1666985] MCW rank 983 bound to socket 1[core 92[hwt 0]]: [./././././././././././././././././././././././././././././././././././././././././././././././././././././././././././././././.][././././././././././././././././././././././././././././B/././././././././././././././././././././././././././././././././././.]
[n2lcn0111.ab2021.local:792551] MCW rank 264 bound to socket 0[core 32[hwt 0]]: [././././././././././././././././././././././././././././././././B/././././././././././././././././././././././././././././././.][./././././././././././././././././././././././././././././././././././././././././././././././././././././././././././././././.]
[n2lcn0119:3881797] MCW rank 535 bound to socket 1[core 92[hwt 0]]: [./././././././././././././././././././././././././././././././././././././././././././././././././././././././././././././././.][././././././././././././././././././././././././././././B/././././././././././././././././././././././././././././././././././.]
[n2lcn0111.ab2021.local:792552] MCW rank 265 bound to socket 0[core 36[hwt 0]]: [././././././././././././././././././././././././././././././././././././B/././././././././././././././././././././././././././.][./././././././././././././././././././././././././././././././././././././././././././././././././././././././././././././././.]
[n2lcn0111.ab2021.local:792551] MCW rank 264 bound to socket 0[core 32[hwt 0]]: [././././././././././././././././././././././././././././././././B/././././././././././././././././././././././././././././././.][./././././././././././././././././././././././././././././././././././././././././././././././././././././././././././././././.]
[n2lcn0108.ab2021.local:2664629] MCW rank 176 bound to socket 1[core 64[hwt 0]]: [./././././././././././././././././././././././././././././././././././././././././././././././././././././././././././././././.][B/././././././././././././././././././././././././././././././././././././././././././././././././././././././././././././././.]
[n2lcn0108.ab2021.local:2664623] MCW rank 170 bound to socket 0[core 40[hwt 0]]: [././././././././././././././././././././././././././././././././././././././././B/././././././././././././././././././././././.][./././././././././././././././././././././././././././././././././././././././././././././././././././././././././././././././.]
[n2lcn0108.ab2021.local:2664623] MCW rank 170 bound to socket 0[core 40[hwt 0]]: [././././././././././././././././././././././././././././././././././././././././B/././././././././././././././././././././././.][./././././././././././././././././././././././././././././././././././././././././././././././././././././././././././././././.]
[n2lcn0136:1666985] MCW rank 983 bound to socket 1[core 92[hwt 0]]: [./././././././././././././././././././././././././././././././././././././././././././././././././././././././././././././././.][././././././././././././././././././././././././././././B/././././././././././././././././././././././././././././././././././.]
[n2lcn0119:3881774] MCW rank 512 bound to socket 0[core 0[hwt 0]]: [B/././././././././././././././././././././././././././././././././././././././././././././././././././././././././././././././.][./././././././././././././././././././././././././././././././././././././././././././././././././././././././././././././././.]
[n2lcn0111.ab2021.local:792574] MCW rank 287 bound to socket 1[core 124[hwt 0]]: [./././././././././././././././././././././././././././././././././././././././././././././././././././././././././././././././.][././././././././././././././././././././././././././././././././././././././././././././././././././././././././././././B/././.]
[n2lcn0111.ab2021.local:792574] MCW rank 287 bound to socket 1[core 124[hwt 0]]: [./././././././././././././././././././././././././././././././././././././././././././././././././././././././././././././././.][././././././././././././././././././././././././././././././././././././././././././././././././././././././././././././B/././.]
[n2lcn0119:3881774] MCW rank 512 bound to socket 0[core 0[hwt 0]]: [B/././././././././././././././././././././././././././././././././././././././././././././././././././././././././././././././.][./././././././././././././././././././././././././././././././././././././././././././././././././././././././././././././././.]
[n2lcn0111.ab2021.local:792568] MCW rank 281 bound to socket 1[core 100[hwt 0]]: [./././././././././././././././././././././././././././././././././././././././././././././././././././././././././././././././.][././././././././././././././././././././././././././././././././././././B/././././././././././././././././././././././././././.]
[n2lcn0111.ab2021.local:792568] MCW rank 281 bound to socket 1[core 100[hwt 0]]: [./././././././././././././././././././././././././././././././././././././././././././././././././././././././././././././././.][././././././././././././././././././././././././././././././././././././B/././././././././././././././././././././././././././.]
[n2lcn0136:1666968] MCW rank 966 bound to socket 0[core 24[hwt 0]]: [././././././././././././././././././././././././B/././././././././././././././././././././././././././././././././././././././.][./././././././././././././././././././././././././././././././././././././././././././././././././././././././././././././././.]
[n2lcn0136:1666968] MCW rank 966 bound to socket 0[core 24[hwt 0]]: [././././././././././././././././././././././././B/././././././././././././././././././././././././././././././././././././././.][./././././././././././././././././././././././././././././././././././././././././././././././././././././././././././././././.]
[n2lcn0136:1666980] MCW rank 978 bound to socket 1[core 72[hwt 0]]: [./././././././././././././././././././././././././././././././././././././././././././././././././././././././././././././././.][././././././././B/././././././././././././././././././././././././././././././././././././././././././././././././././././././.]
[n2lcn0136:1666980] MCW rank 978 bound to socket 1[core 72[hwt 0]]: [./././././././././././././././././././././././././././././././././././././././././././././././././././././././././././././././.][././././././././B/././././././././././././././././././././././././././././././././././././././././././././././././././././././.]
[n2lcn0106:515415] MCW rank 123 bound to socket 1[core 108[hwt 0]]: [./././././././././././././././././././././././././././././././././././././././././././././././././././././././././././././././.][././././././././././././././././././././././././././././././././././././././././././././B/././././././././././././././././././.]
[n2lcn0136:1666978] MCW rank 976 bound to socket 1[core 64[hwt 0]]: [./././././././././././././././././././././././././././././././././././././././././././././././././././././././././././././././.][B/././././././././././././././././././././././././././././././././././././././././././././././././././././././././././././././.]
[n2lcn0106:515415] MCW rank 123 bound to socket 1[core 108[hwt 0]]: [./././././././././././././././././././././././././././././././././././././././././././././././././././././././././././././././.][././././././././././././././././././././././././././././././././././././././././././././B/././././././././././././././././././.]
[n2lcn0122:2001547] MCW rank 576 bound to socket 0[core 0[hwt 0]]: [B/././././././././././././././././././././././././././././././././././././././././././././././././././././././././././././././.][./././././././././././././././././././././././././././././././././././././././././././././././././././././././././././././././.]
[n2lcn0132:511980] MCW rank 860 bound to socket 1[core 112[hwt 0]]: [./././././././././././././././././././././././././././././././././././././././././././././././././././././././././././././././.][././././././././././././././././././././././././././././././././././././././././././././././././B/././././././././././././././.]
[n2lcn0136:1666978] MCW rank 976 bound to socket 1[core 64[hwt 0]]: [./././././././././././././././././././././././././././././././././././././././././././././././././././././././././././././././.][B/././././././././././././././././././././././././././././././././././././././././././././././././././././././././././././././.]
[n2lcn0122:2001547] MCW rank 576 bound to socket 0[core 0[hwt 0]]: [B/././././././././././././././././././././././././././././././././././././././././././././././././././././././././././././././.][./././././././././././././././././././././././././././././././././././././././././././././././././././././././././././././././.]
[n2lcn0136:1666977] MCW rank 975 bound to socket 0[core 60[hwt 0]]: [././././././././././././././././././././././././././././././././././././././././././././././././././././././././././././B/././.][./././././././././././././././././././././././././././././././././././././././././././././././././././././././././././././././.]
[n2lcn0132:511980] MCW rank 860 bound to socket 1[core 112[hwt 0]]: [./././././././././././././././././././././././././././././././././././././././././././././././././././././././././././././././.][././././././././././././././././././././././././././././././././././././././././././././././././B/././././././././././././././.]
[n2lcn0136:1666977] MCW rank 975 bound to socket 0[core 60[hwt 0]]: [././././././././././././././././././././././././././././././././././././././././././././././././././././././././././././B/././.][./././././././././././././././././././././././././././././././././././././././././././././././././././././././././././././././.]
[n2lcn0132:511975] MCW rank 855 bound to socket 1[core 92[hwt 0]]: [./././././././././././././././././././././././././././././././././././././././././././././././././././././././././././././././.][././././././././././././././././././././././././././././B/././././././././././././././././././././././././././././././././././.]
[n2lcn0106:515417] MCW rank 125 bound to socket 1[core 116[hwt 0]]: [./././././././././././././././././././././././././././././././././././././././././././././././././././././././././././././././.][././././././././././././././././././././././././././././././././././././././././././././././././././././B/././././././././././.]
[n2lcn0116.ab2021.local:2417145] MCW rank 421 bound to socket 0[core 20[hwt 0]]: [././././././././././././././././././././B/././././././././././././././././././././././././././././././././././././././././././.][./././././././././././././././././././././././././././././././././././././././././././././././././././././././././././././././.]
[n2lcn0106:515417] MCW rank 125 bound to socket 1[core 116[hwt 0]]: [./././././././././././././././././././././././././././././././././././././././././././././././././././././././././././././././.][././././././././././././././././././././././././././././././././././././././././././././././././././././B/././././././././././.]
[n2lcn0106:515410] MCW rank 118 bound to socket 1[core 88[hwt 0]]: [./././././././././././././././././././././././././././././././././././././././././././././././././././././././././././././././.][././././././././././././././././././././././././B/././././././././././././././././././././././././././././././././././././././.]
[n2lcn0106:515410] MCW rank 118 bound to socket 1[core 88[hwt 0]]: [./././././././././././././././././././././././././././././././././././././././././././././././././././././././././././././././.][././././././././././././././././././././././././B/././././././././././././././././././././././././././././././././././././././.]
[n2lcn0132:511975] MCW rank 855 bound to socket 1[core 92[hwt 0]]: [./././././././././././././././././././././././././././././././././././././././././././././././././././././././././././././././.][././././././././././././././././././././././././././././B/././././././././././././././././././././././././././././././././././.]
[n2lcn0116.ab2021.local:2417165] MCW rank 441 bound to socket 1[core 100[hwt 0]]: [./././././././././././././././././././././././././././././././././././././././././././././././././././././././././././././././.][././././././././././././././././././././././././././././././././././././B/././././././././././././././././././././././././././.]
[n2lcn0116.ab2021.local:2417145] MCW rank 421 bound to socket 0[core 20[hwt 0]]: [././././././././././././././././././././B/././././././././././././././././././././././././././././././././././././././././././.][./././././././././././././././././././././././././././././././././././././././././././././././././././././././././././././././.]
[n2lcn0116.ab2021.local:2417165] MCW rank 441 bound to socket 1[core 100[hwt 0]]: [./././././././././././././././././././././././././././././././././././././././././././././././././././././././././././././././.][././././././././././././././././././././././././././././././././././././B/././././././././././././././././././././././././././.]
[n2lcn0116.ab2021.local:2417168] MCW rank 444 bound to socket 1[core 112[hwt 0]]: [./././././././././././././././././././././././././././././././././././././././././././././././././././././././././././././././.][././././././././././././././././././././././././././././././././././././././././././././././././B/././././././././././././././.]
[n2lcn0116.ab2021.local:2417168] MCW rank 444 bound to socket 1[core 112[hwt 0]]: [./././././././././././././././././././././././././././././././././././././././././././././././././././././././././././././././.][././././././././././././././././././././././././././././././././././././././././././././././././B/././././././././././././././.]
[n2lcn0111.ab2021.local:792545] MCW rank 258 bound to socket 0[core 8[hwt 0]]: [././././././././B/././././././././././././././././././././././././././././././././././././././././././././././././././././././.][./././././././././././././././././././././././././././././././././././././././././././././././././././././././././././././././.]
[n2lcn0111.ab2021.local:792545] MCW rank 258 bound to socket 0[core 8[hwt 0]]: [././././././././B/././././././././././././././././././././././././././././././././././././././././././././././././././././././.][./././././././././././././././././././././././././././././././././././././././././././././././././././././././././././././././.]
[n2lcn0116.ab2021.local:2417160] MCW rank 436 bound to socket 1[core 80[hwt 0]]: [./././././././././././././././././././././././././././././././././././././././././././././././././././././././././././././././.][././././././././././././././././B/././././././././././././././././././././././././././././././././././././././././././././././.]
[n2lcn0116.ab2021.local:2417162] MCW rank 438 bound to socket 1[core 88[hwt 0]]: [./././././././././././././././././././././././././././././././././././././././././././././././././././././././././././././././.][././././././././././././././././././././././././B/././././././././././././././././././././././././././././././././././././././.]
[n2lcn0126.ab2021.local:3450068] MCW rank 708 bound to socket 0[core 16[hwt 0]]: [././././././././././././././././B/././././././././././././././././././././././././././././././././././././././././././././././.][./././././././././././././././././././././././././././././././././././././././././././././././././././././././././././././././.]
[n2lcn0133.ab2021.local:827340] MCW rank 870 bound to socket 0[core 24[hwt 0]]: [././././././././././././././././././././././././B/././././././././././././././././././././././././././././././././././././././.][./././././././././././././././././././././././././././././././././././././././././././././././././././././././././././././././.]
[n2lcn0116.ab2021.local:2417160] MCW rank 436 bound to socket 1[core 80[hwt 0]]: [./././././././././././././././././././././././././././././././././././././././././././././././././././././././././././././././.][././././././././././././././././B/././././././././././././././././././././././././././././././././././././././././././././././.]
[n2lcn0116.ab2021.local:2417162] MCW rank 438 bound to socket 1[core 88[hwt 0]]: [./././././././././././././././././././././././././././././././././././././././././././././././././././././././././././././././.][././././././././././././././././././././././././B/././././././././././././././././././././././././././././././././././././././.]
[n2lcn0126.ab2021.local:3450068] MCW rank 708 bound to socket 0[core 16[hwt 0]]: [././././././././././././././././B/././././././././././././././././././././././././././././././././././././././././././././././.][./././././././././././././././././././././././././././././././././././././././././././././././././././././././././././././././.]
[n2lcn0133.ab2021.local:827340] MCW rank 870 bound to socket 0[core 24[hwt 0]]: [././././././././././././././././././././././././B/././././././././././././././././././././././././././././././././././././././.][./././././././././././././././././././././././././././././././././././././././././././././././././././././././././././././././.]
[n2lcn0126.ab2021.local:3450093] MCW rank 733 bound to socket 1[core 116[hwt 0]]: [./././././././././././././././././././././././././././././././././././././././././././././././././././././././././././././././.][././././././././././././././././././././././././././././././././././././././././././././././././././././B/././././././././././.]
[n2lcn0126.ab2021.local:3450092] MCW rank 732 bound to socket 1[core 112[hwt 0]]: [./././././././././././././././././././././././././././././././././././././././././././././././././././././././././././././././.][././././././././././././././././././././././././././././././././././././././././././././././././B/././././././././././././././.]
[n2lcn0126.ab2021.local:3450093] MCW rank 733 bound to socket 1[core 116[hwt 0]]: [./././././././././././././././././././././././././././././././././././././././././././././././././././././././././././././././.][././././././././././././././././././././././././././././././././././././././././././././././././././././B/././././././././././.]
[n2lcn0126.ab2021.local:3450092] MCW rank 732 bound to socket 1[core 112[hwt 0]]: [./././././././././././././././././././././././././././././././././././././././././././././././././././././././././././././././.][././././././././././././././././././././././././././././././././././././././././././././././././B/././././././././././././././.]
[n2lcn0126.ab2021.local:3450089] MCW rank 729 bound to socket 1[core 100[hwt 0]]: [./././././././././././././././././././././././././././././././././././././././././././././././././././././././././././././././.][././././././././././././././././././././././././././././././././././././B/././././././././././././././././././././././././././.]
[n2lcn0111.ab2021.local:792549] MCW rank 262 bound to socket 0[core 24[hwt 0]]: [././././././././././././././././././././././././B/././././././././././././././././././././././././././././././././././././././.][./././././././././././././././././././././././././././././././././././././././././././././././././././././././././././././././.]
[n2lcn0111.ab2021.local:792550] MCW rank 263 bound to socket 0[core 28[hwt 0]]: [././././././././././././././././././././././././././././B/././././././././././././././././././././././././././././././././././.][./././././././././././././././././././././././././././././././././././././././././././././././././././././././././././././././.]
[n2lcn0111.ab2021.local:792549] MCW rank 262 bound to socket 0[core 24[hwt 0]]: [././././././././././././././././././././././././B/././././././././././././././././././././././././././././././././././././././.][./././././././././././././././././././././././././././././././././././././././././././././././././././././././././././././././.]
[n2lcn0111.ab2021.local:792550] MCW rank 263 bound to socket 0[core 28[hwt 0]]: [././././././././././././././././././././././././././././B/././././././././././././././././././././././././././././././././././.][./././././././././././././././././././././././././././././././././././././././././././././././././././././././././././././././.]
[n2lcn0126.ab2021.local:3450089] MCW rank 729 bound to socket 1[core 100[hwt 0]]: [./././././././././././././././././././././././././././././././././././././././././././././././././././././././././././././././.][././././././././././././././././././././././././././././././././././././B/././././././././././././././././././././././././././.]
[n2lcn0126.ab2021.local:3450087] MCW rank 727 bound to socket 1[core 92[hwt 0]]: [./././././././././././././././././././././././././././././././././././././././././././././././././././././././././././././././.][././././././././././././././././././././././././././././B/././././././././././././././././././././././././././././././././././.]
[n2lcn0133.ab2021.local:827356] MCW rank 886 bound to socket 1[core 88[hwt 0]]: [./././././././././././././././././././././././././././././././././././././././././././././././././././././././././././././././.][././././././././././././././././././././././././B/././././././././././././././././././././././././././././././././././././././.]
[n2lcn0126.ab2021.local:3450087] MCW rank 727 bound to socket 1[core 92[hwt 0]]: [./././././././././././././././././././././././././././././././././././././././././././././././././././././././././././././././.][././././././././././././././././././././././././././././B/././././././././././././././././././././././././././././././././././.]
[n2lcn0126.ab2021.local:3450074] MCW rank 714 bound to socket 0[core 40[hwt 0]]: [././././././././././././././././././././././././././././././././././././././././B/././././././././././././././././././././././.][./././././././././././././././././././././././././././././././././././././././././././././././././././././././././././././././.]
[n2lcn0126.ab2021.local:3450080] MCW rank 720 bound to socket 1[core 64[hwt 0]]: [./././././././././././././././././././././././././././././././././././././././././././././././././././././././././././././././.][B/././././././././././././././././././././././././././././././././././././././././././././././././././././././././././././././.]
[n2lcn0126.ab2021.local:3450094] MCW rank 734 bound to socket 1[core 120[hwt 0]]: [./././././././././././././././././././././././././././././././././././././././././././././././././././././././././././././././.][././././././././././././././././././././././././././././././././././././././././././././././././././././././././B/././././././.]
[n2lcn0126.ab2021.local:3450074] MCW rank 714 bound to socket 0[core 40[hwt 0]]: [././././././././././././././././././././././././././././././././././././././././B/././././././././././././././././././././././.][./././././././././././././././././././././././././././././././././././././././././././././././././././././././././././././././.]
[n2lcn0126.ab2021.local:3450080] MCW rank 720 bound to socket 1[core 64[hwt 0]]: [./././././././././././././././././././././././././././././././././././././././././././././././././././././././././././././././.][B/././././././././././././././././././././././././././././././././././././././././././././././././././././././././././././././.]
[n2lcn0126.ab2021.local:3450094] MCW rank 734 bound to socket 1[core 120[hwt 0]]: [./././././././././././././././././././././././././././././././././././././././././././././././././././././././././././././././.][././././././././././././././././././././././././././././././././././././././././././././././././././././././././B/././././././.]
[n2lcn0133.ab2021.local:827356] MCW rank 886 bound to socket 1[core 88[hwt 0]]: [./././././././././././././././././././././././././././././././././././././././././././././././././././././././././././././././.][././././././././././././././././././././././././B/././././././././././././././././././././././././././././././././././././././.]
[n2lcn0137:2455410] MCW rank 1002 bound to socket 0[core 40[hwt 0]]: [././././././././././././././././././././././././././././././././././././././././B/././././././././././././././././././././././.][./././././././././././././././././././././././././././././././././././././././././././././././././././././././././././././././.]
[n2lcn0137:2455410] MCW rank 1002 bound to socket 0[core 40[hwt 0]]: [././././././././././././././././././././././././././././././././././././././././B/././././././././././././././././././././././.][./././././././././././././././././././././././././././././././././././././././././././././././././././././././././././././././.]
[n2lcn0126.ab2021.local:3450073] MCW rank 713 bound to socket 0[core 36[hwt 0]]: [././././././././././././././././././././././././././././././././././././B/././././././././././././././././././././././././././.][./././././././././././././././././././././././././././././././././././././././././././././././././././././././././././././././.]
[n2lcn0118:1191060] MCW rank 493 bound to socket 0[core 52[hwt 0]]: [././././././././././././././././././././././././././././././././././././././././././././././././././././B/././././././././././.][./././././././././././././././././././././././././././././././././././././././././././././././././././././././././././././././.]
[n2lcn0126.ab2021.local:3450073] MCW rank 713 bound to socket 0[core 36[hwt 0]]: [././././././././././././././././././././././././././././././././././././B/././././././././././././././././././././././././././.][./././././././././././././././././././././././././././././././././././././././././././././././././././././././././././././././.]
[n2lcn0118:1191060] MCW rank 493 bound to socket 0[core 52[hwt 0]]: [././././././././././././././././././././././././././././././././././././././././././././././././././././B/././././././././././.][./././././././././././././././././././././././././././././././././././././././././././././././././././././././././././././././.]
[n2lcn0119:3881792] MCW rank 530 bound to socket 1[core 72[hwt 0]]: [./././././././././././././././././././././././././././././././././././././././././././././././././././././././././././././././.][././././././././B/././././././././././././././././././././././././././././././././././././././././././././././././././././././.]
[n2lcn0119:3881793] MCW rank 531 bound to socket 1[core 76[hwt 0]]: [./././././././././././././././././././././././././././././././././././././././././././././././././././././././././././././././.][././././././././././././B/././././././././././././././././././././././././././././././././././././././././././././././././././.]
[n2lcn0119:3881793] MCW rank 531 bound to socket 1[core 76[hwt 0]]: [./././././././././././././././././././././././././././././././././././././././././././././././././././././././././././././././.][././././././././././././B/././././././././././././././././././././././././././././././././././././././././././././././././././.]
[n2lcn0119:3881792] MCW rank 530 bound to socket 1[core 72[hwt 0]]: [./././././././././././././././././././././././././././././././././././././././././././././././././././././././././././././././.][././././././././B/././././././././././././././././././././././././././././././././././././././././././././././././././././././.]
[n2lcn0118:1191078] MCW rank 511 bound to socket 1[core 124[hwt 0]]: [./././././././././././././././././././././././././././././././././././././././././././././././././././././././././././././././.][././././././././././././././././././././././././././././././././././././././././././././././././././././././././././././B/././.]
[n2lcn0117:628832] MCW rank 457 bound to socket 0[core 36[hwt 0]]: [././././././././././././././././././././././././././././././././././././B/././././././././././././././././././././././././././.][./././././././././././././././././././././././././././././././././././././././././././././././././././././././././././././././.]
[n2lcn0118:1191078] MCW rank 511 bound to socket 1[core 124[hwt 0]]: [./././././././././././././././././././././././././././././././././././././././././././././././././././././././././././././././.][././././././././././././././././././././././././././././././././././././././././././././././././././././././././././././B/././.]
[n2lcn0108.ab2021.local:2664625] MCW rank 172 bound to socket 0[core 48[hwt 0]]: [././././././././././././././././././././././././././././././././././././././././././././././././B/././././././././././././././.][./././././././././././././././././././././././././././././././././././././././././././././././././././././././././././././././.]
[n2lcn0117:628832] MCW rank 457 bound to socket 0[core 36[hwt 0]]: [././././././././././././././././././././././././././././././././././././B/././././././././././././././././././././././././././.][./././././././././././././././././././././././././././././././././././././././././././././././././././././././././././././././.]
[n2lcn0119:3881789] MCW rank 527 bound to socket 0[core 60[hwt 0]]: [././././././././././././././././././././././././././././././././././././././././././././././././././././././././././././B/././.][./././././././././././././././././././././././././././././././././././././././././././././././././././././././././././././././.]
[n2lcn0137:2455405] MCW rank 997 bound to socket 0[core 20[hwt 0]]: [././././././././././././././././././././B/././././././././././././././././././././././././././././././././././././././././././.][./././././././././././././././././././././././././././././././././././././././././././././././././././././././././././././././.]
[n2lcn0108.ab2021.local:2664625] MCW rank 172 bound to socket 0[core 48[hwt 0]]: [././././././././././././././././././././././././././././././././././././././././././././././././B/././././././././././././././.][./././././././././././././././././././././././././././././././././././././././././././././././././././././././././././././././.]
[n2lcn0136:1666964] MCW rank 962 bound to socket 0[core 8[hwt 0]]: [././././././././B/././././././././././././././././././././././././././././././././././././././././././././././././././././././.][./././././././././././././././././././././././././././././././././././././././././././././././././././././././././././././././.]
[n2lcn0119:3881789] MCW rank 527 bound to socket 0[core 60[hwt 0]]: [././././././././././././././././././././././././././././././././././././././././././././././././././././././././././././B/././.][./././././././././././././././././././././././././././././././././././././././././././././././././././././././././././././././.]
[n2lcn0137:2455426] MCW rank 1018 bound to socket 1[core 104[hwt 0]]: [./././././././././././././././././././././././././././././././././././././././././././././././././././././././././././././././.][././././././././././././././././././././././././././././././././././././././././B/././././././././././././././././././././././.]
[n2lcn0137:2455427] MCW rank 1019 bound to socket 1[core 108[hwt 0]]: [./././././././././././././././././././././././././././././././././././././././././././././././././././././././././././././././.][././././././././././././././././././././././././././././././././././././././././././././B/././././././././././././././././././.]
[n2lcn0137:2455405] MCW rank 997 bound to socket 0[core 20[hwt 0]]: [././././././././././././././././././././B/././././././././././././././././././././././././././././././././././././././././././.][./././././././././././././././././././././././././././././././././././././././././././././././././././././././././././././././.]
[n2lcn0137:2455426] MCW rank 1018 bound to socket 1[core 104[hwt 0]]: [./././././././././././././././././././././././././././././././././././././././././././././././././././././././././././././././.][././././././././././././././././././././././././././././././././././././././././B/././././././././././././././././././././././.]
[n2lcn0137:2455427] MCW rank 1019 bound to socket 1[core 108[hwt 0]]: [./././././././././././././././././././././././././././././././././././././././././././././././././././././././././././././././.][././././././././././././././././././././././././././././././././././././././././././././B/././././././././././././././././././.]
[n2lcn0136:1666964] MCW rank 962 bound to socket 0[core 8[hwt 0]]: [././././././././B/././././././././././././././././././././././././././././././././././././././././././././././././././././././.][./././././././././././././././././././././././././././././././././././././././././././././././././././././././././././././././.]
[n2lcn0119:3881780] MCW rank 518 bound to socket 0[core 24[hwt 0]]: [././././././././././././././././././././././././B/././././././././././././././././././././././././././././././././././././././.][./././././././././././././././././././././././././././././././././././././././././././././././././././././././././././././././.]
[n2lcn0137:2455428] MCW rank 1020 bound to socket 1[core 112[hwt 0]]: [./././././././././././././././././././././././././././././././././././././././././././././././././././././././././././././././.][././././././././././././././././././././././././././././././././././././././././././././././././B/././././././././././././././.]
[n2lcn0119:3881780] MCW rank 518 bound to socket 0[core 24[hwt 0]]: [././././././././././././././././././././././././B/././././././././././././././././././././././././././././././././././././././.][./././././././././././././././././././././././././././././././././././././././././././././././././././././././././././././././.]
[n2lcn0137:2455425] MCW rank 1017 bound to socket 1[core 100[hwt 0]]: [./././././././././././././././././././././././././././././././././././././././././././././././././././././././././././././././.][././././././././././././././././././././././././././././././././././././B/././././././././././././././././././././././././././.]
[n2lcn0137:2455428] MCW rank 1020 bound to socket 1[core 112[hwt 0]]: [./././././././././././././././././././././././././././././././././././././././././././././././././././././././././././././././.][././././././././././././././././././././././././././././././././././././././././././././././././B/././././././././././././././.]
[n2lcn0117:628851] MCW rank 476 bound to socket 1[core 112[hwt 0]]: [./././././././././././././././././././././././././././././././././././././././././././././././././././././././././././././././.][././././././././././././././././././././././././././././././././././././././././././././././././B/././././././././././././././.]
[n2lcn0137:2455425] MCW rank 1017 bound to socket 1[core 100[hwt 0]]: [./././././././././././././././././././././././././././././././././././././././././././././././././././././././././././././././.][././././././././././././././././././././././././././././././././././././B/././././././././././././././././././././././././././.]
[n2lcn0117:628851] MCW rank 476 bound to socket 1[core 112[hwt 0]]: [./././././././././././././././././././././././././././././././././././././././././././././././././././././././././././././././.][././././././././././././././././././././././././././././././././././././././././././././././././B/././././././././././././././.]
[n2lcn0119:3881787] MCW rank 525 bound to socket 0[core 52[hwt 0]]: [././././././././././././././././././././././././././././././././././././././././././././././././././././B/././././././././././.][./././././././././././././././././././././././././././././././././././././././././././././././././././././././././././././././.]
[n2lcn0119:3881787] MCW rank 525 bound to socket 0[core 52[hwt 0]]: [././././././././././././././././././././././././././././././././././././././././././././././././././././B/././././././././././.][./././././././././././././././././././././././././././././././././././././././././././././././././././././././././././././././.]
[n2lcn0116.ab2021.local:2417155] MCW rank 431 bound to socket 0[core 60[hwt 0]]: [././././././././././././././././././././././././././././././././././././././././././././././././././././././././././././B/././.][./././././././././././././././././././././././././././././././././././././././././././././././././././././././././././././././.]
[n2lcn0113:1395326] MCW rank 334 bound to socket 0[core 56[hwt 0]]: [././././././././././././././././././././././././././././././././././././././././././././././././././././././././B/././././././.][./././././././././././././././././././././././././././././././././././././././././././././././././././././././././././././././.]
[n2lcn0113:1395327] MCW rank 335 bound to socket 0[core 60[hwt 0]]: [././././././././././././././././././././././././././././././././././././././././././././././././././././././././././././B/././.][./././././././././././././././././././././././././././././././././././././././././././././././././././././././././././././././.]
[n2lcn0116.ab2021.local:2417155] MCW rank 431 bound to socket 0[core 60[hwt 0]]: [././././././././././././././././././././././././././././././././././././././././././././././././././././././././././././B/././.][./././././././././././././././././././././././././././././././././././././././././././././././././././././././././././././././.]
[n2lcn0113:1395326] MCW rank 334 bound to socket 0[core 56[hwt 0]]: [././././././././././././././././././././././././././././././././././././././././././././././././././././././././B/././././././.][./././././././././././././././././././././././././././././././././././././././././././././././././././././././././././././././.]
[n2lcn0113:1395327] MCW rank 335 bound to socket 0[core 60[hwt 0]]: [././././././././././././././././././././././././././././././././././././././././././././././././././././././././././././B/././.][./././././././././././././././././././././././././././././././././././././././././././././././././././././././././././././././.]
[n2lcn0108.ab2021.local:2664644] MCW rank 191 bound to socket 1[core 124[hwt 0]]: [./././././././././././././././././././././././././././././././././././././././././././././././././././././././././././././././.][././././././././././././././././././././././././././././././././././././././././././././././././././././././././././././B/././.]
[n2lcn0108.ab2021.local:2664644] MCW rank 191 bound to socket 1[core 124[hwt 0]]: [./././././././././././././././././././././././././././././././././././././././././././././././././././././././././././././././.][././././././././././././././././././././././././././././././././././././././././././././././././././././././././././././B/././.]
[n2lcn0126.ab2021.local:3450066] MCW rank 706 bound to socket 0[core 8[hwt 0]]: [././././././././B/././././././././././././././././././././././././././././././././././././././././././././././././././././././.][./././././././././././././././././././././././././././././././././././././././././././././././././././././././././././././././.]
[n2lcn0126.ab2021.local:3450066] MCW rank 706 bound to socket 0[core 8[hwt 0]]: [././././././././B/././././././././././././././././././././././././././././././././././././././././././././././././././././././.][./././././././././././././././././././././././././././././././././././././././././././././././././././././././././././././././.]
[n2lcn0113:1395322] MCW rank 330 bound to socket 0[core 40[hwt 0]]: [././././././././././././././././././././././././././././././././././././././././B/././././././././././././././././././././././.][./././././././././././././././././././././././././././././././././././././././././././././././././././././././././././././././.]
[n2lcn0113:1395322] MCW rank 330 bound to socket 0[core 40[hwt 0]]: [././././././././././././././././././././././././././././././././././././././././B/././././././././././././././././././././././.][./././././././././././././././././././././././././././././././././././././././././././././././././././././././././././././././.]
[n2lcn0113:1395316] MCW rank 324 bound to socket 0[core 16[hwt 0]]: [././././././././././././././././B/././././././././././././././././././././././././././././././././././././././././././././././.][./././././././././././././././././././././././././././././././././././././././././././././././././././././././././././././././.]
[n2lcn0113:1395316] MCW rank 324 bound to socket 0[core 16[hwt 0]]: [././././././././././././././././B/././././././././././././././././././././././././././././././././././././././././././././././.][./././././././././././././././././././././././././././././././././././././././././././././././././././././././././././././././.]
[n2lcn0122:2001563] MCW rank 592 bound to socket 1[core 64[hwt 0]]: [./././././././././././././././././././././././././././././././././././././././././././././././././././././././././././././././.][B/././././././././././././././././././././././././././././././././././././././././././././././././././././././././././././././.]
[n2lcn0126.ab2021.local:3450065] MCW rank 705 bound to socket 0[core 4[hwt 0]]: [././././B/././././././././././././././././././././././././././././././././././././././././././././././././././././././././././.][./././././././././././././././././././././././././././././././././././././././././././././././././././././././././././././././.]
[n2lcn0131.ab2021.local:3581960] MCW rank 814 bound to socket 0[core 56[hwt 0]]: [././././././././././././././././././././././././././././././././././././././././././././././././././././././././B/././././././.][./././././././././././././././././././././././././././././././././././././././././././././././././././././././././././././././.]
[n2lcn0132:511956] MCW rank 836 bound to socket 0[core 16[hwt 0]]: [././././././././././././././././B/././././././././././././././././././././././././././././././././././././././././././././././.][./././././././././././././././././././././././././././././././././././././././././././././././././././././././././././././././.]
[n2lcn0122:2001563] MCW rank 592 bound to socket 1[core 64[hwt 0]]: [./././././././././././././././././././././././././././././././././././././././././././././././././././././././././././././././.][B/././././././././././././././././././././././././././././././././././././././././././././././././././././././././././././././.]
[n2lcn0126.ab2021.local:3450065] MCW rank 705 bound to socket 0[core 4[hwt 0]]: [././././B/././././././././././././././././././././././././././././././././././././././././././././././././././././././././././.][./././././././././././././././././././././././././././././././././././././././././././././././././././././././././././././././.]
[n2lcn0131.ab2021.local:3581960] MCW rank 814 bound to socket 0[core 56[hwt 0]]: [././././././././././././././././././././././././././././././././././././././././././././././././././././././././B/././././././.][./././././././././././././././././././././././././././././././././././././././././././././././././././././././././././././././.]
[n2lcn0126.ab2021.local:3450076] MCW rank 716 bound to socket 0[core 48[hwt 0]]: [././././././././././././././././././././././././././././././././././././././././././././././././B/././././././././././././././.][./././././././././././././././././././././././././././././././././././././././././././././././././././././././././././././././.]
[n2lcn0132:511956] MCW rank 836 bound to socket 0[core 16[hwt 0]]: [././././././././././././././././B/././././././././././././././././././././././././././././././././././././././././././././././.][./././././././././././././././././././././././././././././././././././././././././././././././././././././././././././././././.]
[n2lcn0126.ab2021.local:3450076] MCW rank 716 bound to socket 0[core 48[hwt 0]]: [././././././././././././././././././././././././././././././././././././././././././././././././B/././././././././././././././.][./././././././././././././././././././././././././././././././././././././././././././././././././././././././././././././././.]
[n2lcn0131.ab2021.local:3581977] MCW rank 831 bound to socket 1[core 124[hwt 0]]: [./././././././././././././././././././././././././././././././././././././././././././././././././././././././././././././././.][././././././././././././././././././././././././././././././././././././././././././././././././././././././././././././B/././.]
[n2lcn0131.ab2021.local:3581977] MCW rank 831 bound to socket 1[core 124[hwt 0]]: [./././././././././././././././././././././././././././././././././././././././././././././././././././././././././././././././.][././././././././././././././././././././././././././././././././././././././././././././././././././././././././././././B/././.]
[n2lcn0117:628846] MCW rank 471 bound to socket 1[core 92[hwt 0]]: [./././././././././././././././././././././././././././././././././././././././././././././././././././././././././././././././.][././././././././././././././././././././././././././././B/././././././././././././././././././././././././././././././././././.]
[n2lcn0117:628824] MCW rank 449 bound to socket 0[core 4[hwt 0]]: [././././B/././././././././././././././././././././././././././././././././././././././././././././././././././././././././././.][./././././././././././././././././././././././././././././././././././././././././././././././././././././././././././././././.]
[n2lcn0117:628846] MCW rank 471 bound to socket 1[core 92[hwt 0]]: [./././././././././././././././././././././././././././././././././././././././././././././././././././././././././././././././.][././././././././././././././././././././././././././././B/././././././././././././././././././././././././././././././././././.]
[n2lcn0117:628824] MCW rank 449 bound to socket 0[core 4[hwt 0]]: [././././B/././././././././././././././././././././././././././././././././././././././././././././././././././././././././././.][./././././././././././././././././././././././././././././././././././././././././././././././././././././././././././././././.]
[n2lcn0132:511961] MCW rank 841 bound to socket 0[core 36[hwt 0]]: [././././././././././././././././././././././././././././././././././././B/././././././././././././././././././././././././././.][./././././././././././././././././././././././././././././././././././././././././././././././././././././././././././././././.]
[n2lcn0126.ab2021.local:3450078] MCW rank 718 bound to socket 0[core 56[hwt 0]]: [././././././././././././././././././././././././././././././././././././././././././././././././././././././././B/././././././.][./././././././././././././././././././././././././././././././././././././././././././././././././././././././././././././././.]
[n2lcn0126.ab2021.local:3450079] MCW rank 719 bound to socket 0[core 60[hwt 0]]: [././././././././././././././././././././././././././././././././././././././././././././././././././././././././././././B/././.][./././././././././././././././././././././././././././././././././././././././././././././././././././././././././././././././.]
[n2lcn0126.ab2021.local:3450078] MCW rank 718 bound to socket 0[core 56[hwt 0]]: [././././././././././././././././././././././././././././././././././././././././././././././././././././././././B/././././././.][./././././././././././././././././././././././././././././././././././././././././././././././././././././././././././././././.]
[n2lcn0126.ab2021.local:3450079] MCW rank 719 bound to socket 0[core 60[hwt 0]]: [././././././././././././././././././././././././././././././././././././././././././././././././././././././././././././B/././.][./././././././././././././././././././././././././././././././././././././././././././././././././././././././././././././././.]
[n2lcn0126.ab2021.local:3450088] MCW rank 728 bound to socket 1[core 96[hwt 0]]: [./././././././././././././././././././././././././././././././././././././././././././././././././././././././././././././././.][././././././././././././././././././././././././././././././././B/././././././././././././././././././././././././././././././.]
[n2lcn0136:1666973] MCW rank 971 bound to socket 0[core 44[hwt 0]]: [././././././././././././././././././././././././././././././././././././././././././././B/././././././././././././././././././.][./././././././././././././././././././././././././././././././././././././././././././././././././././././././././././././././.]
[n2lcn0112.ab2021.local:3751166] MCW rank 298 bound to socket 0[core 40[hwt 0]]: [././././././././././././././././././././././././././././././././././././././././B/././././././././././././././././././././././.][./././././././././././././././././././././././././././././././././././././././././././././././././././././././././././././././.]
[n2lcn0126.ab2021.local:3450088] MCW rank 728 bound to socket 1[core 96[hwt 0]]: [./././././././././././././././././././././././././././././././././././././././././././././././././././././././././././././././.][././././././././././././././././././././././././././././././././B/././././././././././././././././././././././././././././././.]
[n2lcn0132:511961] MCW rank 841 bound to socket 0[core 36[hwt 0]]: [././././././././././././././././././././././././././././././././././././B/././././././././././././././././././././././././././.][./././././././././././././././././././././././././././././././././././././././././././././././././././././././././././././././.]
[n2lcn0136:1666973] MCW rank 971 bound to socket 0[core 44[hwt 0]]: [././././././././././././././././././././././././././././././././././././././././././././B/././././././././././././././././././.][./././././././././././././././././././././././././././././././././././././././././././././././././././././././././././././././.]
[n2lcn0112.ab2021.local:3751166] MCW rank 298 bound to socket 0[core 40[hwt 0]]: [././././././././././././././././././././././././././././././././././././././././B/././././././././././././././././././././././.][./././././././././././././././././././././././././././././././././././././././././././././././././././././././././././././././.]
[n2lcn0116.ab2021.local:2417156] MCW rank 432 bound to socket 1[core 64[hwt 0]]: [./././././././././././././././././././././././././././././././././././././././././././././././././././././././././././././././.][B/././././././././././././././././././././././././././././././././././././././././././././././././././././././././././././././.]
[n2lcn0118:1191059] MCW rank 492 bound to socket 0[core 48[hwt 0]]: [././././././././././././././././././././././././././././././././././././././././././././././././B/././././././././././././././.][./././././././././././././././././././././././././././././././././././././././././././././././././././././././././././././././.]
[n2lcn0116.ab2021.local:2417156] MCW rank 432 bound to socket 1[core 64[hwt 0]]: [./././././././././././././././././././././././././././././././././././././././././././././././././././././././././././././././.][B/././././././././././././././././././././././././././././././././././././././././././././././././././././././././././././././.]
[n2lcn0136:1666982] MCW rank 980 bound to socket 1[core 80[hwt 0]]: [./././././././././././././././././././././././././././././././././././././././././././././././././././././././././././././././.][././././././././././././././././B/././././././././././././././././././././././././././././././././././././././././././././././.]
[n2lcn0118:1191059] MCW rank 492 bound to socket 0[core 48[hwt 0]]: [././././././././././././././././././././././././././././././././././././././././././././././././B/././././././././././././././.][./././././././././././././././././././././././././././././././././././././././././././././././././././././././././././././././.]
[n2lcn0106:515413] MCW rank 121 bound to socket 1[core 100[hwt 0]]: [./././././././././././././././././././././././././././././././././././././././././././././././././././././././././././././././.][././././././././././././././././././././././././././././././././././././B/././././././././././././././././././././././././././.]
[n2lcn0136:1666984] MCW rank 982 bound to socket 1[core 88[hwt 0]]: [./././././././././././././././././././././././././././././././././././././././././././././././././././././././././././././././.][././././././././././././././././././././././././B/././././././././././././././././././././././././././././././././././././././.]
[n2lcn0106:515413] MCW rank 121 bound to socket 1[core 100[hwt 0]]: [./././././././././././././././././././././././././././././././././././././././././././././././././././././././././././././././.][././././././././././././././././././././././././././././././././././././B/././././././././././././././././././././././././././.]
[n2lcn0126.ab2021.local:3450067] MCW rank 707 bound to socket 0[core 12[hwt 0]]: [././././././././././././B/././././././././././././././././././././././././././././././././././././././././././././././././././.][./././././././././././././././././././././././././././././././././././././././././././././././././././././././././././././././.]
[n2lcn0106:515406] MCW rank 114 bound to socket 1[core 72[hwt 0]]: [./././././././././././././././././././././././././././././././././././././././././././././././././././././././././././././././.][././././././././B/././././././././././././././././././././././././././././././././././././././././././././././././././././././.]
[n2lcn0136:1666982] MCW rank 980 bound to socket 1[core 80[hwt 0]]: [./././././././././././././././././././././././././././././././././././././././././././././././././././././././././././././././.][././././././././././././././././B/././././././././././././././././././././././././././././././././././././././././././././././.]
[n2lcn0106:515406] MCW rank 114 bound to socket 1[core 72[hwt 0]]: [./././././././././././././././././././././././././././././././././././././././././././././././././././././././././././././././.][././././././././B/././././././././././././././././././././././././././././././././././././././././././././././././././././././.]
[n2lcn0136:1666984] MCW rank 982 bound to socket 1[core 88[hwt 0]]: [./././././././././././././././././././././././././././././././././././././././././././././././././././././././././././././././.][././././././././././././././././././././././././B/././././././././././././././././././././././././././././././././././././././.]
[n2lcn0126.ab2021.local:3450067] MCW rank 707 bound to socket 0[core 12[hwt 0]]: [././././././././././././B/././././././././././././././././././././././././././././././././././././././././././././././././././.][./././././././././././././././././././././././././././././././././././././././././././././././././././././././././././././././.]
[n2lcn0136:1666986] MCW rank 984 bound to socket 1[core 96[hwt 0]]: [./././././././././././././././././././././././././././././././././././././././././././././././././././././././././././././././.][././././././././././././././././././././././././././././././././B/././././././././././././././././././././././././././././././.]
[n2lcn0111.ab2021.local:792563] MCW rank 276 bound to socket 1[core 80[hwt 0]]: [./././././././././././././././././././././././././././././././././././././././././././././././././././././././././././././././.][././././././././././././././././B/././././././././././././././././././././././././././././././././././././././././././././././.]
[n2lcn0118:1191063] MCW rank 496 bound to socket 1[core 64[hwt 0]]: [./././././././././././././././././././././././././././././././././././././././././././././././././././././././././././././././.][B/././././././././././././././././././././././././././././././././././././././././././././././././././././././././././././././.]
[n2lcn0118:1191064] MCW rank 497 bound to socket 1[core 68[hwt 0]]: [./././././././././././././././././././././././././././././././././././././././././././././././././././././././././././././././.][././././B/././././././././././././././././././././././././././././././././././././././././././././././././././././././././././.]
[n2lcn0118:1191063] MCW rank 496 bound to socket 1[core 64[hwt 0]]: [./././././././././././././././././././././././././././././././././././././././././././././././././././././././././././././././.][B/././././././././././././././././././././././././././././././././././././././././././././././././././././././././././././././.]
[n2lcn0118:1191064] MCW rank 497 bound to socket 1[core 68[hwt 0]]: [./././././././././././././././././././././././././././././././././././././././././././././././././././././././././././././././.][././././B/././././././././././././././././././././././././././././././././././././././././././././././././././././././././././.]
[n2lcn0108.ab2021.local:2664626] MCW rank 173 bound to socket 0[core 52[hwt 0]]: [././././././././././././././././././././././././././././././././././././././././././././././././././././B/././././././././././.][./././././././././././././././././././././././././././././././././././././././././././././././././././././././././././././././.]
[n2lcn0118:1191056] MCW rank 489 bound to socket 0[core 36[hwt 0]]: [././././././././././././././././././././././././././././././././././././B/././././././././././././././././././././././././././.][./././././././././././././././././././././././././././././././././././././././././././././././././././././././././././././././.]
[n2lcn0136:1666986] MCW rank 984 bound to socket 1[core 96[hwt 0]]: [./././././././././././././././././././././././././././././././././././././././././././././././././././././././././././././././.][././././././././././././././././././././././././././././././././B/././././././././././././././././././././././././././././././.]
[n2lcn0111.ab2021.local:792572] MCW rank 285 bound to socket 1[core 116[hwt 0]]: [./././././././././././././././././././././././././././././././././././././././././././././././././././././././././././././././.][././././././././././././././././././././././././././././././././././././././././././././././././././././B/././././././././././.]
[n2lcn0133.ab2021.local:827349] MCW rank 879 bound to socket 0[core 60[hwt 0]]: [././././././././././././././././././././././././././././././././././././././././././././././././././././././././././././B/././.][./././././././././././././././././././././././././././././././././././././././././././././././././././././././././././././././.]
[n2lcn0136:1666991] MCW rank 989 bound to socket 1[core 116[hwt 0]]: [./././././././././././././././././././././././././././././././././././././././././././././././././././././././././././././././.][././././././././././././././././././././././././././././././././././././././././././././././././././././B/././././././././././.]
[n2lcn0111.ab2021.local:792563] MCW rank 276 bound to socket 1[core 80[hwt 0]]: [./././././././././././././././././././././././././././././././././././././././././././././././././././././././././././././././.][././././././././././././././././B/././././././././././././././././././././././././././././././././././././././././././././././.]
[n2lcn0136:1666991] MCW rank 989 bound to socket 1[core 116[hwt 0]]: [./././././././././././././././././././././././././././././././././././././././././././././././././././././././././././././././.][././././././././././././././././././././././././././././././././././././././././././././././././././././B/././././././././././.]
[n2lcn0111.ab2021.local:792572] MCW rank 285 bound to socket 1[core 116[hwt 0]]: [./././././././././././././././././././././././././././././././././././././././././././././././././././././././././././././././.][././././././././././././././././././././././././././././././././././././././././././././././././././././B/././././././././././.]
[n2lcn0108.ab2021.local:2664626] MCW rank 173 bound to socket 0[core 52[hwt 0]]: [././././././././././././././././././././././././././././././././././././././././././././././././././././B/././././././././././.][./././././././././././././././././././././././././././././././././././././././././././././././././././././././././././././././.]
[n2lcn0133.ab2021.local:827349] MCW rank 879 bound to socket 0[core 60[hwt 0]]: [././././././././././././././././././././././././././././././././././././././././././././././././././././././././././././B/././.][./././././././././././././././././././././././././././././././././././././././././././././././././././././././././././././././.]
[n2lcn0108.ab2021.local:2664627] MCW rank 174 bound to socket 0[core 56[hwt 0]]: [././././././././././././././././././././././././././././././././././././././././././././././././././././././././B/././././././.][./././././././././././././././././././././././././././././././././././././././././././././././././././././././././././././././.]
[n2lcn0118:1191056] MCW rank 489 bound to socket 0[core 36[hwt 0]]: [././././././././././././././././././././././././././././././././././././B/././././././././././././././././././././././././././.][./././././././././././././././././././././././././././././././././././././././././././././././././././././././././././././././.]
[n2lcn0108.ab2021.local:2664627] MCW rank 174 bound to socket 0[core 56[hwt 0]]: [././././././././././././././././././././././././././././././././././././././././././././././././././././././././B/././././././.][./././././././././././././././././././././././././././././././././././././././././././././././././././././././././././././././.]
[n2lcn0136:1666970] MCW rank 968 bound to socket 0[core 32[hwt 0]]: [././././././././././././././././././././././././././././././././B/././././././././././././././././././././././././././././././.][./././././././././././././././././././././././././././././././././././././././././././././././././././././././././././././././.]
[n2lcn0118:1191053] MCW rank 486 bound to socket 0[core 24[hwt 0]]: [././././././././././././././././././././././././B/././././././././././././././././././././././././././././././././././././././.][./././././././././././././././././././././././././././././././././././././././././././././././././././././././././././././././.]
[n2lcn0118:1191053] MCW rank 486 bound to socket 0[core 24[hwt 0]]: [././././././././././././././././././././././././B/././././././././././././././././././././././././././././././././././././././.][./././././././././././././././././././././././././././././././././././././././././././././././././././././././././././././././.]
[n2lcn0136:1666970] MCW rank 968 bound to socket 0[core 32[hwt 0]]: [././././././././././././././././././././././././././././././././B/././././././././././././././././././././././././././././././.][./././././././././././././././././././././././././././././././././././././././././././././././././././././././././././././././.]
[n2lcn0108.ab2021.local:2664618] MCW rank 165 bound to socket 0[core 20[hwt 0]]: [././././././././././././././././././././B/././././././././././././././././././././././././././././././././././././././././././.][./././././././././././././././././././././././././././././././././././././././././././././././././././././././././././././././.]
[n2lcn0108.ab2021.local:2664618] MCW rank 165 bound to socket 0[core 20[hwt 0]]: [././././././././././././././././././././B/././././././././././././././././././././././././././././././././././././././././././.][./././././././././././././././././././././././././././././././././././././././././././././././././././././././././././././././.]
[n2lcn0116.ab2021.local:2417152] MCW rank 428 bound to socket 0[core 48[hwt 0]]: [././././././././././././././././././././././././././././././././././././././././././././././././B/././././././././././././././.][./././././././././././././././././././././././././././././././././././././././././././././././././././././././././././././././.]
[n2lcn0108.ab2021.local:2664634] MCW rank 181 bound to socket 1[core 84[hwt 0]]: [./././././././././././././././././././././././././././././././././././././././././././././././././././././././././././././././.][././././././././././././././././././././B/././././././././././././././././././././././././././././././././././././././././././.]
[n2lcn0132:511957] MCW rank 837 bound to socket 0[core 20[hwt 0]]: [././././././././././././././././././././B/././././././././././././././././././././././././././././././././././././././././././.][./././././././././././././././././././././././././././././././././././././././././././././././././././././././././././././././.]
[n2lcn0116.ab2021.local:2417152] MCW rank 428 bound to socket 0[core 48[hwt 0]]: [././././././././././././././././././././././././././././././././././././././././././././././././B/././././././././././././././.][./././././././././././././././././././././././././././././././././././././././././././././././././././././././././././././././.]
[n2lcn0108.ab2021.local:2664634] MCW rank 181 bound to socket 1[core 84[hwt 0]]: [./././././././././././././././././././././././././././././././././././././././././././././././././././././././././././././././.][././././././././././././././././././././B/././././././././././././././././././././././././././././././././././././././././././.]
[n2lcn0132:511957] MCW rank 837 bound to socket 0[core 20[hwt 0]]: [././././././././././././././././././././B/././././././././././././././././././././././././././././././././././././././././././.][./././././././././././././././././././././././././././././././././././././././././././././././././././././././././././././././.]
[n2lcn0131.ab2021.local:3581976] MCW rank 830 bound to socket 1[core 120[hwt 0]]: [./././././././././././././././././././././././././././././././././././././././././././././././././././././././././././././././.][././././././././././././././././././././././././././././././././././././././././././././././././././././././././B/././././././.]
[n2lcn0122:2001561] MCW rank 590 bound to socket 0[core 56[hwt 0]]: [././././././././././././././././././././././././././././././././././././././././././././././././././././././././B/././././././.][./././././././././././././././././././././././././././././././././././././././././././././././././././././././././././././././.]
[n2lcn0131.ab2021.local:3581976] MCW rank 830 bound to socket 1[core 120[hwt 0]]: [./././././././././././././././././././././././././././././././././././././././././././././././././././././././././././././././.][././././././././././././././././././././././././././././././././././././././././././././././././././././././././B/././././././.]
[n2lcn0112.ab2021.local:3751165] MCW rank 297 bound to socket 0[core 36[hwt 0]]: [././././././././././././././././././././././././././././././././././././B/././././././././././././././././././././././././././.][./././././././././././././././././././././././././././././././././././././././././././././././././././././././././././././././.]
[n2lcn0122:2001562] MCW rank 591 bound to socket 0[core 60[hwt 0]]: [././././././././././././././././././././././././././././././././././././././././././././././././././././././././././././B/././.][./././././././././././././././././././././././././././././././././././././././././././././././././././././././././././././././.]
[n2lcn0126.ab2021.local:3450082] MCW rank 722 bound to socket 1[core 72[hwt 0]]: [./././././././././././././././././././././././././././././././././././././././././././././././././././././././././././././././.][././././././././B/././././././././././././././././././././././././././././././././././././././././././././././././././././././.]
[n2lcn0118:1191052] MCW rank 485 bound to socket 0[core 20[hwt 0]]: [././././././././././././././././././././B/././././././././././././././././././././././././././././././././././././././././././.][./././././././././././././././././././././././././././././././././././././././././././././././././././././././././././././././.]
[n2lcn0122:2001561] MCW rank 590 bound to socket 0[core 56[hwt 0]]: [././././././././././././././././././././././././././././././././././././././././././././././././././././././././B/././././././.][./././././././././././././././././././././././././././././././././././././././././././././././././././././././././././././././.]
[n2lcn0122:2001562] MCW rank 591 bound to socket 0[core 60[hwt 0]]: [././././././././././././././././././././././././././././././././././././././././././././././././././././././././././././B/././.][./././././././././././././././././././././././././././././././././././././././././././././././././././././././././././././././.]
[n2lcn0112.ab2021.local:3751165] MCW rank 297 bound to socket 0[core 36[hwt 0]]: [././././././././././././././././././././././././././././././././././././B/././././././././././././././././././././././././././.][./././././././././././././././././././././././././././././././././././././././././././././././././././././././././././././././.]
[n2lcn0112.ab2021.local:3751169] MCW rank 301 bound to socket 0[core 52[hwt 0]]: [././././././././././././././././././././././././././././././././././././././././././././././././././././B/././././././././././.][./././././././././././././././././././././././././././././././././././././././././././././././././././././././././././././././.]
[n2lcn0112.ab2021.local:3751169] MCW rank 301 bound to socket 0[core 52[hwt 0]]: [././././././././././././././././././././././././././././././././././././././././././././././././././././B/././././././././././.][./././././././././././././././././././././././././././././././././././././././././././././././././././././././././././././././.]
[n2lcn0108.ab2021.local:2664615] MCW rank 162 bound to socket 0[core 8[hwt 0]]: [././././././././B/././././././././././././././././././././././././././././././././././././././././././././././././././././././.][./././././././././././././././././././././././././././././././././././././././././././././././././././././././././././././././.]
[n2lcn0126.ab2021.local:3450082] MCW rank 722 bound to socket 1[core 72[hwt 0]]: [./././././././././././././././././././././././././././././././././././././././././././././././././././././././././././././././.][././././././././B/././././././././././././././././././././././././././././././././././././././././././././././././././././././.]
[n2lcn0118:1191052] MCW rank 485 bound to socket 0[core 20[hwt 0]]: [././././././././././././././././././././B/././././././././././././././././././././././././././././././././././././././././././.][./././././././././././././././././././././././././././././././././././././././././././././././././././././././././././././././.]
[n2lcn0108.ab2021.local:2664615] MCW rank 162 bound to socket 0[core 8[hwt 0]]: [././././././././B/././././././././././././././././././././././././././././././././././././././././././././././././././././././.][./././././././././././././././././././././././././././././././././././././././././././././././././././././././././././././././.]
[n2lcn0133.ab2021.local:827344] MCW rank 874 bound to socket 0[core 40[hwt 0]]: [././././././././././././././././././././././././././././././././././././././././B/././././././././././././././././././././././.][./././././././././././././././././././././././././././././././././././././././././././././././././././././././././././././././.]
[n2lcn0122:2001570] MCW rank 599 bound to socket 1[core 92[hwt 0]]: [./././././././././././././././././././././././././././././././././././././././././././././././././././././././././././././././.][././././././././././././././././././././././././././././B/././././././././././././././././././././././././././././././././././.]
[n2lcn0133.ab2021.local:827344] MCW rank 874 bound to socket 0[core 40[hwt 0]]: [././././././././././././././././././././././././././././././././././././././././B/././././././././././././././././././././././.][./././././././././././././././././././././././././././././././././././././././././././././././././././././././././././././././.]
[n2lcn0112.ab2021.local:3751160] MCW rank 292 bound to socket 0[core 16[hwt 0]]: [././././././././././././././././B/././././././././././././././././././././././././././././././././././././././././././././././.][./././././././././././././././././././././././././././././././././././././././././././././././././././././././././././././././.]
[n2lcn0122:2001570] MCW rank 599 bound to socket 1[core 92[hwt 0]]: [./././././././././././././././././././././././././././././././././././././././././././././././././././././././././././././././.][././././././././././././././././././././././././././././B/././././././././././././././././././././././././././././././././././.]
[n2lcn0112.ab2021.local:3751160] MCW rank 292 bound to socket 0[core 16[hwt 0]]: [././././././././././././././././B/././././././././././././././././././././././././././././././././././././././././././././././.][./././././././././././././././././././././././././././././././././././././././././././././././././././././././././././././././.]
[n2lcn0117:628823] MCW rank 448 bound to socket 0[core 0[hwt 0]]: [B/././././././././././././././././././././././././././././././././././././././././././././././././././././././././././././././.][./././././././././././././././././././././././././././././././././././././././././././././././././././././././././././././././.]
[n2lcn0112.ab2021.local:3751173] MCW rank 305 bound to socket 1[core 68[hwt 0]]: [./././././././././././././././././././././././././././././././././././././././././././././././././././././././././././././././.][././././B/././././././././././././././././././././././././././././././././././././././././././././././././././././././././././.]
[n2lcn0112.ab2021.local:3751173] MCW rank 305 bound to socket 1[core 68[hwt 0]]: [./././././././././././././././././././././././././././././././././././././././././././././././././././././././././././././././.][././././B/././././././././././././././././././././././././././././././././././././././././././././././././././././././././././.]
[n2lcn0122:2001548] MCW rank 577 bound to socket 0[core 4[hwt 0]]: [././././B/././././././././././././././././././././././././././././././././././././././././././././././././././././././././././.][./././././././././././././././././././././././././././././././././././././././././././././././././././././././././././././././.]
[n2lcn0117:628823] MCW rank 448 bound to socket 0[core 0[hwt 0]]: [B/././././././././././././././././././././././././././././././././././././././././././././././././././././././././././././././.][./././././././././././././././././././././././././././././././././././././././././././././././././././././././././././././././.]
[n2lcn0122:2001548] MCW rank 577 bound to socket 0[core 4[hwt 0]]: [././././B/././././././././././././././././././././././././././././././././././././././././././././././././././././././././././.][./././././././././././././././././././././././././././././././././././././././././././././././././././././././././././././././.]
[n2lcn0132:511964] MCW rank 844 bound to socket 0[core 48[hwt 0]]: [././././././././././././././././././././././././././././././././././././././././././././././././B/././././././././././././././.][./././././././././././././././././././././././././././././././././././././././././././././././././././././././././././././././.]
[n2lcn0132:511964] MCW rank 844 bound to socket 0[core 48[hwt 0]]: [././././././././././././././././././././././././././././././././././././././././././././././././B/././././././././././././././.][./././././././././././././././././././././././././././././././././././././././././././././././././././././././././././././././.]
[n2lcn0118:1191066] MCW rank 499 bound to socket 1[core 76[hwt 0]]: [./././././././././././././././././././././././././././././././././././././././././././././././././././././././././././././././.][././././././././././././B/././././././././././././././././././././././././././././././././././././././././././././././././././.]
[n2lcn0126.ab2021.local:3450090] MCW rank 730 bound to socket 1[core 104[hwt 0]]: [./././././././././././././././././././././././././././././././././././././././././././././././././././././././././././././././.][././././././././././././././././././././././././././././././././././././././././B/././././././././././././././././././././././.]
[n2lcn0132:511978] MCW rank 858 bound to socket 1[core 104[hwt 0]]: [./././././././././././././././././././././././././././././././././././././././././././././././././././././././././././././././.][././././././././././././././././././././././././././././././././././././././././B/././././././././././././././././././././././.]
[n2lcn0132:511978] MCW rank 858 bound to socket 1[core 104[hwt 0]]: [./././././././././././././././././././././././././././././././././././././././././././././././././././././././././././././././.][././././././././././././././././././././././././././././././././././././././././B/././././././././././././././././././././././.]
[n2lcn0132:511955] MCW rank 835 bound to socket 0[core 12[hwt 0]]: [././././././././././././B/././././././././././././././././././././././././././././././././././././././././././././././././././.][./././././././././././././././././././././././././././././././././././././././././././././././././././././././././././././././.]
[n2lcn0132:511954] MCW rank 834 bound to socket 0[core 8[hwt 0]]: [././././././././B/././././././././././././././././././././././././././././././././././././././././././././././././././././././.][./././././././././././././././././././././././././././././././././././././././././././././././././././././././././././././././.]
[n2lcn0136:1666983] MCW rank 981 bound to socket 1[core 84[hwt 0]]: [./././././././././././././././././././././././././././././././././././././././././././././././././././././././././././././././.][././././././././././././././././././././B/././././././././././././././././././././././././././././././././././././././././././.]
[n2lcn0136:1666983] MCW rank 981 bound to socket 1[core 84[hwt 0]]: [./././././././././././././././././././././././././././././././././././././././././././././././././././././././././././././././.][././././././././././././././././././././B/././././././././././././././././././././././././././././././././././././././././././.]
[n2lcn0126.ab2021.local:3450090] MCW rank 730 bound to socket 1[core 104[hwt 0]]: [./././././././././././././././././././././././././././././././././././././././././././././././././././././././././././././././.][././././././././././././././././././././././././././././././././././././././././B/././././././././././././././././././././././.]
[n2lcn0132:511955] MCW rank 835 bound to socket 0[core 12[hwt 0]]: [././././././././././././B/././././././././././././././././././././././././././././././././././././././././././././././././././.][./././././././././././././././././././././././././././././././././././././././././././././././././././././././././././././././.]
[n2lcn0118:1191066] MCW rank 499 bound to socket 1[core 76[hwt 0]]: [./././././././././././././././././././././././././././././././././././././././././././././././././././././././././././././././.][././././././././././././B/././././././././././././././././././././././././././././././././././././././././././././././././././.]
[n2lcn0122:2001557] MCW rank 586 bound to socket 0[core 40[hwt 0]]: [././././././././././././././././././././././././././././././././././././././././B/././././././././././././././././././././././.][./././././././././././././././././././././././././././././././././././././././././././././././././././././././././././././././.]
[n2lcn0132:511954] MCW rank 834 bound to socket 0[core 8[hwt 0]]: [././././././././B/././././././././././././././././././././././././././././././././././././././././././././././././././././././.][./././././././././././././././././././././././././././././././././././././././././././././././././././././././././././././././.]
[n2lcn0118:1191072] MCW rank 505 bound to socket 1[core 100[hwt 0]]: [./././././././././././././././././././././././././././././././././././././././././././././././././././././././././././././././.][././././././././././././././././././././././././././././././././././././B/././././././././././././././././././././././././././.]
[n2lcn0122:2001558] MCW rank 587 bound to socket 0[core 44[hwt 0]]: [././././././././././././././././././././././././././././././././././././././././././././B/././././././././././././././././././.][./././././././././././././././././././././././././././././././././././././././././././././././././././././././././././././././.]
[n2lcn0122:2001557] MCW rank 586 bound to socket 0[core 40[hwt 0]]: [././././././././././././././././././././././././././././././././././././././././B/././././././././././././././././././././././.][./././././././././././././././././././././././././././././././././././././././././././././././././././././././././././././././.]
[n2lcn0122:2001558] MCW rank 587 bound to socket 0[core 44[hwt 0]]: [././././././././././././././././././././././././././././././././././././././././././././B/././././././././././././././././././.][./././././././././././././././././././././././././././././././././././././././././././././././././././././././././././././././.]
[n2lcn0122:2001554] MCW rank 583 bound to socket 0[core 28[hwt 0]]: [././././././././././././././././././././././././././././B/././././././././././././././././././././././././././././././././././.][./././././././././././././././././././././././././././././././././././././././././././././././././././././././././././././././.]
[n2lcn0121:2576005] MCW rank 548 bound to socket 0[core 16[hwt 0]]: [././././././././././././././././B/././././././././././././././././././././././././././././././././././././././././././././././.][./././././././././././././././././././././././././././././././././././././././././././././././././././././././././././././././.]
[n2lcn0121:2576006] MCW rank 549 bound to socket 0[core 20[hwt 0]]: [././././././././././././././././././././B/././././././././././././././././././././././././././././././././././././././././././.][./././././././././././././././././././././././././././././././././././././././././././././././././././././././././././././././.]
[n2lcn0122:2001553] MCW rank 582 bound to socket 0[core 24[hwt 0]]: [././././././././././././././././././././././././B/././././././././././././././././././././././././././././././././././././././.][./././././././././././././././././././././././././././././././././././././././././././././././././././././././././././././././.]
[n2lcn0118:1191072] MCW rank 505 bound to socket 1[core 100[hwt 0]]: [./././././././././././././././././././././././././././././././././././././././././././././././././././././././././././././././.][././././././././././././././././././././././././././././././././././././B/././././././././././././././././././././././././././.]
[n2lcn0122:2001554] MCW rank 583 bound to socket 0[core 28[hwt 0]]: [././././././././././././././././././././././././././././B/././././././././././././././././././././././././././././././././././.][./././././././././././././././././././././././././././././././././././././././././././././././././././././././././././././././.]
[n2lcn0118:1191068] MCW rank 501 bound to socket 1[core 84[hwt 0]]: [./././././././././././././././././././././././././././././././././././././././././././././././././././././././././././././././.][././././././././././././././././././././B/././././././././././././././././././././././././././././././././././././././././././.]
[n2lcn0122:2001553] MCW rank 582 bound to socket 0[core 24[hwt 0]]: [././././././././././././././././././././././././B/././././././././././././././././././././././././././././././././././././././.][./././././././././././././././././././././././././././././././././././././././././././././././././././././././././././././././.]
[n2lcn0118:1191068] MCW rank 501 bound to socket 1[core 84[hwt 0]]: [./././././././././././././././././././././././././././././././././././././././././././././././././././././././././././././././.][././././././././././././././././././././B/././././././././././././././././././././././././././././././././././././././././././.]
[n2lcn0121:2576005] MCW rank 548 bound to socket 0[core 16[hwt 0]]: [././././././././././././././././B/././././././././././././././././././././././././././././././././././././././././././././././.][./././././././././././././././././././././././././././././././././././././././././././././././././././././././././././././././.]
[n2lcn0137:2455403] MCW rank 995 bound to socket 0[core 12[hwt 0]]: [././././././././././././B/././././././././././././././././././././././././././././././././././././././././././././././././././.][./././././././././././././././././././././././././././././././././././././././././././././././././././././././././././././././.]
[n2lcn0122:2001550] MCW rank 579 bound to socket 0[core 12[hwt 0]]: [././././././././././././B/././././././././././././././././././././././././././././././././././././././././././././././././././.][./././././././././././././././././././././././././././././././././././././././././././././././././././././././././././././././.]
[n2lcn0122:2001565] MCW rank 594 bound to socket 1[core 72[hwt 0]]: [./././././././././././././././././././././././././././././././././././././././././././././././././././././././././././././././.][././././././././B/././././././././././././././././././././././././././././././././././././././././././././././././././././././.]
[n2lcn0137:2455403] MCW rank 995 bound to socket 0[core 12[hwt 0]]: [././././././././././././B/././././././././././././././././././././././././././././././././././././././././././././././././././.][./././././././././././././././././././././././././././././././././././././././././././././././././././././././././././././././.]
[n2lcn0121:2576006] MCW rank 549 bound to socket 0[core 20[hwt 0]]: [././././././././././././././././././././B/././././././././././././././././././././././././././././././././././././././././././.][./././././././././././././././././././././././././././././././././././././././././././././././././././././././././././././././.]
[n2lcn0122:2001565] MCW rank 594 bound to socket 1[core 72[hwt 0]]: [./././././././././././././././././././././././././././././././././././././././././././././././././././././././././././././././.][././././././././B/././././././././././././././././././././././././././././././././././././././././././././././././././././././.]
[n2lcn0132:511976] MCW rank 856 bound to socket 1[core 96[hwt 0]]: [./././././././././././././././././././././././././././././././././././././././././././././././././././././././././././././././.][././././././././././././././././././././././././././././././././B/././././././././././././././././././././././././././././././.]
[n2lcn0122:2001550] MCW rank 579 bound to socket 0[core 12[hwt 0]]: [././././././././././././B/././././././././././././././././././././././././././././././././././././././././././././././././././.][./././././././././././././././././././././././././././././././././././././././././././././././././././././././././././././././.]
[n2lcn0132:511976] MCW rank 856 bound to socket 1[core 96[hwt 0]]: [./././././././././././././././././././././././././././././././././././././././././././././././././././././././././././././././.][././././././././././././././././././././././././././././././././B/././././././././././././././././././././././././././././././.]
[n2lcn0108.ab2021.local:2664628] MCW rank 175 bound to socket 0[core 60[hwt 0]]: [././././././././././././././././././././././././././././././././././././././././././././././././././././././././././././B/././.][./././././././././././././././././././././././././././././././././././././././././././././././././././././././././././././././.]
[n2lcn0118:1191073] MCW rank 506 bound to socket 1[core 104[hwt 0]]: [./././././././././././././././././././././././././././././././././././././././././././././././././././././././././././././././.][././././././././././././././././././././././././././././././././././././././././B/././././././././././././././././././././././.]
[n2lcn0117:628841] MCW rank 466 bound to socket 1[core 72[hwt 0]]: [./././././././././././././././././././././././././././././././././././././././././././././././././././././././././././././././.][././././././././B/././././././././././././././././././././././././././././././././././././././././././././././././././././././.]
[n2lcn0112.ab2021.local:3751176] MCW rank 308 bound to socket 1[core 80[hwt 0]]: [./././././././././././././././././././././././././././././././././././././././././././././././././././././././././././././././.][././././././././././././././././B/././././././././././././././././././././././././././././././././././././././././././././././.]
[n2lcn0108.ab2021.local:2664628] MCW rank 175 bound to socket 0[core 60[hwt 0]]: [././././././././././././././././././././././././././././././././././././././././././././././././././././././././././././B/././.][./././././././././././././././././././././././././././././././././././././././././././././././././././././././././././././././.]
[n2lcn0112.ab2021.local:3751176] MCW rank 308 bound to socket 1[core 80[hwt 0]]: [./././././././././././././././././././././././././././././././././././././././././././././././././././././././././././././././.][././././././././././././././././B/././././././././././././././././././././././././././././././././././././././././././././././.]
[n2lcn0112.ab2021.local:3751159] MCW rank 291 bound to socket 0[core 12[hwt 0]]: [././././././././././././B/././././././././././././././././././././././././././././././././././././././././././././././././././.][./././././././././././././././././././././././././././././././././././././././././././././././././././././././././././././././.]
[n2lcn0112.ab2021.local:3751158] MCW rank 290 bound to socket 0[core 8[hwt 0]]: [././././././././B/././././././././././././././././././././././././././././././././././././././././././././././././././././././.][./././././././././././././././././././././././././././././././././././././././././././././././././././././././././././././././.]
[n2lcn0112.ab2021.local:3751180] MCW rank 312 bound to socket 1[core 96[hwt 0]]: [./././././././././././././././././././././././././././././././././././././././././././././././././././././././././././././././.][././././././././././././././././././././././././././././././././B/././././././././././././././././././././././././././././././.]
[n2lcn0136:1666966] MCW rank 964 bound to socket 0[core 16[hwt 0]]: [././././././././././././././././B/././././././././././././././././././././././././././././././././././././././././././././././.][./././././././././././././././././././././././././././././././././././././././././././././././././././././././././././././././.]
[n2lcn0117:628841] MCW rank 466 bound to socket 1[core 72[hwt 0]]: [./././././././././././././././././././././././././././././././././././././././././././././././././././././././././././././././.][././././././././B/././././././././././././././././././././././././././././././././././././././././././././././././././././././.]
[n2lcn0118:1191069] MCW rank 502 bound to socket 1[core 88[hwt 0]]: [./././././././././././././././././././././././././././././././././././././././././././././././././././././././././././././././.][././././././././././././././././././././././././B/././././././././././././././././././././././././././././././././././././././.]
[n2lcn0118:1191073] MCW rank 506 bound to socket 1[core 104[hwt 0]]: [./././././././././././././././././././././././././././././././././././././././././././././././././././././././././././././././.][././././././././././././././././././././././././././././././././././././././././B/././././././././././././././././././././././.]
[n2lcn0112.ab2021.local:3751159] MCW rank 291 bound to socket 0[core 12[hwt 0]]: [././././././././././././B/././././././././././././././././././././././././././././././././././././././././././././././././././.][./././././././././././././././././././././././././././././././././././././././././././././././././././././././././././././././.]
[n2lcn0112.ab2021.local:3751158] MCW rank 290 bound to socket 0[core 8[hwt 0]]: [././././././././B/././././././././././././././././././././././././././././././././././././././././././././././././././././././.][./././././././././././././././././././././././././././././././././././././././././././././././././././././././././././././././.]
[n2lcn0112.ab2021.local:3751180] MCW rank 312 bound to socket 1[core 96[hwt 0]]: [./././././././././././././././././././././././././././././././././././././././././././././././././././././././././././././././.][././././././././././././././././././././././././././././././././B/././././././././././././././././././././././././././././././.]
[n2lcn0136:1666966] MCW rank 964 bound to socket 0[core 16[hwt 0]]: [././././././././././././././././B/././././././././././././././././././././././././././././././././././././././././././././././.][./././././././././././././././././././././././././././././././././././././././././././././././././././././././././././././././.]
[n2lcn0118:1191069] MCW rank 502 bound to socket 1[core 88[hwt 0]]: [./././././././././././././././././././././././././././././././././././././././././././././././././././././././././././././././.][././././././././././././././././././././././././B/././././././././././././././././././././././././././././././././././././././.]
[n2lcn0121:2576007] MCW rank 550 bound to socket 0[core 24[hwt 0]]: [././././././././././././././././././././././././B/././././././././././././././././././././././././././././././././././././././.][./././././././././././././././././././././././././././././././././././././././././././././././././././././././././././././././.]
[n2lcn0117:628844] MCW rank 469 bound to socket 1[core 84[hwt 0]]: [./././././././././././././././././././././././././././././././././././././././././././././././././././././././././././././././.][././././././././././././././././././././B/././././././././././././././././././././././././././././././././././././././././././.]
[n2lcn0121:2576008] MCW rank 551 bound to socket 0[core 28[hwt 0]]: [././././././././././././././././././././././././././././B/././././././././././././././././././././././././././././././././././.][./././././././././././././././././././././././././././././././././././././././././././././././././././././././././././././././.]
[n2lcn0117:628844] MCW rank 469 bound to socket 1[core 84[hwt 0]]: [./././././././././././././././././././././././././././././././././././././././././././././././././././././././././././././././.][././././././././././././././././././././B/././././././././././././././././././././././././././././././././././././././././././.]
[n2lcn0121:2576007] MCW rank 550 bound to socket 0[core 24[hwt 0]]: [././././././././././././././././././././././././B/././././././././././././././././././././././././././././././././././././././.][./././././././././././././././././././././././././././././././././././././././././././././././././././././././././././././././.]
[n2lcn0121:2576008] MCW rank 551 bound to socket 0[core 28[hwt 0]]: [././././././././././././././././././././././././././././B/././././././././././././././././././././././././././././././././././.][./././././././././././././././././././././././././././././././././././././././././././././././././././././././././././././././.]
[n2lcn0108.ab2021.local:2664637] MCW rank 184 bound to socket 1[core 96[hwt 0]]: [./././././././././././././././././././././././././././././././././././././././././././././././././././././././././././././././.][././././././././././././././././././././././././././././././././B/././././././././././././././././././././././././././././././.]
[n2lcn0108.ab2021.local:2664632] MCW rank 179 bound to socket 1[core 76[hwt 0]]: [./././././././././././././././././././././././././././././././././././././././././././././././././././././././././././././././.][././././././././././././B/././././././././././././././././././././././././././././././././././././././././././././././././././.]
[n2lcn0117:628827] MCW rank 452 bound to socket 0[core 16[hwt 0]]: [././././././././././././././././B/././././././././././././././././././././././././././././././././././././././././././././././.][./././././././././././././././././././././././././././././././././././././././././././././././././././././././././././././././.]
[n2lcn0137:2455431] MCW rank 1023 bound to socket 1[core 124[hwt 0]]: [./././././././././././././././././././././././././././././././././././././././././././././././././././././././././././././././.][././././././././././././././././././././././././././././././././././././././././././././././././././././././././././././B/././.]
[n2lcn0121:2576011] MCW rank 554 bound to socket 0[core 40[hwt 0]]: [././././././././././././././././././././././././././././././././././././././././B/././././././././././././././././././././././.][./././././././././././././././././././././././././././././././././././././././././././././././././././././././././././././././.]
[n2lcn0108.ab2021.local:2664637] MCW rank 184 bound to socket 1[core 96[hwt 0]]: [./././././././././././././././././././././././././././././././././././././././././././././././././././././././././././././././.][././././././././././././././././././././././././././././././././B/././././././././././././././././././././././././././././././.]
[n2lcn0108.ab2021.local:2664632] MCW rank 179 bound to socket 1[core 76[hwt 0]]: [./././././././././././././././././././././././././././././././././././././././././././././././././././././././././././././././.][././././././././././././B/././././././././././././././././././././././././././././././././././././././././././././././././././.]
[n2lcn0121:2576011] MCW rank 554 bound to socket 0[core 40[hwt 0]]: [././././././././././././././././././././././././././././././././././././././././B/././././././././././././././././././././././.][./././././././././././././././././././././././././././././././././././././././././././././././././././././././././././././././.]
[n2lcn0121:2576019] MCW rank 562 bound to socket 1[core 72[hwt 0]]: [./././././././././././././././././././././././././././././././././././././././././././././././././././././././././././././././.][././././././././B/././././././././././././././././././././././././././././././././././././././././././././././././././././././.]
[n2lcn0117:628827] MCW rank 452 bound to socket 0[core 16[hwt 0]]: [././././././././././././././././B/././././././././././././././././././././././././././././././././././././././././././././././.][./././././././././././././././././././././././././././././././././././././././././././././././././././././././././././././././.]
[n2lcn0137:2455431] MCW rank 1023 bound to socket 1[core 124[hwt 0]]: [./././././././././././././././././././././././././././././././././././././././././././././././././././././././././././././././.][././././././././././././././././././././././././././././././././././././././././././././././././././././././././././././B/././.]
[n2lcn0121:2576004] MCW rank 547 bound to socket 0[core 12[hwt 0]]: [././././././././././././B/././././././././././././././././././././././././././././././././././././././././././././././././././.][./././././././././././././././././././././././././././././././././././././././././././././././././././././././././././././././.]
[n2lcn0121:2576017] MCW rank 560 bound to socket 1[core 64[hwt 0]]: [./././././././././././././././././././././././././././././././././././././././././././././././././././././././././././././././.][B/././././././././././././././././././././././././././././././././././././././././././././././././././././././././././././././.]
[n2lcn0121:2576019] MCW rank 562 bound to socket 1[core 72[hwt 0]]: [./././././././././././././././././././././././././././././././././././././././././././././././././././././././././././././././.][././././././././B/././././././././././././././././././././././././././././././././././././././././././././././././././././././.]
[n2lcn0121:2576004] MCW rank 547 bound to socket 0[core 12[hwt 0]]: [././././././././././././B/././././././././././././././././././././././././././././././././././././././././././././././././././.][./././././././././././././././././././././././././././././././././././././././././././././././././././././././././././././././.]
[n2lcn0133.ab2021.local:827346] MCW rank 876 bound to socket 0[core 48[hwt 0]]: [././././././././././././././././././././././././././././././././././././././././././././././././B/././././././././././././././.][./././././././././././././././././././././././././././././././././././././././././././././././././././././././././././././././.]
[n2lcn0113:1395334] MCW rank 342 bound to socket 1[core 88[hwt 0]]: [./././././././././././././././././././././././././././././././././././././././././././././././././././././././././././././././.][././././././././././././././././././././././././B/././././././././././././././././././././././././././././././././././././././.]
[n2lcn0121:2576009] MCW rank 552 bound to socket 0[core 32[hwt 0]]: [././././././././././././././././././././././././././././././././B/././././././././././././././././././././././././././././././.][./././././././././././././././././././././././././././././././././././././././././././././././././././././././././././././././.]
[n2lcn0119:3881804] MCW rank 542 bound to socket 1[core 120[hwt 0]]: [./././././././././././././././././././././././././././././././././././././././././././././././././././././././././././././././.][././././././././././././././././././././././././././././././././././././././././././././././././././././././././B/././././././.]
[n2lcn0121:2576017] MCW rank 560 bound to socket 1[core 64[hwt 0]]: [./././././././././././././././././././././././././././././././././././././././././././././././././././././././././././././././.][B/././././././././././././././././././././././././././././././././././././././././././././././././././././././././././././././.]
[n2lcn0131.ab2021.local:3581961] MCW rank 815 bound to socket 0[core 60[hwt 0]]: [././././././././././././././././././././././././././././././././././././././././././././././././././././././././././././B/././.][./././././././././././././././././././././././././././././././././././././././././././././././././././././././././././././././.]
[n2lcn0133.ab2021.local:827346] MCW rank 876 bound to socket 0[core 48[hwt 0]]: [././././././././././././././././././././././././././././././././././././././././././././././././B/././././././././././././././.][./././././././././././././././././././././././././././././././././././././././././././././././././././././././././././././././.]
[n2lcn0113:1395334] MCW rank 342 bound to socket 1[core 88[hwt 0]]: [./././././././././././././././././././././././././././././././././././././././././././././././././././././././././././././././.][././././././././././././././././././././././././B/././././././././././././././././././././././././././././././././././././././.]
[n2lcn0111.ab2021.local:792556] MCW rank 269 bound to socket 0[core 52[hwt 0]]: [././././././././././././././././././././././././././././././././././././././././././././././././././././B/././././././././././.][./././././././././././././././././././././././././././././././././././././././././././././././././././././././././././././././.]
[n2lcn0119:3881804] MCW rank 542 bound to socket 1[core 120[hwt 0]]: [./././././././././././././././././././././././././././././././././././././././././././././././././././././././././././././././.][././././././././././././././././././././././././././././././././././././././././././././././././././././././././B/././././././.]
[n2lcn0119:3881776] MCW rank 514 bound to socket 0[core 8[hwt 0]]: [././././././././B/././././././././././././././././././././././././././././././././././././././././././././././././././././././.][./././././././././././././././././././././././././././././././././././././././././././././././././././././././././././././././.]
[n2lcn0119:3881805] MCW rank 543 bound to socket 1[core 124[hwt 0]]: [./././././././././././././././././././././././././././././././././././././././././././././././././././././././././././././././.][././././././././././././././././././././././././././././././././././././././././././././././././././././././././././././B/././.]
[n2lcn0131.ab2021.local:3581961] MCW rank 815 bound to socket 0[core 60[hwt 0]]: [././././././././././././././././././././././././././././././././././././././././././././././././././././././././././././B/././.][./././././././././././././././././././././././././././././././././././././././././././././././././././././././././././././././.]
[n2lcn0119:3881776] MCW rank 514 bound to socket 0[core 8[hwt 0]]: [././././././././B/././././././././././././././././././././././././././././././././././././././././././././././././././././././.][./././././././././././././././././././././././././././././././././././././././././././././././././././././././././././././././.]
[n2lcn0133.ab2021.local:827342] MCW rank 872 bound to socket 0[core 32[hwt 0]]: [././././././././././././././././././././././././././././././././B/././././././././././././././././././././././././././././././.][./././././././././././././././././././././././././././././././././././././././././././././././././././././././././././././././.]
[n2lcn0119:3881805] MCW rank 543 bound to socket 1[core 124[hwt 0]]: [./././././././././././././././././././././././././././././././././././././././././././././././././././././././././././././././.][././././././././././././././././././././././././././././././././././././././././././././././././././././././././././././B/././.]
[n2lcn0121:2576009] MCW rank 552 bound to socket 0[core 32[hwt 0]]: [././././././././././././././././././././././././././././././././B/././././././././././././././././././././././././././././././.][./././././././././././././././././././././././././././././././././././././././././././././././././././././././././././././././.]
[n2lcn0133.ab2021.local:827342] MCW rank 872 bound to socket 0[core 32[hwt 0]]: [././././././././././././././././././././././././././././././././B/././././././././././././././././././././././././././././././.][./././././././././././././././././././././././././././././././././././././././././././././././././././././././././././././././.]
[n2lcn0119:3881778] MCW rank 516 bound to socket 0[core 16[hwt 0]]: [././././././././././././././././B/././././././././././././././././././././././././././././././././././././././././././././././.][./././././././././././././././././././././././././././././././././././././././././././././././././././././././././././././././.]
[n2lcn0121:2576025] MCW rank 568 bound to socket 1[core 96[hwt 0]]: [./././././././././././././././././././././././././././././././././././././././././././././././././././././././././././././././.][././././././././././././././././././././././././././././././././B/././././././././././././././././././././././././././././././.]
[n2lcn0119:3881786] MCW rank 524 bound to socket 0[core 48[hwt 0]]: [././././././././././././././././././././././././././././././././././././././././././././././././B/././././././././././././././.][./././././././././././././././././././././././././././././././././././././././././././././././././././././././././././././././.]
[n2lcn0121:2576031] MCW rank 574 bound to socket 1[core 120[hwt 0]]: [./././././././././././././././././././././././././././././././././././././././././././././././././././././././././././././././.][././././././././././././././././././././././././././././././././././././././././././././././././././././././././B/././././././.]
[n2lcn0119:3881791] MCW rank 529 bound to socket 1[core 68[hwt 0]]: [./././././././././././././././././././././././././././././././././././././././././././././././././././././././././././././././.][././././B/././././././././././././././././././././././././././././././././././././././././././././././././././././././././././.]
[n2lcn0121:2576023] MCW rank 566 bound to socket 1[core 88[hwt 0]]: [./././././././././././././././././././././././././././././././././././././././././././././././././././././././././././././././.][././././././././././././././././././././././././B/././././././././././././././././././././././././././././././././././././././.]
[n2lcn0119:3881778] MCW rank 516 bound to socket 0[core 16[hwt 0]]: [././././././././././././././././B/././././././././././././././././././././././././././././././././././././././././././././././.][./././././././././././././././././././././././././././././././././././././././././././././././././././././././././././././././.]
[n2lcn0121:2576025] MCW rank 568 bound to socket 1[core 96[hwt 0]]: [./././././././././././././././././././././././././././././././././././././././././././././././././././././././././././././././.][././././././././././././././././././././././././././././././././B/././././././././././././././././././././././././././././././.]
[n2lcn0119:3881786] MCW rank 524 bound to socket 0[core 48[hwt 0]]: [././././././././././././././././././././././././././././././././././././././././././././././././B/././././././././././././././.][./././././././././././././././././././././././././././././././././././././././././././././././././././././././././././././././.]
[n2lcn0121:2576031] MCW rank 574 bound to socket 1[core 120[hwt 0]]: [./././././././././././././././././././././././././././././././././././././././././././././././././././././././././././././././.][././././././././././././././././././././././././././././././././././././././././././././././././././././././././B/././././././.]
[n2lcn0119:3881775] MCW rank 513 bound to socket 0[core 4[hwt 0]]: [././././B/././././././././././././././././././././././././././././././././././././././././././././././././././././././././././.][./././././././././././././././././././././././././././././././././././././././././././././././././././././././././././././././.]
[n2lcn0121:2576030] MCW rank 573 bound to socket 1[core 116[hwt 0]]: [./././././././././././././././././././././././././././././././././././././././././././././././././././././././././././././././.][././././././././././././././././././././././././././././././././././././././././././././././././././././B/././././././././././.]
[n2lcn0119:3881777] MCW rank 515 bound to socket 0[core 12[hwt 0]]: [././././././././././././B/././././././././././././././././././././././././././././././././././././././././././././././././././.][./././././././././././././././././././././././././././././././././././././././././././././././././././././././././././././././.]
[n2lcn0121:2576023] MCW rank 566 bound to socket 1[core 88[hwt 0]]: [./././././././././././././././././././././././././././././././././././././././././././././././././././././././././././././././.][././././././././././././././././././././././././B/././././././././././././././././././././././././././././././././././././././.]
[n2lcn0119:3881791] MCW rank 529 bound to socket 1[core 68[hwt 0]]: [./././././././././././././././././././././././././././././././././././././././././././././././././././././././././././././././.][././././B/././././././././././././././././././././././././././././././././././././././././././././././././././././././././././.]
[n2lcn0121:2576030] MCW rank 573 bound to socket 1[core 116[hwt 0]]: [./././././././././././././././././././././././././././././././././././././././././././././././././././././././././././././././.][././././././././././././././././././././././././././././././././././././././././././././././././././././B/././././././././././.]
[n2lcn0111.ab2021.local:792556] MCW rank 269 bound to socket 0[core 52[hwt 0]]: [././././././././././././././././././././././././././././././././././././././././././././././././././././B/././././././././././.][./././././././././././././././././././././././././././././././././././././././././././././././././././././././././././././././.]
[n2lcn0108.ab2021.local:2664614] MCW rank 161 bound to socket 0[core 4[hwt 0]]: [././././B/././././././././././././././././././././././././././././././././././././././././././././././././././././././././././.][./././././././././././././././././././././././././././././././././././././././././././././././././././././././././././././././.]
[n2lcn0108.ab2021.local:2664613] MCW rank 160 bound to socket 0[core 0[hwt 0]]: [B/././././././././././././././././././././././././././././././././././././././././././././././././././././././././././././././.][./././././././././././././././././././././././././././././././././././././././././././././././././././././././././././././././.]
[n2lcn0108.ab2021.local:2664614] MCW rank 161 bound to socket 0[core 4[hwt 0]]: [././././B/././././././././././././././././././././././././././././././././././././././././././././././././././././././././././.][./././././././././././././././././././././././././././././././././././././././././././././././././././././././././././././././.]
[n2lcn0108.ab2021.local:2664613] MCW rank 160 bound to socket 0[core 0[hwt 0]]: [B/././././././././././././././././././././././././././././././././././././././././././././././././././././././././././././././.][./././././././././././././././././././././././././././././././././././././././././././././././././././././././././././././././.]
[n2lcn0137:2455404] MCW rank 996 bound to socket 0[core 16[hwt 0]]: [././././././././././././././././B/././././././././././././././././././././././././././././././././././././././././././././././.][./././././././././././././././././././././././././././././././././././././././././././././././././././././././././././././././.]
[n2lcn0119:3881775] MCW rank 513 bound to socket 0[core 4[hwt 0]]: [././././B/././././././././././././././././././././././././././././././././././././././././././././././././././././././././././.][./././././././././././././././././././././././././././././././././././././././././././././././././././././././././././././././.]
[n2lcn0108.ab2021.local:2664635] MCW rank 182 bound to socket 1[core 88[hwt 0]]: [./././././././././././././././././././././././././././././././././././././././././././././././././././././././././././././././.][././././././././././././././././././././././././B/././././././././././././././././././././././././././././././././././././././.]
[n2lcn0119:3881777] MCW rank 515 bound to socket 0[core 12[hwt 0]]: [././././././././././././B/././././././././././././././././././././././././././././././././././././././././././././././././././.][./././././././././././././././././././././././././././././././././././././././././././././././././././././././././././././././.]
[n2lcn0137:2455404] MCW rank 996 bound to socket 0[core 16[hwt 0]]: [././././././././././././././././B/././././././././././././././././././././././././././././././././././././././././././././././.][./././././././././././././././././././././././././././././././././././././././././././././././././././././././././././././././.]
[n2lcn0133.ab2021.local:827353] MCW rank 883 bound to socket 1[core 76[hwt 0]]: [./././././././././././././././././././././././././././././././././././././././././././././././././././././././././././././././.][././././././././././././B/././././././././././././././././././././././././././././././././././././././././././././././././././.]
[n2lcn0108.ab2021.local:2664635] MCW rank 182 bound to socket 1[core 88[hwt 0]]: [./././././././././././././././././././././././././././././././././././././././././././././././././././././././././././././././.][././././././././././././././././././././././././B/././././././././././././././././././././././././././././././././././././././.]
[n2lcn0108.ab2021.local:2664616] MCW rank 163 bound to socket 0[core 12[hwt 0]]: [././././././././././././B/././././././././././././././././././././././././././././././././././././././././././././././././././.][./././././././././././././././././././././././././././././././././././././././././././././././././././././././././././././././.]
[n2lcn0108.ab2021.local:2664616] MCW rank 163 bound to socket 0[core 12[hwt 0]]: [././././././././././././B/././././././././././././././././././././././././././././././././././././././././././././././././././.][./././././././././././././././././././././././././././././././././././././././././././././././././././././././././././././././.]
[n2lcn0133.ab2021.local:827353] MCW rank 883 bound to socket 1[core 76[hwt 0]]: [./././././././././././././././././././././././././././././././././././././././././././././././././././././././././././././././.][././././././././././././B/././././././././././././././././././././././././././././././././././././././././././././././././././.]
[n2lcn0117:628842] MCW rank 467 bound to socket 1[core 76[hwt 0]]: [./././././././././././././././././././././././././././././././././././././././././././././././././././././././././././././././.][././././././././././././B/././././././././././././././././././././././././././././././././././././././././././././././././././.]
[n2lcn0117:628842] MCW rank 467 bound to socket 1[core 76[hwt 0]]: [./././././././././././././././././././././././././././././././././././././././././././././././././././././././././././././././.][././././././././././././B/././././././././././././././././././././././././././././././././././././././././././././././././././.]
[n2lcn0121:2576002] MCW rank 545 bound to socket 0[core 4[hwt 0]]: [././././B/././././././././././././././././././././././././././././././././././././././././././././././././././././././././././.][./././././././././././././././././././././././././././././././././././././././././././././././././././././././././././././././.]
[n2lcn0121:2576001] MCW rank 544 bound to socket 0[core 0[hwt 0]]: [B/././././././././././././././././././././././././././././././././././././././././././././././././././././././././././././././.][./././././././././././././././././././././././././././././././././././././././././././././././././././././././././././././././.]
[n2lcn0121:2576002] MCW rank 545 bound to socket 0[core 4[hwt 0]]: [././././B/././././././././././././././././././././././././././././././././././././././././././././././././././././././././././.][./././././././././././././././././././././././././././././././././././././././././././././././././././././././././././././././.]
[n2lcn0121:2576001] MCW rank 544 bound to socket 0[core 0[hwt 0]]: [B/././././././././././././././././././././././././././././././././././././././././././././././././././././././././././././././.][./././././././././././././././././././././././././././././././././././././././././././././././././././././././././././././././.]
[n2lcn0113:1395319] MCW rank 327 bound to socket 0[core 28[hwt 0]]: [././././././././././././././././././././././././././././B/././././././././././././././././././././././././././././././././././.][./././././././././././././././././././././././././././././././././././././././././././././././././././././././././././././././.]
[n2lcn0113:1395319] MCW rank 327 bound to socket 0[core 28[hwt 0]]: [././././././././././././././././././././././././././././B/././././././././././././././././././././././././././././././././././.][./././././././././././././././././././././././././././././././././././././././././././././././././././././././././././././././.]
[n2lcn0116.ab2021.local:2417153] MCW rank 429 bound to socket 0[core 52[hwt 0]]: [././././././././././././././././././././././././././././././././././././././././././././././././././././B/././././././././././.][./././././././././././././././././././././././././././././././././././././././././././././././././././././././././././././././.]
[n2lcn0117:628848] MCW rank 473 bound to socket 1[core 100[hwt 0]]: [./././././././././././././././././././././././././././././././././././././././././././././././././././././././././././././././.][././././././././././././././././././././././././././././././././././././B/././././././././././././././././././././././././././.]
[n2lcn0137:2455415] MCW rank 1007 bound to socket 0[core 60[hwt 0]]: [././././././././././././././././././././././././././././././././././././././././././././././././././././././././././././B/././.][./././././././././././././././././././././././././././././././././././././././././././././././././././././././././././././././.]
[n2lcn0116.ab2021.local:2417153] MCW rank 429 bound to socket 0[core 52[hwt 0]]: [././././././././././././././././././././././././././././././././././././././././././././././././././././B/././././././././././.][./././././././././././././././././././././././././././././././././././././././././././././././././././././././././././././././.]
[n2lcn0117:628848] MCW rank 473 bound to socket 1[core 100[hwt 0]]: [./././././././././././././././././././././././././././././././././././././././././././././././././././././././././././././././.][././././././././././././././././././././././././././././././././././././B/././././././././././././././././././././././././././.]
[n2lcn0137:2455415] MCW rank 1007 bound to socket 0[core 60[hwt 0]]: [././././././././././././././././././././././././././././././././././././././././././././././././././././././././././././B/././.][./././././././././././././././././././././././././././././././././././././././././././././././././././././././././././././././.]
[n2lcn0137:2455419] MCW rank 1011 bound to socket 1[core 76[hwt 0]]: [./././././././././././././././././././././././././././././././././././././././././././././././././././././././././././././././.][././././././././././././B/././././././././././././././././././././././././././././././././././././././././././././././././././.]
[n2lcn0137:2455419] MCW rank 1011 bound to socket 1[core 76[hwt 0]]: [./././././././././././././././././././././././././././././././././././././././././././././././././././././././././././././././.][././././././././././././B/././././././././././././././././././././././././././././././././././././././././././././././././././.]
[n2lcn0113:1395313] MCW rank 321 bound to socket 0[core 4[hwt 0]]: [././././B/././././././././././././././././././././././././././././././././././././././././././././././././././././././././././.][./././././././././././././././././././././././././././././././././././././././././././././././././././././././././././././././.]
[n2lcn0113:1395313] MCW rank 321 bound to socket 0[core 4[hwt 0]]: [././././B/././././././././././././././././././././././././././././././././././././././././././././././././././././././././././.][./././././././././././././././././././././././././././././././././././././././././././././././././././././././././././././././.]
[n2lcn0116.ab2021.local:2417167] MCW rank 443 bound to socket 1[core 108[hwt 0]]: [./././././././././././././././././././././././././././././././././././././././././././././././././././././././././././././././.][././././././././././././././././././././././././././././././././././././././././././././B/././././././././././././././././././.]
[n2lcn0116.ab2021.local:2417167] MCW rank 443 bound to socket 1[core 108[hwt 0]]: [./././././././././././././././././././././././././././././././././././././././././././././././././././././././././././././././.][././././././././././././././././././././././././././././././././././././././././././././B/././././././././././././././././././.]
[n2lcn0113:1395323] MCW rank 331 bound to socket 0[core 44[hwt 0]]: [././././././././././././././././././././././././././././././././././././././././././././B/././././././././././././././././././.][./././././././././././././././././././././././././././././././././././././././././././././././././././././././././././././././.]
[n2lcn0113:1395323] MCW rank 331 bound to socket 0[core 44[hwt 0]]: [././././././././././././././././././././././././././././././././././././././././././././B/././././././././././././././././././.][./././././././././././././././././././././././././././././././././././././././././././././././././././././././././././././././.]
[n2lcn0116.ab2021.local:2417171] MCW rank 447 bound to socket 1[core 124[hwt 0]]: [./././././././././././././././././././././././././././././././././././././././././././././././././././././././././././././././.][././././././././././././././././././././././././././././././././././././././././././././././././././././././././././././B/././.]
[n2lcn0113:1395343] MCW rank 351 bound to socket 1[core 124[hwt 0]]: [./././././././././././././././././././././././././././././././././././././././././././././././././././././././././././././././.][././././././././././././././././././././././././././././././././././././././././././././././././././././././././././././B/././.]
[n2lcn0116.ab2021.local:2417171] MCW rank 447 bound to socket 1[core 124[hwt 0]]: [./././././././././././././././././././././././././././././././././././././././././././././././././././././././././././././././.][././././././././././././././././././././././././././././././././././././././././././././././././././././././././././././B/././.]
[n2lcn0136:1666969] MCW rank 967 bound to socket 0[core 28[hwt 0]]: [././././././././././././././././././././././././././././B/././././././././././././././././././././././././././././././././././.][./././././././././././././././././././././././././././././././././././././././././././././././././././././././././././././././.]
[n2lcn0113:1395343] MCW rank 351 bound to socket 1[core 124[hwt 0]]: [./././././././././././././././././././././././././././././././././././././././././././././././././././././././././././././././.][././././././././././././././././././././././././././././././././././././././././././././././././././././././././././././B/././.]
[n2lcn0111.ab2021.local:792555] MCW rank 268 bound to socket 0[core 48[hwt 0]]: [././././././././././././././././././././././././././././././././././././././././././././././././B/././././././././././././././.][./././././././././././././././././././././././././././././././././././././././././././././././././././././././././././././././.]
[n2lcn0113:1395339] MCW rank 347 bound to socket 1[core 108[hwt 0]]: [./././././././././././././././././././././././././././././././././././././././././././././././././././././././././././././././.][././././././././././././././././././././././././././././././././././././././././././././B/././././././././././././././././././.]
[n2lcn0113:1395339] MCW rank 347 bound to socket 1[core 108[hwt 0]]: [./././././././././././././././././././././././././././././././././././././././././././././././././././././././././././././././.][././././././././././././././././././././././././././././././././././././././././././././B/././././././././././././././././././.]
[n2lcn0136:1666969] MCW rank 967 bound to socket 0[core 28[hwt 0]]: [././././././././././././././././././././././././././././B/././././././././././././././././././././././././././././././././././.][./././././././././././././././././././././././././././././././././././././././././././././././././././././././././././././././.]
[n2lcn0111.ab2021.local:792555] MCW rank 268 bound to socket 0[core 48[hwt 0]]: [././././././././././././././././././././././././././././././././././././././././././././././././B/././././././././././././././.][./././././././././././././././././././././././././././././././././././././././././././././././././././././././././././././././.]
[n2lcn0113:1395332] MCW rank 340 bound to socket 1[core 80[hwt 0]]: [./././././././././././././././././././././././././././././././././././././././././././././././././././././././././././././././.][././././././././././././././././B/././././././././././././././././././././././././././././././././././././././././././././././.]
[n2lcn0113:1395332] MCW rank 340 bound to socket 1[core 80[hwt 0]]: [./././././././././././././././././././././././././././././././././././././././././././././././././././././././././././././././.][././././././././././././././././B/././././././././././././././././././././././././././././././././././././././././././././././.]
[n2lcn0111.ab2021.local:792569] MCW rank 282 bound to socket 1[core 104[hwt 0]]: [./././././././././././././././././././././././././././././././././././././././././././././././././././././././././././././././.][././././././././././././././././././././././././././././././././././././././././B/././././././././././././././././././././././.]
[n2lcn0111.ab2021.local:792570] MCW rank 283 bound to socket 1[core 108[hwt 0]]: [./././././././././././././././././././././././././././././././././././././././././././././././././././././././././././././././.][././././././././././././././././././././././././././././././././././././././././././././B/././././././././././././././././././.]
[n2lcn0111.ab2021.local:792569] MCW rank 282 bound to socket 1[core 104[hwt 0]]: [./././././././././././././././././././././././././././././././././././././././././././././././././././././././././././././././.][././././././././././././././././././././././././././././././././././././././././B/././././././././././././././././././././././.]
[n2lcn0131.ab2021.local:3581958] MCW rank 812 bound to socket 0[core 48[hwt 0]]: [././././././././././././././././././././././././././././././././././././././././././././././././B/././././././././././././././.][./././././././././././././././././././././././././././././././././././././././././././././././././././././././././././././././.]
[n2lcn0111.ab2021.local:792570] MCW rank 283 bound to socket 1[core 108[hwt 0]]: [./././././././././././././././././././././././././././././././././././././././././././././././././././././././././././././././.][././././././././././././././././././././././././././././././././././././././././././././B/././././././././././././././././././.]
[n2lcn0133.ab2021.local:827347] MCW rank 877 bound to socket 0[core 52[hwt 0]]: [././././././././././././././././././././././././././././././././././././././././././././././././././././B/././././././././././.][./././././././././././././././././././././././././././././././././././././././././././././././././././././././././././././././.]
[n2lcn0131.ab2021.local:3581958] MCW rank 812 bound to socket 0[core 48[hwt 0]]: [././././././././././././././././././././././././././././././././././././././././././././././././B/././././././././././././././.][./././././././././././././././././././././././././././././././././././././././././././././././././././././././././././././././.]
[n2lcn0133.ab2021.local:827347] MCW rank 877 bound to socket 0[core 52[hwt 0]]: [././././././././././././././././././././././././././././././././././././././././././././././././././././B/././././././././././.][./././././././././././././././././././././././././././././././././././././././././././././././././././././././././././././././.]
[n2lcn0111.ab2021.local:792571] MCW rank 284 bound to socket 1[core 112[hwt 0]]: [./././././././././././././././././././././././././././././././././././././././././././././././././././././././././././././././.][././././././././././././././././././././././././././././././././././././././././././././././././B/././././././././././././././.]
[n2lcn0131.ab2021.local:3581959] MCW rank 813 bound to socket 0[core 52[hwt 0]]: [././././././././././././././././././././././././././././././././././././././././././././././././././././B/././././././././././.][./././././././././././././././././././././././././././././././././././././././././././././././././././././././././././././././.]
[n2lcn0133.ab2021.local:827343] MCW rank 873 bound to socket 0[core 36[hwt 0]]: [././././././././././././././././././././././././././././././././././././B/././././././././././././././././././././././././././.][./././././././././././././././././././././././././././././././././././././././././././././././././././././././././././././././.]
[n2lcn0133.ab2021.local:827343] MCW rank 873 bound to socket 0[core 36[hwt 0]]: [././././././././././././././././././././././././././././././././././././B/././././././././././././././././././././././././././.][./././././././././././././././././././././././././././././././././././././././././././././././././././././././././././././././.]
[n2lcn0111.ab2021.local:792571] MCW rank 284 bound to socket 1[core 112[hwt 0]]: [./././././././././././././././././././././././././././././././././././././././././././././././././././././././././././././././.][././././././././././././././././././././././././././././././././././././././././././././././././B/././././././././././././././.]
[n2lcn0111.ab2021.local:792553] MCW rank 266 bound to socket 0[core 40[hwt 0]]: [././././././././././././././././././././././././././././././././././././././././B/././././././././././././././././././././././.][./././././././././././././././././././././././././././././././././././././././././././././././././././././././././././././././.]
[n2lcn0131.ab2021.local:3581959] MCW rank 813 bound to socket 0[core 52[hwt 0]]: [././././././././././././././././././././././././././././././././././././././././././././././././././././B/././././././././././.][./././././././././././././././././././././././././././././././././././././././././././././././././././././././././././././././.]
[n2lcn0137:2455401] MCW rank 993 bound to socket 0[core 4[hwt 0]]: [././././B/././././././././././././././././././././././././././././././././././././././././././././././././././././././././././.][./././././././././././././././././././././././././././././././././././././././././././././././././././././././././././././././.]
[n2lcn0133.ab2021.local:827352] MCW rank 882 bound to socket 1[core 72[hwt 0]]: [./././././././././././././././././././././././././././././././././././././././././././././././././././././././././././././././.][././././././././B/././././././././././././././././././././././././././././././././././././././././././././././././././././././.]
[n2lcn0131.ab2021.local:3581951] MCW rank 805 bound to socket 0[core 20[hwt 0]]: [././././././././././././././././././././B/././././././././././././././././././././././././././././././././././././././././././.][./././././././././././././././././././././././././././././././././././././././././././././././././././././././././././././././.]
[n2lcn0131.ab2021.local:3581950] MCW rank 804 bound to socket 0[core 16[hwt 0]]: [././././././././././././././././B/././././././././././././././././././././././././././././././././././././././././././././././.][./././././././././././././././././././././././././././././././././././././././././././././././././././././././././././././././.]
[n2lcn0131.ab2021.local:3581951] MCW rank 805 bound to socket 0[core 20[hwt 0]]: [././././././././././././././././././././B/././././././././././././././././././././././././././././././././././././././././././.][./././././././././././././././././././././././././././././././././././././././././././././././././././././././././././././././.]
[n2lcn0131.ab2021.local:3581950] MCW rank 804 bound to socket 0[core 16[hwt 0]]: [././././././././././././././././B/././././././././././././././././././././././././././././././././././././././././././././././.][./././././././././././././././././././././././././././././././././././././././././././././././././././././././././././././././.]
[n2lcn0111.ab2021.local:792553] MCW rank 266 bound to socket 0[core 40[hwt 0]]: [././././././././././././././././././././././././././././././././././././././././B/././././././././././././././././././././././.][./././././././././././././././././././././././././././././././././././././././././././././././././././././././././././././././.]
[n2lcn0111.ab2021.local:792546] MCW rank 259 bound to socket 0[core 12[hwt 0]]: [././././././././././././B/././././././././././././././././././././././././././././././././././././././././././././././././././.][./././././././././././././././././././././././././././././././././././././././././././././././././././././././././././././././.]
[n2lcn0111.ab2021.local:792546] MCW rank 259 bound to socket 0[core 12[hwt 0]]: [././././././././././././B/././././././././././././././././././././././././././././././././././././././././././././././././././.][./././././././././././././././././././././././././././././././././././././././././././././././././././././././././././././././.]
[n2lcn0137:2455401] MCW rank 993 bound to socket 0[core 4[hwt 0]]: [././././B/././././././././././././././././././././././././././././././././././././././././././././././././././././././././././.][./././././././././././././././././././././././././././././././././././././././././././././././././././././././././././././././.]
[n2lcn0133.ab2021.local:827348] MCW rank 878 bound to socket 0[core 56[hwt 0]]: [././././././././././././././././././././././././././././././././././././././././././././././././././././././././B/././././././.][./././././././././././././././././././././././././././././././././././././././././././././././././././././././././././././././.]
[n2lcn0133.ab2021.local:827352] MCW rank 882 bound to socket 1[core 72[hwt 0]]: [./././././././././././././././././././././././././././././././././././././././././././././././././././././././././././././././.][././././././././B/././././././././././././././././././././././././././././././././././././././././././././././././././././././.]
[n2lcn0131.ab2021.local:3581972] MCW rank 826 bound to socket 1[core 104[hwt 0]]: [./././././././././././././././././././././././././././././././././././././././././././././././././././././././././././././././.][././././././././././././././././././././././././././././././././././././././././B/././././././././././././././././././././././.]
[n2lcn0131.ab2021.local:3581972] MCW rank 826 bound to socket 1[core 104[hwt 0]]: [./././././././././././././././././././././././././././././././././././././././././././././././././././././././././././././././.][././././././././././././././././././././././././././././././././././././././././B/././././././././././././././././././././././.]
[n2lcn0133.ab2021.local:827364] MCW rank 894 bound to socket 1[core 120[hwt 0]]: [./././././././././././././././././././././././././././././././././././././././././././././././././././././././././././././././.][././././././././././././././././././././././././././././././././././././././././././././././././././././././././B/././././././.]
[n2lcn0133.ab2021.local:827348] MCW rank 878 bound to socket 0[core 56[hwt 0]]: [././././././././././././././././././././././././././././././././././././././././././././././././././././././././B/././././././.][./././././././././././././././././././././././././././././././././././././././././././././././././././././././././././././././.]
[n2lcn0133.ab2021.local:827358] MCW rank 888 bound to socket 1[core 96[hwt 0]]: [./././././././././././././././././././././././././././././././././././././././././././././././././././././././././././././././.][././././././././././././././././././././././././././././././././B/././././././././././././././././././././././././././././././.]
[n2lcn0133.ab2021.local:827359] MCW rank 889 bound to socket 1[core 100[hwt 0]]: [./././././././././././././././././././././././././././././././././././././././././././././././././././././././././././././././.][././././././././././././././././././././././././././././././././././././B/././././././././././././././././././././././././././.]
[n2lcn0137:2455402] MCW rank 994 bound to socket 0[core 8[hwt 0]]: [././././././././B/././././././././././././././././././././././././././././././././././././././././././././././././././././././.][./././././././././././././././././././././././././././././././././././././././././././././././././././././././././././././././.]
[n2lcn0133.ab2021.local:827365] MCW rank 895 bound to socket 1[core 124[hwt 0]]: [./././././././././././././././././././././././././././././././././././././././././././././././././././././././././././././././.][././././././././././././././././././././././././././././././././././././././././././././././././././././././././././././B/././.]
[n2lcn0133.ab2021.local:827338] MCW rank 868 bound to socket 0[core 16[hwt 0]]: [././././././././././././././././B/././././././././././././././././././././././././././././././././././././././././././././././.][./././././././././././././././././././././././././././././././././././././././././././././././././././././././././././././././.]
[n2lcn0133.ab2021.local:827364] MCW rank 894 bound to socket 1[core 120[hwt 0]]: [./././././././././././././././././././././././././././././././././././././././././././././././././././././././././././././././.][././././././././././././././././././././././././././././././././././././././././././././././././././././././././B/././././././.]
[n2lcn0133.ab2021.local:827359] MCW rank 889 bound to socket 1[core 100[hwt 0]]: [./././././././././././././././././././././././././././././././././././././././././././././././././././././././././././././././.][././././././././././././././././././././././././././././././././././././B/././././././././././././././././././././././././././.]
[n2lcn0133.ab2021.local:827358] MCW rank 888 bound to socket 1[core 96[hwt 0]]: [./././././././././././././././././././././././././././././././././././././././././././././././././././././././././././././././.][././././././././././././././././././././././././././././././././B/././././././././././././././././././././././././././././././.]
[n2lcn0131.ab2021.local:3581973] MCW rank 827 bound to socket 1[core 108[hwt 0]]: [./././././././././././././././././././././././././././././././././././././././././././././././././././././././././././././././.][././././././././././././././././././././././././././././././././././././././././././././B/././././././././././././././././././.]
[n2lcn0133.ab2021.local:827365] MCW rank 895 bound to socket 1[core 124[hwt 0]]: [./././././././././././././././././././././././././././././././././././././././././././././././././././././././././././././././.][././././././././././././././././././././././././././././././././././././././././././././././././././././././././././././B/././.]
[n2lcn0133.ab2021.local:827341] MCW rank 871 bound to socket 0[core 28[hwt 0]]: [././././././././././././././././././././././././././././B/././././././././././././././././././././././././././././././././././.][./././././././././././././././././././././././././././././././././././././././././././././././././././././././././././././././.]
[n2lcn0133.ab2021.local:827338] MCW rank 868 bound to socket 0[core 16[hwt 0]]: [././././././././././././././././B/././././././././././././././././././././././././././././././././././././././././././././././.][./././././././././././././././././././././././././././././././././././././././././././././././././././././././././././././././.]
[n2lcn0133.ab2021.local:827350] MCW rank 880 bound to socket 1[core 64[hwt 0]]: [./././././././././././././././././././././././././././././././././././././././././././././././././././././././././././././././.][B/././././././././././././././././././././././././././././././././././././././././././././././././././././././././././././././.]
[n2lcn0132:511973] MCW rank 853 bound to socket 1[core 84[hwt 0]]: [./././././././././././././././././././././././././././././././././././././././././././././././././././././././././././././././.][././././././././././././././././././././B/././././././././././././././././././././././././././././././././././././././././././.]
[n2lcn0137:2455402] MCW rank 994 bound to socket 0[core 8[hwt 0]]: [././././././././B/././././././././././././././././././././././././././././././././././././././././././././././././././././././.][./././././././././././././././././././././././././././././././././././././././././././././././././././././././././././././././.]
[n2lcn0133.ab2021.local:827341] MCW rank 871 bound to socket 0[core 28[hwt 0]]: [././././././././././././././././././././././././././././B/././././././././././././././././././././././././././././././././././.][./././././././././././././././././././././././././././././././././././././././././././././././././././././././././././././././.]
[n2lcn0133.ab2021.local:827350] MCW rank 880 bound to socket 1[core 64[hwt 0]]: [./././././././././././././././././././././././././././././././././././././././././././././././././././././././././././././././.][B/././././././././././././././././././././././././././././././././././././././././././././././././././././././././././././././.]
[n2lcn0133.ab2021.local:827334] MCW rank 864 bound to socket 0[core 0[hwt 0]]: [B/././././././././././././././././././././././././././././././././././././././././././././././././././././././././././././././.][./././././././././././././././././././././././././././././././././././././././././././././././././././././././././././././././.]
[n2lcn0131.ab2021.local:3581973] MCW rank 827 bound to socket 1[core 108[hwt 0]]: [./././././././././././././././././././././././././././././././././././././././././././././././././././././././././././././././.][././././././././././././././././././././././././././././././././././././././././././././B/././././././././././././././././././.]
[n2lcn0131.ab2021.local:3581953] MCW rank 807 bound to socket 0[core 28[hwt 0]]: [././././././././././././././././././././././././././././B/././././././././././././././././././././././././././././././././././.][./././././././././././././././././././././././././././././././././././././././././././././././././././././././././././././././.]
[n2lcn0131.ab2021.local:3581953] MCW rank 807 bound to socket 0[core 28[hwt 0]]: [././././././././././././././././././././././././././././B/././././././././././././././././././././././././././././././././././.][./././././././././././././././././././././././././././././././././././././././././././././././././././././././././././././././.]
[n2lcn0132:511973] MCW rank 853 bound to socket 1[core 84[hwt 0]]: [./././././././././././././././././././././././././././././././././././././././././././././././././././././././././././././././.][././././././././././././././././././././B/././././././././././././././././././././././././././././././././././././././././././.]
[n2lcn0133.ab2021.local:827334] MCW rank 864 bound to socket 0[core 0[hwt 0]]: [B/././././././././././././././././././././././././././././././././././././././././././././././././././././././././././././././.][./././././././././././././././././././././././././././././././././././././././././././././././././././././././././././././././.]
[n2lcn0106:515395] MCW rank 103 bound to socket 0[core 28[hwt 0]]: [././././././././././././././././././././././././././././B/././././././././././././././././././././././././././././././././././.][./././././././././././././././././././././././././././././././././././././././././././././././././././././././././././././././.]
[n2lcn0136:1666988] MCW rank 986 bound to socket 1[core 104[hwt 0]]: [./././././././././././././././././././././././././././././././././././././././././././././././././././././././././././././././.][././././././././././././././././././././././././././././././././././././././././B/././././././././././././././././././././././.]
[n2lcn0131.ab2021.local:3581956] MCW rank 810 bound to socket 0[core 40[hwt 0]]: [././././././././././././././././././././././././././././././././././././././././B/././././././././././././././././././././././.][./././././././././././././././././././././././././././././././././././././././././././././././././././././././././././././././.]
[n2lcn0131.ab2021.local:3581956] MCW rank 810 bound to socket 0[core 40[hwt 0]]: [././././././././././././././././././././././././././././././././././././././././B/././././././././././././././././././././././.][./././././././././././././././././././././././././././././././././././././././././././././././././././././././././././././././.]
[n2lcn0131.ab2021.local:3581948] MCW rank 802 bound to socket 0[core 8[hwt 0]]: [././././././././B/././././././././././././././././././././././././././././././././././././././././././././././././././././././.][./././././././././././././././././././././././././././././././././././././././././././././././././././././././././././././././.]
[n2lcn0131.ab2021.local:3581975] MCW rank 829 bound to socket 1[core 116[hwt 0]]: [./././././././././././././././././././././././././././././././././././././././././././././././././././././././././././././././.][././././././././././././././././././././././././././././././././././././././././././././././././././././B/././././././././././.]
[n2lcn0131.ab2021.local:3581948] MCW rank 802 bound to socket 0[core 8[hwt 0]]: [././././././././B/././././././././././././././././././././././././././././././././././././././././././././././././././././././.][./././././././././././././././././././././././././././././././././././././././././././././././././././././././././././././././.]
[n2lcn0106:515395] MCW rank 103 bound to socket 0[core 28[hwt 0]]: [././././././././././././././././././././././././././././B/././././././././././././././././././././././././././././././././././.][./././././././././././././././././././././././././././././././././././././././././././././././././././././././././././././././.]
[n2lcn0136:1666988] MCW rank 986 bound to socket 1[core 104[hwt 0]]: [./././././././././././././././././././././././././././././././././././././././././././././././././././././././././././././././.][././././././././././././././././././././././././././././././././././././././././B/././././././././././././././././././././././.]
[n2lcn0106:515394] MCW rank 102 bound to socket 0[core 24[hwt 0]]: [././././././././././././././././././././././././B/././././././././././././././././././././././././././././././././././././././.][./././././././././././././././././././././././././././././././././././././././././././././././././././././././././././././././.]
[n2lcn0106:515394] MCW rank 102 bound to socket 0[core 24[hwt 0]]: [././././././././././././././././././././././././B/././././././././././././././././././././././././././././././././././././././.][./././././././././././././././././././././././././././././././././././././././././././././././././././././././././././././././.]
[n2lcn0131.ab2021.local:3581975] MCW rank 829 bound to socket 1[core 116[hwt 0]]: [./././././././././././././././././././././././././././././././././././././././././././././././././././././././././././././././.][././././././././././././././././././././././././././././././././././././././././././././././././././././B/././././././././././.]
[n2lcn0136:1666990] MCW rank 988 bound to socket 1[core 112[hwt 0]]: [./././././././././././././././././././././././././././././././././././././././././././././././././././././././././././././././.][././././././././././././././././././././././././././././././././././././././././././././././././B/././././././././././././././.]
[n2lcn0136:1666990] MCW rank 988 bound to socket 1[core 112[hwt 0]]: [./././././././././././././././././././././././././././././././././././././././././././././././././././././././././././././././.][././././././././././././././././././././././././././././././././././././././././././././././././B/././././././././././././././.]
[n2lcn0116.ab2021.local:2417166] MCW rank 442 bound to socket 1[core 104[hwt 0]]: [./././././././././././././././././././././././././././././././././././././././././././././././././././././././././././././././.][././././././././././././././././././././././././././././././././././././././././B/././././././././././././././././././././././.]
[n2lcn0113:1395324] MCW rank 332 bound to socket 0[core 48[hwt 0]]: [././././././././././././././././././././././././././././././././././././././././././././././././B/././././././././././././././.][./././././././././././././././././././././././././././././././././././././././././././././././././././././././././././././././.]
[n2lcn0106:515405] MCW rank 113 bound to socket 1[core 68[hwt 0]]: [./././././././././././././././././././././././././././././././././././././././././././././././././././././././././././././././.][././././B/././././././././././././././././././././././././././././././././././././././././././././././././././././././././././.]
[n2lcn0113:1395324] MCW rank 332 bound to socket 0[core 48[hwt 0]]: [././././././././././././././././././././././././././././././././././././././././././././././././B/././././././././././././././.][./././././././././././././././././././././././././././././././././././././././././././././././././././././././././././././././.]
[n2lcn0116.ab2021.local:2417166] MCW rank 442 bound to socket 1[core 104[hwt 0]]: [./././././././././././././././././././././././././././././././././././././././././././././././././././././././././././././././.][././././././././././././././././././././././././././././././././././././././././B/././././././././././././././././././././././.]
[n2lcn0112.ab2021.local:3751168] MCW rank 300 bound to socket 0[core 48[hwt 0]]: [././././././././././././././././././././././././././././././././././././././././././././././././B/././././././././././././././.][./././././././././././././././././././././././././././././././././././././././././././././././././././././././././././././././.]
[n2lcn0113:1395317] MCW rank 325 bound to socket 0[core 20[hwt 0]]: [././././././././././././././././././././B/././././././././././././././././././././././././././././././././././././././././././.][./././././././././././././././././././././././././././././././././././././././././././././././././././././././././././././././.]
[n2lcn0106:515405] MCW rank 113 bound to socket 1[core 68[hwt 0]]: [./././././././././././././././././././././././././././././././././././././././././././././././././././././././././././././././.][././././B/././././././././././././././././././././././././././././././././././././././././././././././././././././././././././.]
[n2lcn0113:1395325] MCW rank 333 bound to socket 0[core 52[hwt 0]]: [././././././././././././././././././././././././././././././././././././././././././././././././././././B/././././././././././.][./././././././././././././././././././././././././././././././././././././././././././././././././././././././././././././././.]
[n2lcn0113:1395320] MCW rank 328 bound to socket 0[core 32[hwt 0]]: [././././././././././././././././././././././././././././././././B/././././././././././././././././././././././././././././././.][./././././././././././././././././././././././././././././././././././././././././././././././././././././././././././././././.]
[n2lcn0112.ab2021.local:3751168] MCW rank 300 bound to socket 0[core 48[hwt 0]]: [././././././././././././././././././././././././././././././././././././././././././././././././B/././././././././././././././.][./././././././././././././././././././././././././././././././././././././././././././././././././././././././././././././././.]
[n2lcn0113:1395321] MCW rank 329 bound to socket 0[core 36[hwt 0]]: [././././././././././././././././././././././././././././././././././././B/././././././././././././././././././././././././././.][./././././././././././././././././././././././././././././././././././././././././././././././././././././././././././././././.]
[n2lcn0113:1395317] MCW rank 325 bound to socket 0[core 20[hwt 0]]: [././././././././././././././././././././B/././././././././././././././././././././././././././././././././././././././././././.][./././././././././././././././././././././././././././././././././././././././././././././././././././././././././././././././.]
[n2lcn0113:1395325] MCW rank 333 bound to socket 0[core 52[hwt 0]]: [././././././././././././././././././././././././././././././././././././././././././././././././././././B/././././././././././.][./././././././././././././././././././././././././././././././././././././././././././././././././././././././././././././././.]
[n2lcn0113:1395320] MCW rank 328 bound to socket 0[core 32[hwt 0]]: [././././././././././././././././././././././././././././././././B/././././././././././././././././././././././././././././././.][./././././././././././././././././././././././././././././././././././././././././././././././././././././././././././././././.]
[n2lcn0113:1395321] MCW rank 329 bound to socket 0[core 36[hwt 0]]: [././././././././././././././././././././././././././././././././././././B/././././././././././././././././././././././././././.][./././././././././././././././././././././././././././././././././././././././././././././././././././././././././././././././.]
[n2lcn0113:1395342] MCW rank 350 bound to socket 1[core 120[hwt 0]]: [./././././././././././././././././././././././././././././././././././././././././././././././././././././././././././././././.][././././././././././././././././././././././././././././././././././././././././././././././././././././././././B/././././././.]
[n2lcn0113:1395336] MCW rank 344 bound to socket 1[core 96[hwt 0]]: [./././././././././././././././././././././././././././././././././././././././././././././././././././././././././././././././.][././././././././././././././././././././././././././././././././B/././././././././././././././././././././././././././././././.]
[n2lcn0113:1395342] MCW rank 350 bound to socket 1[core 120[hwt 0]]: [./././././././././././././././././././././././././././././././././././././././././././././././././././././././././././././././.][././././././././././././././././././././././././././././././././././././././././././././././././././././././././B/././././././.]
[n2lcn0113:1395336] MCW rank 344 bound to socket 1[core 96[hwt 0]]: [./././././././././././././././././././././././././././././././././././././././././././././././././././././././././././././././.][././././././././././././././././././././././././././././././././B/././././././././././././././././././././././././././././././.]
[n2lcn0113:1395312] MCW rank 320 bound to socket 0[core 0[hwt 0]]: [B/././././././././././././././././././././././././././././././././././././././././././././././././././././././././././././././.][./././././././././././././././././././././././././././././././././././././././././././././././././././././././././././././././.]
[n2lcn0113:1395312] MCW rank 320 bound to socket 0[core 0[hwt 0]]: [B/././././././././././././././././././././././././././././././././././././././././././././././././././././././././././././././.][./././././././././././././././././././././././././././././././././././././././././././././././././././././././././././././././.]
[n2lcn0113:1395315] MCW rank 323 bound to socket 0[core 12[hwt 0]]: [././././././././././././B/././././././././././././././././././././././././././././././././././././././././././././././././././.][./././././././././././././././././././././././././././././././././././././././././././././././././././././././././././././././.]
[n2lcn0113:1395314] MCW rank 322 bound to socket 0[core 8[hwt 0]]: [././././././././B/././././././././././././././././././././././././././././././././././././././././././././././././././././././.][./././././././././././././././././././././././././././././././././././././././././././././././././././././././././././././././.]
[n2lcn0113:1395315] MCW rank 323 bound to socket 0[core 12[hwt 0]]: [././././././././././././B/././././././././././././././././././././././././././././././././././././././././././././././././././.][./././././././././././././././././././././././././././././././././././././././././././././././././././././././././././././././.]
[n2lcn0113:1395314] MCW rank 322 bound to socket 0[core 8[hwt 0]]: [././././././././B/././././././././././././././././././././././././././././././././././././././././././././././././././././././.][./././././././././././././././././././././././././././././././././././././././././././././././././././././././././././././././.]
[n2lcn0111.ab2021.local:792565] MCW rank 278 bound to socket 1[core 88[hwt 0]]: [./././././././././././././././././././././././././././././././././././././././././././././././././././././././././././././././.][././././././././././././././././././././././././B/././././././././././././././././././././././././././././././././././././././.]
[n2lcn0111.ab2021.local:792565] MCW rank 278 bound to socket 1[core 88[hwt 0]]: [./././././././././././././././././././././././././././././././././././././././././././././././././././././././././././././././.][././././././././././././././././././././././././B/././././././././././././././././././././././././././././././././././././././.]
[n2lcn0111.ab2021.local:792561] MCW rank 274 bound to socket 1[core 72[hwt 0]]: [./././././././././././././././././././././././././././././././././././././././././././././././././././././././././././././././.][././././././././B/././././././././././././././././././././././././././././././././././././././././././././././././././././././.]
[n2lcn0112.ab2021.local:3751184] MCW rank 316 bound to socket 1[core 112[hwt 0]]: [./././././././././././././././././././././././././././././././././././././././././././././././././././././././././././././././.][././././././././././././././././././././././././././././././././././././././././././././././././B/././././././././././././././.]
[n2lcn0126.ab2021.local:3450083] MCW rank 723 bound to socket 1[core 76[hwt 0]]: [./././././././././././././././././././././././././././././././././././././././././././././././././././././././././././././././.][././././././././././././B/././././././././././././././././././././././././././././././././././././././././././././././././././.]
[n2lcn0111.ab2021.local:792562] MCW rank 275 bound to socket 1[core 76[hwt 0]]: [./././././././././././././././././././././././././././././././././././././././././././././././././././././././././././././././.][././././././././././././B/././././././././././././././././././././././././././././././././././././././././././././././././././.]
[n2lcn0111.ab2021.local:792561] MCW rank 274 bound to socket 1[core 72[hwt 0]]: [./././././././././././././././././././././././././././././././././././././././././././././././././././././././././././././././.][././././././././B/././././././././././././././././././././././././././././././././././././././././././././././././././././././.]
[n2lcn0111.ab2021.local:792562] MCW rank 275 bound to socket 1[core 76[hwt 0]]: [./././././././././././././././././././././././././././././././././././././././././././././././././././././././././././././././.][././././././././././././B/././././././././././././././././././././././././././././././././././././././././././././././././././.]
[n2lcn0131.ab2021.local:3581952] MCW rank 806 bound to socket 0[core 24[hwt 0]]: [././././././././././././././././././././././././B/././././././././././././././././././././././././././././././././././././././.][./././././././././././././././././././././././././././././././././././././././././././././././././././././././././././././././.]
[n2lcn0117:628837] MCW rank 462 bound to socket 0[core 56[hwt 0]]: [././././././././././././././././././././././././././././././././././././././././././././././././././././././././B/././././././.][./././././././././././././././././././././././././././././././././././././././././././././././././././././././././././././././.]
[n2lcn0112.ab2021.local:3751184] MCW rank 316 bound to socket 1[core 112[hwt 0]]: [./././././././././././././././././././././././././././././././././././././././././././././././././././././././././././././././.][././././././././././././././././././././././././././././././././././././././././././././././././B/././././././././././././././.]
[n2lcn0112.ab2021.local:3751179] MCW rank 311 bound to socket 1[core 92[hwt 0]]: [./././././././././././././././././././././././././././././././././././././././././././././././././././././././././././././././.][././././././././././././././././././././././././././././B/././././././././././././././././././././././././././././././././././.]
[n2lcn0136:1666989] MCW rank 987 bound to socket 1[core 108[hwt 0]]: [./././././././././././././././././././././././././././././././././././././././././././././././././././././././././././././././.][././././././././././././././././././././././././././././././././././././././././././././B/././././././././././././././././././.]
[n2lcn0126.ab2021.local:3450083] MCW rank 723 bound to socket 1[core 76[hwt 0]]: [./././././././././././././././././././././././././././././././././././././././././././././././././././././././././././././././.][././././././././././././B/././././././././././././././././././././././././././././././././././././././././././././././././././.]
[n2lcn0111.ab2021.local:792566] MCW rank 279 bound to socket 1[core 92[hwt 0]]: [./././././././././././././././././././././././././././././././././././././././././././././././././././././././././././././././.][././././././././././././././././././././././././././././B/././././././././././././././././././././././././././././././././././.]
[n2lcn0131.ab2021.local:3581952] MCW rank 806 bound to socket 0[core 24[hwt 0]]: [././././././././././././././././././././././././B/././././././././././././././././././././././././././././././././././././././.][./././././././././././././././././././././././././././././././././././././././././././././././././././././././././././././././.]
[n2lcn0131.ab2021.local:3581966] MCW rank 820 bound to socket 1[core 80[hwt 0]]: [./././././././././././././././././././././././././././././././././././././././././././././././././././././././././././././././.][././././././././././././././././B/././././././././././././././././././././././././././././././././././././././././././././././.]
[n2lcn0117:628837] MCW rank 462 bound to socket 0[core 56[hwt 0]]: [././././././././././././././././././././././././././././././././././././././././././././././././././././././././B/././././././.][./././././././././././././././././././././././././././././././././././././././././././././././././././././././././././././././.]
[n2lcn0117:628839] MCW rank 464 bound to socket 1[core 64[hwt 0]]: [./././././././././././././././././././././././././././././././././././././././././././././././././././././././././././././././.][B/././././././././././././././././././././././././././././././././././././././././././././././././././././././././././././././.]
[n2lcn0117:628839] MCW rank 464 bound to socket 1[core 64[hwt 0]]: [./././././././././././././././././././././././././././././././././././././././././././././././././././././././././././././././.][B/././././././././././././././././././././././././././././././././././././././././././././././././././././././././././././././.]
[n2lcn0112.ab2021.local:3751179] MCW rank 311 bound to socket 1[core 92[hwt 0]]: [./././././././././././././././././././././././././././././././././././././././././././././././././././././././././././././././.][././././././././././././././././././././././././././././B/././././././././././././././././././././././././././././././././././.]
[n2lcn0136:1666989] MCW rank 987 bound to socket 1[core 108[hwt 0]]: [./././././././././././././././././././././././././././././././././././././././././././././././././././././././././././././././.][././././././././././././././././././././././././././././././././././././././././././././B/././././././././././././././././././.]
[n2lcn0136:1666974] MCW rank 972 bound to socket 0[core 48[hwt 0]]: [././././././././././././././././././././././././././././././././././././././././././././././././B/././././././././././././././.][./././././././././././././././././././././././././././././././././././././././././././././././././././././././././././././././.]
[n2lcn0106:515391] MCW rank 99 bound to socket 0[core 12[hwt 0]]: [././././././././././././B/././././././././././././././././././././././././././././././././././././././././././././././././././.][./././././././././././././././././././././././././././././././././././././././././././././././././././././././././././././././.]
[n2lcn0111.ab2021.local:792566] MCW rank 279 bound to socket 1[core 92[hwt 0]]: [./././././././././././././././././././././././././././././././././././././././././././././././././././././././././././././././.][././././././././././././././././././././././././././././B/././././././././././././././././././././././././././././././././././.]
[n2lcn0126.ab2021.local:3450084] MCW rank 724 bound to socket 1[core 80[hwt 0]]: [./././././././././././././././././././././././././././././././././././././././././././././././././././././././././././././././.][././././././././././././././././B/././././././././././././././././././././././././././././././././././././././././././././././.]
[n2lcn0126.ab2021.local:3450091] MCW rank 731 bound to socket 1[core 108[hwt 0]]: [./././././././././././././././././././././././././././././././././././././././././././././././././././././././././././././././.][././././././././././././././././././././././././././././././././././././././././././././B/././././././././././././././././././.]
[n2lcn0131.ab2021.local:3581966] MCW rank 820 bound to socket 1[core 80[hwt 0]]: [./././././././././././././././././././././././././././././././././././././././././././././././././././././././././././././././.][././././././././././././././././B/././././././././././././././././././././././././././././././././././././././././././././././.]
[n2lcn0131.ab2021.local:3581954] MCW rank 808 bound to socket 0[core 32[hwt 0]]: [././././././././././././././././././././././././././././././././B/././././././././././././././././././././././././././././././.][./././././././././././././././././././././././././././././././././././././././././././././././././././././././././././././././.]
[n2lcn0131.ab2021.local:3581954] MCW rank 808 bound to socket 0[core 32[hwt 0]]: [././././././././././././././././././././././././././././././././B/././././././././././././././././././././././././././././././.][./././././././././././././././././././././././././././././././././././././././././././././././././././././././././././././././.]
[n2lcn0136:1666975] MCW rank 973 bound to socket 0[core 52[hwt 0]]: [././././././././././././././././././././././././././././././././././././././././././././././././././././B/././././././././././.][./././././././././././././././././././././././././././././././././././././././././././././././././././././././././././././././.]
[n2lcn0136:1666974] MCW rank 972 bound to socket 0[core 48[hwt 0]]: [././././././././././././././././././././././././././././././././././././././././././././././././B/././././././././././././././.][./././././././././././././././././././././././././././././././././././././././././././././././././././././././././././././././.]
[n2lcn0136:1666975] MCW rank 973 bound to socket 0[core 52[hwt 0]]: [././././././././././././././././././././././././././././././././././././././././././././././././././././B/././././././././././.][./././././././././././././././././././././././././././././././././././././././././././././././././././././././././././././././.]
[n2lcn0136:1666971] MCW rank 969 bound to socket 0[core 36[hwt 0]]: [././././././././././././././././././././././././././././././././././././B/././././././././././././././././././././././././././.][./././././././././././././././././././././././././././././././././././././././././././././././././././././././././././././././.]
[n2lcn0136:1666967] MCW rank 965 bound to socket 0[core 20[hwt 0]]: [././././././././././././././././././././B/././././././././././././././././././././././././././././././././././././././././././.][./././././././././././././././././././././././././././././././././././././././././././././././././././././././././././././././.]
[n2lcn0136:1666971] MCW rank 969 bound to socket 0[core 36[hwt 0]]: [././././././././././././././././././././././././././././././././././././B/././././././././././././././././././././././././././.][./././././././././././././././././././././././././././././././././././././././././././././././././././././././././././././././.]
[n2lcn0136:1666976] MCW rank 974 bound to socket 0[core 56[hwt 0]]: [././././././././././././././././././././././././././././././././././././././././././././././././././././././././B/././././././.][./././././././././././././././././././././././././././././././././././././././././././././././././././././././././././././././.]
[n2lcn0132:511966] MCW rank 846 bound to socket 0[core 56[hwt 0]]: [././././././././././././././././././././././././././././././././././././././././././././././././././././././././B/././././././.][./././././././././././././././././././././././././././././././././././././././././././././././././././././././././././././././.]
[n2lcn0106:515391] MCW rank 99 bound to socket 0[core 12[hwt 0]]: [././././././././././././B/././././././././././././././././././././././././././././././././././././././././././././././././././.][./././././././././././././././././././././././././././././././././././././././././././././././././././././././././././././././.]
[n2lcn0106:515390] MCW rank 98 bound to socket 0[core 8[hwt 0]]: [././././././././B/././././././././././././././././././././././././././././././././././././././././././././././././././././././.][./././././././././././././././././././././././././././././././././././././././././././././././././././././././././././././././.]
[n2lcn0111.ab2021.local:792560] MCW rank 273 bound to socket 1[core 68[hwt 0]]: [./././././././././././././././././././././././././././././././././././././././././././././././././././././././././././././././.][././././B/././././././././././././././././././././././././././././././././././././././././././././././././././././././././././.]
[n2lcn0111.ab2021.local:792560] MCW rank 273 bound to socket 1[core 68[hwt 0]]: [./././././././././././././././././././././././././././././././././././././././././././././././././././././././././././././././.][././././B/././././././././././././././././././././././././././././././././././././././././././././././././././././././././././.]
[n2lcn0111.ab2021.local:792548] MCW rank 261 bound to socket 0[core 20[hwt 0]]: [././././././././././././././././././././B/././././././././././././././././././././././././././././././././././././././././././.][./././././././././././././././././././././././././././././././././././././././././././././././././././././././././././././././.]
[n2lcn0126.ab2021.local:3450084] MCW rank 724 bound to socket 1[core 80[hwt 0]]: [./././././././././././././././././././././././././././././././././././././././././././././././././././././././././././././././.][././././././././././././././././B/././././././././././././././././././././././././././././././././././././././././././././././.]
[n2lcn0126.ab2021.local:3450091] MCW rank 731 bound to socket 1[core 108[hwt 0]]: [./././././././././././././././././././././././././././././././././././././././././././././././././././././././././././././././.][././././././././././././././././././././././././././././././././././././././././././././B/././././././././././././././././././.]
[n2lcn0131.ab2021.local:3581946] MCW rank 800 bound to socket 0[core 0[hwt 0]]: [B/././././././././././././././././././././././././././././././././././././././././././././././././././././././././././././././.][./././././././././././././././././././././././././././././././././././././././././././././././././././././././././././././././.]
[n2lcn0131.ab2021.local:3581946] MCW rank 800 bound to socket 0[core 0[hwt 0]]: [B/././././././././././././././././././././././././././././././././././././././././././././././././././././././././././././././.][./././././././././././././././././././././././././././././././././././././././././././././././././././././././././././././././.]
[n2lcn0131.ab2021.local:3581969] MCW rank 823 bound to socket 1[core 92[hwt 0]]: [./././././././././././././././././././././././././././././././././././././././././././././././././././././././././././././././.][././././././././././././././././././././././././././././B/././././././././././././././././././././././././././././././././././.]
[n2lcn0136:1666967] MCW rank 965 bound to socket 0[core 20[hwt 0]]: [././././././././././././././././././././B/././././././././././././././././././././././././././././././././././././././././././.][./././././././././././././././././././././././././././././././././././././././././././././././././././././././././././././././.]
[n2lcn0136:1666976] MCW rank 974 bound to socket 0[core 56[hwt 0]]: [././././././././././././././././././././././././././././././././././././././././././././././././././././././././B/././././././.][./././././././././././././././././././././././././././././././././././././././././././././././././././././././././././././././.]
[n2lcn0111.ab2021.local:792548] MCW rank 261 bound to socket 0[core 20[hwt 0]]: [././././././././././././././././././././B/././././././././././././././././././././././././././././././././././././././././././.][./././././././././././././././././././././././././././././././././././././././././././././././././././././././././././././././.]
[n2lcn0136:1666981] MCW rank 979 bound to socket 1[core 76[hwt 0]]: [./././././././././././././././././././././././././././././././././././././././././././././././././././././././././././././././.][././././././././././././B/././././././././././././././././././././././././././././././././././././././././././././././././././.]
[n2lcn0136:1666981] MCW rank 979 bound to socket 1[core 76[hwt 0]]: [./././././././././././././././././././././././././././././././././././././././././././././././././././././././././././././././.][././././././././././././B/././././././././././././././././././././././././././././././././././././././././././././././././././.]
[n2lcn0126.ab2021.local:3450077] MCW rank 717 bound to socket 0[core 52[hwt 0]]: [././././././././././././././././././././././././././././././././././././././././././././././././././././B/././././././././././.][./././././././././././././././././././././././././././././././././././././././././././././././././././././././././././././././.]
[n2lcn0132:511966] MCW rank 846 bound to socket 0[core 56[hwt 0]]: [././././././././././././././././././././././././././././././././././././././././././././././././././././././././B/././././././.][./././././././././././././././././././././././././././././././././././././././././././././././././././././././././././././././.]
[n2lcn0131.ab2021.local:3581971] MCW rank 825 bound to socket 1[core 100[hwt 0]]: [./././././././././././././././././././././././././././././././././././././././././././././././././././././././././././././././.][././././././././././././././././././././././././././././././././././././B/././././././././././././././././././././././././././.]
[n2lcn0106:515390] MCW rank 98 bound to socket 0[core 8[hwt 0]]: [././././././././B/././././././././././././././././././././././././././././././././././././././././././././././././././././././.][./././././././././././././././././././././././././././././././././././././././././././././././././././././././././././././././.]
[n2lcn0126.ab2021.local:3450077] MCW rank 717 bound to socket 0[core 52[hwt 0]]: [././././././././././././././././././././././././././././././././././././././././././././././././././././B/././././././././././.][./././././././././././././././././././././././././././././././././././././././././././././././././././././././././././././././.]
[n2lcn0132:511967] MCW rank 847 bound to socket 0[core 60[hwt 0]]: [././././././././././././././././././././././././././././././././././././././././././././././././././././././././././././B/././.][./././././././././././././././././././././././././././././././././././././././././././././././././././././././././././././././.]
[n2lcn0131.ab2021.local:3581969] MCW rank 823 bound to socket 1[core 92[hwt 0]]: [./././././././././././././././././././././././././././././././././././././././././././././././././././././././././././././././.][././././././././././././././././././././././././././././B/././././././././././././././././././././././././././././././././././.]
[n2lcn0131.ab2021.local:3581971] MCW rank 825 bound to socket 1[core 100[hwt 0]]: [./././././././././././././././././././././././././././././././././././././././././././././././././././././././././././././././.][././././././././././././././././././././././././././././././././././././B/././././././././././././././././././././././././././.]
[n2lcn0132:511967] MCW rank 847 bound to socket 0[core 60[hwt 0]]: [././././././././././././././././././././././././././././././././././././././././././././././././././././././././././././B/././.][./././././././././././././././././././././././././././././././././././././././././././././././././././././././././././././././.]
[n2lcn0136:1666965] MCW rank 963 bound to socket 0[core 12[hwt 0]]: [././././././././././././B/././././././././././././././././././././././././././././././././././././././././././././././././././.][./././././././././././././././././././././././././././././././././././././././././././././././././././././././././././././././.]
[n2lcn0136:1666965] MCW rank 963 bound to socket 0[core 12[hwt 0]]: [././././././././././././B/././././././././././././././././././././././././././././././././././././././././././././././././././.][./././././././././././././././././././././././././././././././././././././././././././././././././././././././././././././././.]
[n2lcn0111.ab2021.local:792544] MCW rank 257 bound to socket 0[core 4[hwt 0]]: [././././B/././././././././././././././././././././././././././././././././././././././././././././././././././././././././././.][./././././././././././././././././././././././././././././././././././././././././././././././././././././././././././././././.]
[n2lcn0116.ab2021.local:2417142] MCW rank 418 bound to socket 0[core 8[hwt 0]]: [././././././././B/././././././././././././././././././././././././././././././././././././././././././././././././././././././.][./././././././././././././././././././././././././././././././././././././././././././././././././././././././././././././././.]
[n2lcn0111.ab2021.local:792544] MCW rank 257 bound to socket 0[core 4[hwt 0]]: [././././B/././././././././././././././././././././././././././././././././././././././././././././././././././././././././././.][./././././././././././././././././././././././././././././././././././././././././././././././././././././././././././././././.]
[n2lcn0116.ab2021.local:2417142] MCW rank 418 bound to socket 0[core 8[hwt 0]]: [././././././././B/././././././././././././././././././././././././././././././././././././././././././././././././././././././.][./././././././././././././././././././././././././././././././././././././././././././././././././././././././././././././././.]
[n2lcn0111.ab2021.local:792543] MCW rank 256 bound to socket 0[core 0[hwt 0]]: [B/././././././././././././././././././././././././././././././././././././././././././././././././././././././././././././././.][./././././././././././././././././././././././././././././././././././././././././././././././././././././././././././././././.]
[n2lcn0111.ab2021.local:792543] MCW rank 256 bound to socket 0[core 0[hwt 0]]: [B/././././././././././././././././././././././././././././././././././././././././././././././././././././././././././././././.][./././././././././././././././././././././././././././././././././././././././././././././././././././././././././././././././.]
[n2lcn0136:1666963] MCW rank 961 bound to socket 0[core 4[hwt 0]]: [././././B/././././././././././././././././././././././././././././././././././././././././././././././././././././././././././.][./././././././././././././././././././././././././././././././././././././././././././././././././././././././././././././././.]
[n2lcn0117:628825] MCW rank 450 bound to socket 0[core 8[hwt 0]]: [././././././././B/././././././././././././././././././././././././././././././././././././././././././././././././././././././.][./././././././././././././././././././././././././././././././././././././././././././././././././././././././././././././././.]
[n2lcn0117:628826] MCW rank 451 bound to socket 0[core 12[hwt 0]]: [././././././././././././B/././././././././././././././././././././././././././././././././././././././././././././././././././.][./././././././././././././././././././././././././././././././././././././././././././././././././././././././././././././././.]
[n2lcn0136:1666963] MCW rank 961 bound to socket 0[core 4[hwt 0]]: [././././B/././././././././././././././././././././././././././././././././././././././././././././././././././././././././././.][./././././././././././././././././././././././././././././././././././././././././././././././././././././././././././././././.]
[n2lcn0117:628825] MCW rank 450 bound to socket 0[core 8[hwt 0]]: [././././././././B/././././././././././././././././././././././././././././././././././././././././././././././././././././././.][./././././././././././././././././././././././././././././././././././././././././././././././././././././././././././././././.]
[n2lcn0117:628826] MCW rank 451 bound to socket 0[core 12[hwt 0]]: [././././././././././././B/././././././././././././././././././././././././././././././././././././././././././././././././././.][./././././././././././././././././././././././././././././././././././././././././././././././././././././././././././././././.]
[n2lcn0136:1666962] MCW rank 960 bound to socket 0[core 0[hwt 0]]: [B/././././././././././././././././././././././././././././././././././././././././././././././././././././././././././././././.][./././././././././././././././././././././././././././././././././././././././././././././././././././././././././././././././.]
[n2lcn0136:1666962] MCW rank 960 bound to socket 0[core 0[hwt 0]]: [B/././././././././././././././././././././././././././././././././././././././././././././././././././././././././././././././.][./././././././././././././././././././././././././././././././././././././././././././././././././././././././././././././././.]
[n2lcn0106:515388] MCW rank 96 bound to socket 0[core 0[hwt 0]]: [B/././././././././././././././././././././././././././././././././././././././././././././././././././././././././././././././.][./././././././././././././././././././././././././././././././././././././././././././././././././././././././././././././././.]
[n2lcn0106:515388] MCW rank 96 bound to socket 0[core 0[hwt 0]]: [B/././././././././././././././././././././././././././././././././././././././././././././././././././././././././././././././.][./././././././././././././././././././././././././././././././././././././././././././././././././././././././././././././././.]
[n2lcn0122:2001578] MCW rank 607 bound to socket 1[core 124[hwt 0]]: [./././././././././././././././././././././././././././././././././././././././././././././././././././././././././././././././.][././././././././././././././././././././././././././././././././././././././././././././././././././././././././././././B/././.]
[n2lcn0122:2001578] MCW rank 607 bound to socket 1[core 124[hwt 0]]: [./././././././././././././././././././././././././././././././././././././././././././././././././././././././././././././././.][././././././././././././././././././././././././././././././././././././././././././././././././././././././././././././B/././.]
[n2lcn0117:628853] MCW rank 478 bound to socket 1[core 120[hwt 0]]: [./././././././././././././././././././././././././././././././././././././././././././././././././././././././././././././././.][././././././././././././././././././././././././././././././././././././././././././././././././././././././././B/././././././.]
[n2lcn0117:628853] MCW rank 478 bound to socket 1[core 120[hwt 0]]: [./././././././././././././././././././././././././././././././././././././././././././././././././././././././././././././././.][././././././././././././././././././././././././././././././././././././././././././././././././././././././././B/././././././.]
[n2lcn0116.ab2021.local:2417163] MCW rank 439 bound to socket 1[core 92[hwt 0]]: [./././././././././././././././././././././././././././././././././././././././././././././././././././././././././././././././.][././././././././././././././././././././././././././././B/././././././././././././././././././././././././././././././././././.]
[n2lcn0116.ab2021.local:2417163] MCW rank 439 bound to socket 1[core 92[hwt 0]]: [./././././././././././././././././././././././././././././././././././././././././././././././././././././././././././././././.][././././././././././././././././././././././././././././B/././././././././././././././././././././././././././././././././././.]
[n2lcn0112.ab2021.local:3751181] MCW rank 313 bound to socket 1[core 100[hwt 0]]: [./././././././././././././././././././././././././././././././././././././././././././././././././././././././././././././././.][././././././././././././././././././././././././././././././././././././B/././././././././././././././././././././././././././.]
[n2lcn0112.ab2021.local:3751181] MCW rank 313 bound to socket 1[core 100[hwt 0]]: [./././././././././././././././././././././././././././././././././././././././././././././././././././././././././././././././.][././././././././././././././././././././././././././././././././././././B/././././././././././././././././././././././././././.]
[n2lcn0106:515399] MCW rank 107 bound to socket 0[core 44[hwt 0]]: [././././././././././././././././././././././././././././././././././././././././././././B/././././././././././././././././././.][./././././././././././././././././././././././././././././././././././././././././././././././././././././././././././././././.]
[n2lcn0106:515399] MCW rank 107 bound to socket 0[core 44[hwt 0]]: [././././././././././././././././././././././././././././././././././././././././././././B/././././././././././././././././././.][./././././././././././././././././././././././././././././././././././././././././././././././././././././././././././././././.]
[n2lcn0132:511959] MCW rank 839 bound to socket 0[core 28[hwt 0]]: [././././././././././././././././././././././././././././B/././././././././././././././././././././././././././././././././././.][./././././././././././././././././././././././././././././././././././././././././././././././././././././././././././././././.]
[n2lcn0112.ab2021.local:3751172] MCW rank 304 bound to socket 1[core 64[hwt 0]]: [./././././././././././././././././././././././././././././././././././././././././././././././././././././././././././././././.][B/././././././././././././././././././././././././././././././././././././././././././././././././././././././././././././././.]
[n2lcn0106:515392] MCW rank 100 bound to socket 0[core 16[hwt 0]]: [././././././././././././././././B/././././././././././././././././././././././././././././././././././././././././././././././.][./././././././././././././././././././././././././././././././././././././././././././././././././././././././././././././././.]
[n2lcn0106:515393] MCW rank 101 bound to socket 0[core 20[hwt 0]]: [././././././././././././././././././././B/././././././././././././././././././././././././././././././././././././././././././.][./././././././././././././././././././././././././././././././././././././././././././././././././././././././././././././././.]
[n2lcn0106:515392] MCW rank 100 bound to socket 0[core 16[hwt 0]]: [././././././././././././././././B/././././././././././././././././././././././././././././././././././././././././././././././.][./././././././././././././././././././././././././././././././././././././././././././././././././././././././././././././././.]
[n2lcn0106:515393] MCW rank 101 bound to socket 0[core 20[hwt 0]]: [././././././././././././././././././././B/././././././././././././././././././././././././././././././././././././././././././.][./././././././././././././././././././././././././././././././././././././././././././././././././././././././././././././././.]
[n2lcn0132:511958] MCW rank 838 bound to socket 0[core 24[hwt 0]]: [././././././././././././././././././././././././B/././././././././././././././././././././././././././././././././././././././.][./././././././././././././././././././././././././././././././././././././././././././././././././././././././././././././././.]
[n2lcn0132:511959] MCW rank 839 bound to socket 0[core 28[hwt 0]]: [././././././././././././././././././././././././././././B/././././././././././././././././././././././././././././././././././.][./././././././././././././././././././././././././././././././././././././././././././././././././././././././././././././././.]
[n2lcn0132:511958] MCW rank 838 bound to socket 0[core 24[hwt 0]]: [././././././././././././././././././././././././B/././././././././././././././././././././././././././././././././././././././.][./././././././././././././././././././././././././././././././././././././././././././././././././././././././././././././././.]
[n2lcn0137:2455413] MCW rank 1005 bound to socket 0[core 52[hwt 0]]: [././././././././././././././././././././././././././././././././././././././././././././././././././././B/././././././././././.][./././././././././././././././././././././././././././././././././././././././././././././././././././././././././././././././.]
[n2lcn0112.ab2021.local:3751183] MCW rank 315 bound to socket 1[core 108[hwt 0]]: [./././././././././././././././././././././././././././././././././././././././././././././././././././././././././././././././.][././././././././././././././././././././././././././././././././././././././././././././B/././././././././././././././././././.]
[n2lcn0112.ab2021.local:3751172] MCW rank 304 bound to socket 1[core 64[hwt 0]]: [./././././././././././././././././././././././././././././././././././././././././././././././././././././././././././././././.][B/././././././././././././././././././././././././././././././././././././././././././././././././././././././././././././././.]
[n2lcn0112.ab2021.local:3751183] MCW rank 315 bound to socket 1[core 108[hwt 0]]: [./././././././././././././././././././././././././././././././././././././././././././././././././././././././././././././././.][././././././././././././././././././././././././././././././././././././././././././././B/././././././././././././././././././.]
[n2lcn0106:515396] MCW rank 104 bound to socket 0[core 32[hwt 0]]: [././././././././././././././././././././././././././././././././B/././././././././././././././././././././././././././././././.][./././././././././././././././././././././././././././././././././././././././././././././././././././././././././././././././.]
[n2lcn0106:515398] MCW rank 106 bound to socket 0[core 40[hwt 0]]: [././././././././././././././././././././././././././././././././././././././././B/././././././././././././././././././././././.][./././././././././././././././././././././././././././././././././././././././././././././././././././././././././././././././.]
[n2lcn0137:2455413] MCW rank 1005 bound to socket 0[core 52[hwt 0]]: [././././././././././././././././././././././././././././././././././././././././././././././././././././B/././././././././././.][./././././././././././././././././././././././././././././././././././././././././././././././././././././././././././././././.]
[n2lcn0137:2455424] MCW rank 1016 bound to socket 1[core 96[hwt 0]]: [./././././././././././././././././././././././././././././././././././././././././././././././././././././././././././././././.][././././././././././././././././././././././././././././././././B/././././././././././././././././././././././././././././././.]
[n2lcn0137:2455424] MCW rank 1016 bound to socket 1[core 96[hwt 0]]: [./././././././././././././././././././././././././././././././././././././././././././././././././././././././././././././././.][././././././././././././././././././././././././././././././././B/././././././././././././././././././././././././././././././.]
[n2lcn0106:515402] MCW rank 110 bound to socket 0[core 56[hwt 0]]: [././././././././././././././././././././././././././././././././././././././././././././././././././././././././B/././././././.][./././././././././././././././././././././././././././././././././././././././././././././././././././././././././././././././.]
[n2lcn0106:515396] MCW rank 104 bound to socket 0[core 32[hwt 0]]: [././././././././././././././././././././././././././././././././B/././././././././././././././././././././././././././././././.][./././././././././././././././././././././././././././././././././././././././././././././././././././././././././././././././.]
[n2lcn0106:515398] MCW rank 106 bound to socket 0[core 40[hwt 0]]: [././././././././././././././././././././././././././././././././././././././././B/././././././././././././././././././././././.][./././././././././././././././././././././././././././././././././././././././././././././././././././././././././././././././.]
[n2lcn0106:515402] MCW rank 110 bound to socket 0[core 56[hwt 0]]: [././././././././././././././././././././././././././././././././././././././././././././././././././././././././B/././././././.][./././././././././././././././././././././././././././././././././././././././././././././././././././././././././././././././.]
[n2lcn0126.ab2021.local:3450069] MCW rank 709 bound to socket 0[core 20[hwt 0]]: [././././././././././././././././././././B/././././././././././././././././././././././././././././././././././././././././././.][./././././././././././././././././././././././././././././././././././././././././././././././././././././././././././././././.]
[n2lcn0126.ab2021.local:3450069] MCW rank 709 bound to socket 0[core 20[hwt 0]]: [././././././././././././././././././././B/././././././././././././././././././././././././././././././././././././././././././.][./././././././././././././././././././././././././././././././././././././././././././././././././././././././././././././././.]
[n2lcn0126.ab2021.local:3450075] MCW rank 715 bound to socket 0[core 44[hwt 0]]: [././././././././././././././././././././././././././././././././././././././././././././B/././././././././././././././././././.][./././././././././././././././././././././././././././././././././././././././././././././././././././././././././././././././.]
[n2lcn0126.ab2021.local:3450075] MCW rank 715 bound to socket 0[core 44[hwt 0]]: [././././././././././././././././././././././././././././././././././././././././././././B/././././././././././././././././././.][./././././././././././././././././././././././././././././././././././././././././././././././././././././././././././././././.]
[n2lcn0126.ab2021.local:3450072] MCW rank 712 bound to socket 0[core 32[hwt 0]]: [././././././././././././././././././././././././././././././././B/././././././././././././././././././././././././././././././.][./././././././././././././././././././././././././././././././././././././././././././././././././././././././././././././././.]
[n2lcn0126.ab2021.local:3450072] MCW rank 712 bound to socket 0[core 32[hwt 0]]: [././././././././././././././././././././././././././././././././B/././././././././././././././././././././././././././././././.][./././././././././././././././././././././././././././././././././././././././././././././././././././././././././././././././.]
[n2lcn0106:515397] MCW rank 105 bound to socket 0[core 36[hwt 0]]: [././././././././././././././././././././././././././././././././././././B/././././././././././././././././././././././././././.][./././././././././././././././././././././././././././././././././././././././././././././././././././././././././././././././.]
[n2lcn0106:515397] MCW rank 105 bound to socket 0[core 36[hwt 0]]: [././././././././././././././././././././././././././././././././././././B/././././././././././././././././././././././././././.][./././././././././././././././././././././././././././././././././././././././././././././././././././././././././././././././.]
[n2lcn0106:515404] MCW rank 112 bound to socket 1[core 64[hwt 0]]: [./././././././././././././././././././././././././././././././././././././././././././././././././././././././././././././././.][B/././././././././././././././././././././././././././././././././././././././././././././././././././././././././././././././.]
[n2lcn0106:515412] MCW rank 120 bound to socket 1[core 96[hwt 0]]: [./././././././././././././././././././././././././././././././././././././././././././././././././././././././././././././././.][././././././././././././././././././././././././././././././././B/././././././././././././././././././././././././././././././.]
[n2lcn0106:515401] MCW rank 109 bound to socket 0[core 52[hwt 0]]: [././././././././././././././././././././././././././././././././././././././././././././././././././././B/././././././././././.][./././././././././././././././././././././././././././././././././././././././././././././././././././././././././././././././.]
[n2lcn0137:2455423] MCW rank 1015 bound to socket 1[core 92[hwt 0]]: [./././././././././././././././././././././././././././././././././././././././././././././././././././././././././././././././.][././././././././././././././././././././././././././././B/././././././././././././././././././././././././././././././././././.]
[n2lcn0106:515404] MCW rank 112 bound to socket 1[core 64[hwt 0]]: [./././././././././././././././././././././././././././././././././././././././././././././././././././././././././././././././.][B/././././././././././././././././././././././././././././././././././././././././././././././././././././././././././././././.]
[n2lcn0106:515412] MCW rank 120 bound to socket 1[core 96[hwt 0]]: [./././././././././././././././././././././././././././././././././././././././././././././././././././././././././././././././.][././././././././././././././././././././././././././././././././B/././././././././././././././././././././././././././././././.]
[n2lcn0106:515416] MCW rank 124 bound to socket 1[core 112[hwt 0]]: [./././././././././././././././././././././././././././././././././././././././././././././././././././././././././././././././.][././././././././././././././././././././././././././././././././././././././././././././././././B/././././././././././././././.]
[n2lcn0106:515401] MCW rank 109 bound to socket 0[core 52[hwt 0]]: [././././././././././././././././././././././././././././././././././././././././././././././././././././B/././././././././././.][./././././././././././././././././././././././././././././././././././././././././././././././././././././././././././././././.]
[n2lcn0137:2455423] MCW rank 1015 bound to socket 1[core 92[hwt 0]]: [./././././././././././././././././././././././././././././././././././././././././././././././././././././././././././././././.][././././././././././././././././././././././././././././B/././././././././././././././././././././././././././././././././././.]
[n2lcn0106:515403] MCW rank 111 bound to socket 0[core 60[hwt 0]]: [././././././././././././././././././././././././././././././././././././././././././././././././././././././././././././B/././.][./././././././././././././././././././././././././././././././././././././././././././././././././././././././././././././././.]
[n2lcn0106:515416] MCW rank 124 bound to socket 1[core 112[hwt 0]]: [./././././././././././././././././././././././././././././././././././././././././././././././././././././././././././././././.][././././././././././././././././././././././././././././././././././././././././././././././././B/././././././././././././././.]
[n2lcn0112.ab2021.local:3751162] MCW rank 294 bound to socket 0[core 24[hwt 0]]: [././././././././././././././././././././././././B/././././././././././././././././././././././././././././././././././././././.][./././././././././././././././././././././././././././././././././././././././././././././././././././././././././././././././.]
[n2lcn0106:515411] MCW rank 119 bound to socket 1[core 92[hwt 0]]: [./././././././././././././././././././././././././././././././././././././././././././././././././././././././././././././././.][././././././././././././././././././././././././././././B/././././././././././././././././././././././././././././././././././.]
[n2lcn0112.ab2021.local:3751162] MCW rank 294 bound to socket 0[core 24[hwt 0]]: [././././././././././././././././././././././././B/././././././././././././././././././././././././././././././././././././././.][./././././././././././././././././././././././././././././././././././././././././././././././././././././././././././././././.]
[n2lcn0106:515419] MCW rank 127 bound to socket 1[core 124[hwt 0]]: [./././././././././././././././././././././././././././././././././././././././././././././././././././././././././././././././.][././././././././././././././././././././././././././././././././././././././././././././././././././././././././././././B/././.]
[n2lcn0106:515389] MCW rank 97 bound to socket 0[core 4[hwt 0]]: [././././B/././././././././././././././././././././././././././././././././././././././././././././././././././././././././././.][./././././././././././././././././././././././././././././././././././././././././././././././././././././././././././././././.]
[n2lcn0106:515403] MCW rank 111 bound to socket 0[core 60[hwt 0]]: [././././././././././././././././././././././././././././././././././././././././././././././././././././././././././././B/././.][./././././././././././././././././././././././././././././././././././././././././././././././././././././././././././././././.]
[n2lcn0106:515419] MCW rank 127 bound to socket 1[core 124[hwt 0]]: [./././././././././././././././././././././././././././././././././././././././././././././././././././././././././././././././.][././././././././././././././././././././././././././././././././././././././././././././././././././././././././././././B/././.]
[n2lcn0106:515411] MCW rank 119 bound to socket 1[core 92[hwt 0]]: [./././././././././././././././././././././././././././././././././././././././././././././././././././././././././././././././.][././././././././././././././././././././././././././././B/././././././././././././././././././././././././././././././././././.]
[n2lcn0106:515389] MCW rank 97 bound to socket 0[core 4[hwt 0]]: [././././B/././././././././././././././././././././././././././././././././././././././././././././././././././././././././././.][./././././././././././././././././././././././././././././././././././././././././././././././././././././././././././././././.]
[n2lcn0137:2455416] MCW rank 1008 bound to socket 1[core 64[hwt 0]]: [./././././././././././././././././././././././././././././././././././././././././././././././././././././././././././././././.][B/././././././././././././././././././././././././././././././././././././././././././././././././././././././././././././././.]
[n2lcn0137:2455416] MCW rank 1008 bound to socket 1[core 64[hwt 0]]: [./././././././././././././././././././././././././././././././././././././././././././././././././././././././././././././././.][B/././././././././././././././././././././././././././././././././././././././././././././././././././././././././././././././.]
[n2lcn0132:511963] MCW rank 843 bound to socket 0[core 44[hwt 0]]: [././././././././././././././././././././././././././././././././././././././././././././B/././././././././././././././././././.][./././././././././././././././././././././././././././././././././././././././././././././././././././././././././././././././.]
[n2lcn0132:511963] MCW rank 843 bound to socket 0[core 44[hwt 0]]: [././././././././././././././././././././././././././././././././././././././././././././B/././././././././././././././././././.][./././././././././././././././././././././././././././././././././././././././././././././././././././././././././././././././.]
[n2lcn0126.ab2021.local:3450071] MCW rank 711 bound to socket 0[core 28[hwt 0]]: [././././././././././././././././././././././././././././B/././././././././././././././././././././././././././././././././././.][./././././././././././././././././././././././././././././././././././././././././././././././././././././././././././././././.]
[n2lcn0126.ab2021.local:3450071] MCW rank 711 bound to socket 0[core 28[hwt 0]]: [././././././././././././././././././././././././././././B/././././././././././././././././././././././././././././././././././.][./././././././././././././././././././././././././././././././././././././././././././././././././././././././././././././././.]
[n2lcn0137:2455429] MCW rank 1021 bound to socket 1[core 116[hwt 0]]: [./././././././././././././././././././././././././././././././././././././././././././././././././././././././././././././././.][././././././././././././././././././././././././././././././././././././././././././././././././././././B/././././././././././.]
[n2lcn0116.ab2021.local:2417151] MCW rank 427 bound to socket 0[core 44[hwt 0]]: [././././././././././././././././././././././././././././././././././././././././././././B/././././././././././././././././././.][./././././././././././././././././././././././././././././././././././././././././././././././././././././././././././././././.]
[n2lcn0137:2455429] MCW rank 1021 bound to socket 1[core 116[hwt 0]]: [./././././././././././././././././././././././././././././././././././././././././././././././././././././././././././././././.][././././././././././././././././././././././././././././././././././././././././././././././././././././B/././././././././././.]
[n2lcn0116.ab2021.local:2417151] MCW rank 427 bound to socket 0[core 44[hwt 0]]: [././././././././././././././././././././././././././././././././././././././././././././B/././././././././././././././././././.][./././././././././././././././././././././././././././././././././././././././././././././././././././././././././././././././.]
[n2lcn0126.ab2021.local:3450070] MCW rank 710 bound to socket 0[core 24[hwt 0]]: [././././././././././././././././././././././././B/././././././././././././././././././././././././././././././././././././././.][./././././././././././././././././././././././././././././././././././././././././././././././././././././././././././././././.]
[n2lcn0126.ab2021.local:3450070] MCW rank 710 bound to socket 0[core 24[hwt 0]]: [././././././././././././././././././././././././B/././././././././././././././././././././././././././././././././././././././.][./././././././././././././././././././././././././././././././././././././././././././././././././././././././././././././././.]
[n2lcn0137:2455400] MCW rank 992 bound to socket 0[core 0[hwt 0]]: [B/././././././././././././././././././././././././././././././././././././././././././././././././././././././././././././././.][./././././././././././././././././././././././././././././././././././././././././././././././././././././././././././././././.]
[n2lcn0137:2455400] MCW rank 992 bound to socket 0[core 0[hwt 0]]: [B/././././././././././././././././././././././././././././././././././././././././././././././././././././././././././././././.][./././././././././././././././././././././././././././././././././././././././././././././././././././././././././././././././.]
[n2lcn0116.ab2021.local:2417159] MCW rank 435 bound to socket 1[core 76[hwt 0]]: [./././././././././././././././././././././././././././././././././././././././././././././././././././././././././././././././.][././././././././././././B/././././././././././././././././././././././././././././././././././././././././././././././././././.]
[n2lcn0116.ab2021.local:2417159] MCW rank 435 bound to socket 1[core 76[hwt 0]]: [./././././././././././././././././././././././././././././././././././././././././././././././././././././././././././././././.][././././././././././././B/././././././././././././././././././././././././././././././././././././././././././././././././././.]
[n2lcn0116.ab2021.local:2417170] MCW rank 446 bound to socket 1[core 120[hwt 0]]: [./././././././././././././././././././././././././././././././././././././././././././././././././././././././././././././././.][././././././././././././././././././././././././././././././././././././././././././././././././././././././././B/././././././.]
[n2lcn0116.ab2021.local:2417170] MCW rank 446 bound to socket 1[core 120[hwt 0]]: [./././././././././././././././././././././././././././././././././././././././././././././././././././././././././././././././.][././././././././././././././././././././././././././././././././././././././././././././././././././././././././B/././././././.]
[n2lcn0126.ab2021.local:3450081] MCW rank 721 bound to socket 1[core 68[hwt 0]]: [./././././././././././././././././././././././././././././././././././././././././././././././././././././././././././././././.][././././B/././././././././././././././././././././././././././././././././././././././././././././././././././././././././././.]
[n2lcn0126.ab2021.local:3450095] MCW rank 735 bound to socket 1[core 124[hwt 0]]: [./././././././././././././././././././././././././././././././././././././././././././././././././././././././././././././././.][././././././././././././././././././././././././././././././././././././././././././././././././././././././././././././B/././.]
[n2lcn0126.ab2021.local:3450081] MCW rank 721 bound to socket 1[core 68[hwt 0]]: [./././././././././././././././././././././././././././././././././././././././././././././././././././././././././././././././.][././././B/././././././././././././././././././././././././././././././././././././././././././././././././././././././././././.]
[n2lcn0116.ab2021.local:2417161] MCW rank 437 bound to socket 1[core 84[hwt 0]]: [./././././././././././././././././././././././././././././././././././././././././././././././././././././././././././././././.][././././././././././././././././././././B/././././././././././././././././././././././././././././././././././././././././././.]
[n2lcn0126.ab2021.local:3450085] MCW rank 725 bound to socket 1[core 84[hwt 0]]: [./././././././././././././././././././././././././././././././././././././././././././././././././././././././././././././././.][././././././././././././././././././././B/././././././././././././././././././././././././././././././././././././././././././.]
[n2lcn0126.ab2021.local:3450086] MCW rank 726 bound to socket 1[core 88[hwt 0]]: [./././././././././././././././././././././././././././././././././././././././././././././././././././././././././././././././.][././././././././././././././././././././././././B/././././././././././././././././././././././././././././././././././././././.]
[n2lcn0116.ab2021.local:2417144] MCW rank 420 bound to socket 0[core 16[hwt 0]]: [././././././././././././././././B/././././././././././././././././././././././././././././././././././././././././././././././.][./././././././././././././././././././././././././././././././././././././././././././././././././././././././././././././././.]
[n2lcn0126.ab2021.local:3450095] MCW rank 735 bound to socket 1[core 124[hwt 0]]: [./././././././././././././././././././././././././././././././././././././././././././././././././././././././././././././././.][././././././././././././././././././././././././././././././././././././././././././././././././././././././././././././B/././.]
[n2lcn0126.ab2021.local:3450085] MCW rank 725 bound to socket 1[core 84[hwt 0]]: [./././././././././././././././././././././././././././././././././././././././././././././././././././././././././././././././.][././././././././././././././././././././B/././././././././././././././././././././././././././././././././././././././././././.]
[n2lcn0126.ab2021.local:3450086] MCW rank 726 bound to socket 1[core 88[hwt 0]]: [./././././././././././././././././././././././././././././././././././././././././././././././././././././././././././././././.][././././././././././././././././././././././././B/././././././././././././././././././././././././././././././././././././././.]
[n2lcn0116.ab2021.local:2417144] MCW rank 420 bound to socket 0[core 16[hwt 0]]: [././././././././././././././././B/././././././././././././././././././././././././././././././././././././././././././././././.][./././././././././././././././././././././././././././././././././././././././././././././././././././././././././././././././.]
[n2lcn0116.ab2021.local:2417161] MCW rank 437 bound to socket 1[core 84[hwt 0]]: [./././././././././././././././././././././././././././././././././././././././././././././././././././././././././././././././.][././././././././././././././././././././B/././././././././././././././././././././././././././././././././././././././././././.]
[n2lcn0116.ab2021.local:2417149] MCW rank 425 bound to socket 0[core 36[hwt 0]]: [././././././././././././././././././././././././././././././././././././B/././././././././././././././././././././././././././.][./././././././././././././././././././././././././././././././././././././././././././././././././././././././././././././././.]
[n2lcn0126.ab2021.local:3450064] MCW rank 704 bound to socket 0[core 0[hwt 0]]: [B/././././././././././././././././././././././././././././././././././././././././././././././././././././././././././././././.][./././././././././././././././././././././././././././././././././././././././././././././././././././././././././././././././.]
[n2lcn0126.ab2021.local:3450064] MCW rank 704 bound to socket 0[core 0[hwt 0]]: [B/././././././././././././././././././././././././././././././././././././././././././././././././././././././././././././././.][./././././././././././././././././././././././././././././././././././././././././././././././././././././././././././././././.]
[n2lcn0116.ab2021.local:2417149] MCW rank 425 bound to socket 0[core 36[hwt 0]]: [././././././././././././././././././././././././././././././././././././B/././././././././././././././././././././././././././.][./././././././././././././././././././././././././././././././././././././././././././././././././././././././././././././././.]
[n2lcn0116.ab2021.local:2417164] MCW rank 440 bound to socket 1[core 96[hwt 0]]: [./././././././././././././././././././././././././././././././././././././././././././././././././././././././././././././././.][././././././././././././././././././././././././././././././././B/././././././././././././././././././././././././././././././.]
[n2lcn0132:511971] MCW rank 851 bound to socket 1[core 76[hwt 0]]: [./././././././././././././././././././././././././././././././././././././././././././././././././././././././././././././././.][././././././././././././B/././././././././././././././././././././././././././././././././././././././././././././././././././.]
[n2lcn0116.ab2021.local:2417164] MCW rank 440 bound to socket 1[core 96[hwt 0]]: [./././././././././././././././././././././././././././././././././././././././././././././././././././././././././././././././.][././././././././././././././././././././././././././././././././B/././././././././././././././././././././././././././././././.]
[n2lcn0132:511983] MCW rank 863 bound to socket 1[core 124[hwt 0]]: [./././././././././././././././././././././././././././././././././././././././././././././././././././././././././././././././.][././././././././././././././././././././././././././././././././././././././././././././././././././././././././././././B/././.]
[n2lcn0132:511971] MCW rank 851 bound to socket 1[core 76[hwt 0]]: [./././././././././././././././././././././././././././././././././././././././././././././././././././././././././././././././.][././././././././././././B/././././././././././././././././././././././././././././././././././././././././././././././././././.]
[n2lcn0132:511983] MCW rank 863 bound to socket 1[core 124[hwt 0]]: [./././././././././././././././././././././././././././././././././././././././././././././././././././././././././././././././.][././././././././././././././././././././././././././././././././././././././././././././././././././././././././././././B/././.]
[n2lcn0132:511970] MCW rank 850 bound to socket 1[core 72[hwt 0]]: [./././././././././././././././././././././././././././././././././././././././././././././././././././././././././././././././.][././././././././B/././././././././././././././././././././././././././././././././././././././././././././././././././././././.]
[n2lcn0117:628838] MCW rank 463 bound to socket 0[core 60[hwt 0]]: [././././././././././././././././././././././././././././././././././././././././././././././././././././././././././././B/././.][./././././././././././././././././././././././././././././././././././././././././././././././././././././././././././././././.]
[n2lcn0117:628838] MCW rank 463 bound to socket 0[core 60[hwt 0]]: [././././././././././././././././././././././././././././././././././././././././././././././././././././././././././././B/././.][./././././././././././././././././././././././././././././././././././././././././././././././././././././././././././././././.]
[n2lcn0137:2455422] MCW rank 1014 bound to socket 1[core 88[hwt 0]]: [./././././././././././././././././././././././././././././././././././././././././././././././././././././././././././././././.][././././././././././././././././././././././././B/././././././././././././././././././././././././././././././././././././././.]
[n2lcn0132:511970] MCW rank 850 bound to socket 1[core 72[hwt 0]]: [./././././././././././././././././././././././././././././././././././././././././././././././././././././././././././././././.][././././././././B/././././././././././././././././././././././././././././././././././././././././././././././././././././././.]
[n2lcn0132:511982] MCW rank 862 bound to socket 1[core 120[hwt 0]]: [./././././././././././././././././././././././././././././././././././././././././././././././././././././././././././././././.][././././././././././././././././././././././././././././././././././././././././././././././././././././././././B/././././././.]
[n2lcn0137:2455422] MCW rank 1014 bound to socket 1[core 88[hwt 0]]: [./././././././././././././././././././././././././././././././././././././././././././././././././././././././././././././././.][././././././././././././././././././././././././B/././././././././././././././././././././././././././././././././././././././.]
[n2lcn0132:511982] MCW rank 862 bound to socket 1[core 120[hwt 0]]: [./././././././././././././././././././././././././././././././././././././././././././././././././././././././././././././././.][././././././././././././././././././././././././././././././././././././././././././././././././././././././././B/././././././.]
[n2lcn0132:511972] MCW rank 852 bound to socket 1[core 80[hwt 0]]: [./././././././././././././././././././././././././././././././././././././././././././././././././././././././././././././././.][././././././././././././././././B/././././././././././././././././././././././././././././././././././././././././././././././.]
[n2lcn0117:628829] MCW rank 454 bound to socket 0[core 24[hwt 0]]: [././././././././././././././././././././././././B/././././././././././././././././././././././././././././././././././././././.][./././././././././././././././././././././././././././././././././././././././././././././././././././././././././././././././.]
[n2lcn0132:511972] MCW rank 852 bound to socket 1[core 80[hwt 0]]: [./././././././././././././././././././././././././././././././././././././././././././././././././././././././././././././././.][././././././././././././././././B/././././././././././././././././././././././././././././././././././././././././././././././.]
[n2lcn0132:511979] MCW rank 859 bound to socket 1[core 108[hwt 0]]: [./././././././././././././././././././././././././././././././././././././././././././././././././././././././././././././././.][././././././././././././././././././././././././././././././././././././././././././././B/././././././././././././././././././.]
[n2lcn0117:628830] MCW rank 455 bound to socket 0[core 28[hwt 0]]: [././././././././././././././././././././././././././././B/././././././././././././././././././././././././././././././././././.][./././././././././././././././././././././././././././././././././././././././././././././././././././././././././././././././.]
[n2lcn0117:628829] MCW rank 454 bound to socket 0[core 24[hwt 0]]: [././././././././././././././././././././././././B/././././././././././././././././././././././././././././././././././././././.][./././././././././././././././././././././././././././././././././././././././././././././././././././././././././././././././.]
[n2lcn0117:628830] MCW rank 455 bound to socket 0[core 28[hwt 0]]: [././././././././././././././././././././././././././././B/././././././././././././././././././././././././././././././././././.][./././././././././././././././././././././././././././././././././././././././././././././././././././././././././././././././.]
[n2lcn0132:511979] MCW rank 859 bound to socket 1[core 108[hwt 0]]: [./././././././././././././././././././././././././././././././././././././././././././././././././././././././././././././././.][././././././././././././././././././././././././././././././././././././././././././././B/././././././././././././././././././.]
[n2lcn0132:511974] MCW rank 854 bound to socket 1[core 88[hwt 0]]: [./././././././././././././././././././././././././././././././././././././././././././././././././././././././././././././././.][././././././././././././././././././././././././B/././././././././././././././././././././././././././././././././././././././.]
[n2lcn0132:511969] MCW rank 849 bound to socket 1[core 68[hwt 0]]: [./././././././././././././././././././././././././././././././././././././././././././././././././././././././././././././././.][././././B/././././././././././././././././././././././././././././././././././././././././././././././././././././././././././.]
[n2lcn0132:511974] MCW rank 854 bound to socket 1[core 88[hwt 0]]: [./././././././././././././././././././././././././././././././././././././././././././././././././././././././././././././././.][././././././././././././././././././././././././B/././././././././././././././././././././././././././././././././././././././.]
[n2lcn0117:628854] MCW rank 479 bound to socket 1[core 124[hwt 0]]: [./././././././././././././././././././././././././././././././././././././././././././././././././././././././././././././././.][././././././././././././././././././././././././././././././././././././././././././././././././././././././././././././B/././.]
[n2lcn0132:511969] MCW rank 849 bound to socket 1[core 68[hwt 0]]: [./././././././././././././././././././././././././././././././././././././././././././././././././././././././././././././././.][././././B/././././././././././././././././././././././././././././././././././././././././././././././././././././././././././.]
[n2lcn0117:628840] MCW rank 465 bound to socket 1[core 68[hwt 0]]: [./././././././././././././././././././././././././././././././././././././././././././././././././././././././././././././././.][././././B/././././././././././././././././././././././././././././././././././././././././././././././././././././././././././.]
[n2lcn0132:511981] MCW rank 861 bound to socket 1[core 116[hwt 0]]: [./././././././././././././././././././././././././././././././././././././././././././././././././././././././././././././././.][././././././././././././././././././././././././././././././././././././././././././././././././././././B/././././././././././.]
[n2lcn0137:2455408] MCW rank 1000 bound to socket 0[core 32[hwt 0]]: [././././././././././././././././././././././././././././././././B/././././././././././././././././././././././././././././././.][./././././././././././././././././././././././././././././././././././././././././././././././././././././././././././././././.]
[n2lcn0117:628854] MCW rank 479 bound to socket 1[core 124[hwt 0]]: [./././././././././././././././././././././././././././././././././././././././././././././././././././././././././././././././.][././././././././././././././././././././././././././././././././././././././././././././././././././././././././././././B/././.]
[n2lcn0117:628840] MCW rank 465 bound to socket 1[core 68[hwt 0]]: [./././././././././././././././././././././././././././././././././././././././././././././././././././././././././././././././.][././././B/././././././././././././././././././././././././././././././././././././././././././././././././././././././././././.]
[n2lcn0132:511981] MCW rank 861 bound to socket 1[core 116[hwt 0]]: [./././././././././././././././././././././././././././././././././././././././././././././././././././././././././././././././.][././././././././././././././././././././././././././././././././././././././././././././././././././././B/././././././././././.]
[n2lcn0137:2455408] MCW rank 1000 bound to socket 0[core 32[hwt 0]]: [././././././././././././././././././././././././././././././././B/././././././././././././././././././././././././././././././.][./././././././././././././././././././././././././././././././././././././././././././././././././././././././././././././././.]
[n2lcn0132:511977] MCW rank 857 bound to socket 1[core 100[hwt 0]]: [./././././././././././././././././././././././././././././././././././././././././././././././././././././././././././././././.][././././././././././././././././././././././././././././././././././././B/././././././././././././././././././././././././././.]
[n2lcn0116.ab2021.local:2417150] MCW rank 426 bound to socket 0[core 40[hwt 0]]: [././././././././././././././././././././././././././././././././././././././././B/././././././././././././././././././././././.][./././././././././././././././././././././././././././././././././././././././././././././././././././././././././././././././.]
[n2lcn0132:511977] MCW rank 857 bound to socket 1[core 100[hwt 0]]: [./././././././././././././././././././././././././././././././././././././././././././././././././././././././././././././././.][././././././././././././././././././././././././././././././././././././B/././././././././././././././././././././././././././.]
[n2lcn0116.ab2021.local:2417150] MCW rank 426 bound to socket 0[core 40[hwt 0]]: [././././././././././././././././././././././././././././././././././././././././B/././././././././././././././././././././././.][./././././././././././././././././././././././././././././././././././././././././././././././././././././././././././././././.]
[n2lcn0117:628831] MCW rank 456 bound to socket 0[core 32[hwt 0]]: [././././././././././././././././././././././././././././././././B/././././././././././././././././././././././././././././././.][./././././././././././././././././././././././././././././././././././././././././././././././././././././././././././././././.]
[n2lcn0116.ab2021.local:2417158] MCW rank 434 bound to socket 1[core 72[hwt 0]]: [./././././././././././././././././././././././././././././././././././././././././././././././././././././././././././././././.][././././././././B/././././././././././././././././././././././././././././././././././././././././././././././././././././././.]
[n2lcn0117:628847] MCW rank 472 bound to socket 1[core 96[hwt 0]]: [./././././././././././././././././././././././././././././././././././././././././././././././././././././././././././././././.][././././././././././././././././././././././././././././././././B/././././././././././././././././././././././././././././././.]
[n2lcn0117:628843] MCW rank 468 bound to socket 1[core 80[hwt 0]]: [./././././././././././././././././././././././././././././././././././././././././././././././././././././././././././././././.][././././././././././././././././B/././././././././././././././././././././././././././././././././././././././././././././././.]
[n2lcn0112.ab2021.local:3751185] MCW rank 317 bound to socket 1[core 116[hwt 0]]: [./././././././././././././././././././././././././././././././././././././././././././././././././././././././././././././././.][././././././././././././././././././././././././././././././././././././././././././././././././././././B/././././././././././.]
[n2lcn0117:628831] MCW rank 456 bound to socket 0[core 32[hwt 0]]: [././././././././././././././././././././././././././././././././B/././././././././././././././././././././././././././././././.][./././././././././././././././././././././././././././././././././././././././././././././././././././././././././././././././.]
[n2lcn0117:628845] MCW rank 470 bound to socket 1[core 88[hwt 0]]: [./././././././././././././././././././././././././././././././././././././././././././././././././././././././././././././././.][././././././././././././././././././././././././B/././././././././././././././././././././././././././././././././././././././.]
[n2lcn0116.ab2021.local:2417158] MCW rank 434 bound to socket 1[core 72[hwt 0]]: [./././././././././././././././././././././././././././././././././././././././././././././././././././././././././././././././.][././././././././B/././././././././././././././././././././././././././././././././././././././././././././././././././././././.]
[n2lcn0117:628834] MCW rank 459 bound to socket 0[core 44[hwt 0]]: [././././././././././././././././././././././././././././././././././././././././././././B/././././././././././././././././././.][./././././././././././././././././././././././././././././././././././././././././././././././././././././././././././././././.]
[n2lcn0117:628847] MCW rank 472 bound to socket 1[core 96[hwt 0]]: [./././././././././././././././././././././././././././././././././././././././././././././././././././././././././././././././.][././././././././././././././././././././././././././././././././B/././././././././././././././././././././././././././././././.]
[n2lcn0117:628852] MCW rank 477 bound to socket 1[core 116[hwt 0]]: [./././././././././././././././././././././././././././././././././././././././././././././././././././././././././././././././.][././././././././././././././././././././././././././././././././././././././././././././././././././././B/././././././././././.]
[n2lcn0117:628843] MCW rank 468 bound to socket 1[core 80[hwt 0]]: [./././././././././././././././././././././././././././././././././././././././././././././././././././././././././././././././.][././././././././././././././././B/././././././././././././././././././././././././././././././././././././././././././././././.]
[n2lcn0117:628828] MCW rank 453 bound to socket 0[core 20[hwt 0]]: [././././././././././././././././././././B/././././././././././././././././././././././././././././././././././././././././././.][./././././././././././././././././././././././././././././././././././././././././././././././././././././././././././././././.]
[n2lcn0117:628845] MCW rank 470 bound to socket 1[core 88[hwt 0]]: [./././././././././././././././././././././././././././././././././././././././././././././././././././././././././././././././.][././././././././././././././././././././././././B/././././././././././././././././././././././././././././././././././././././.]
[n2lcn0117:628834] MCW rank 459 bound to socket 0[core 44[hwt 0]]: [././././././././././././././././././././././././././././././././././././././././././././B/././././././././././././././././././.][./././././././././././././././././././././././././././././././././././././././././././././././././././././././././././././././.]
[n2lcn0117:628852] MCW rank 477 bound to socket 1[core 116[hwt 0]]: [./././././././././././././././././././././././././././././././././././././././././././././././././././././././././././././././.][././././././././././././././././././././././././././././././././././././././././././././././././././././B/././././././././././.]
[n2lcn0117:628828] MCW rank 453 bound to socket 0[core 20[hwt 0]]: [././././././././././././././././././././B/././././././././././././././././././././././././././././././././././././././././././.][./././././././././././././././././././././././././././././././././././././././././././././././././././././././././././././././.]
[n2lcn0112.ab2021.local:3751185] MCW rank 317 bound to socket 1[core 116[hwt 0]]: [./././././././././././././././././././././././././././././././././././././././././././././././././././././././././././././././.][././././././././././././././././././././././././././././././././././././././././././././././././././././B/././././././././././.]
[n2lcn0116.ab2021.local:2417143] MCW rank 419 bound to socket 0[core 12[hwt 0]]: [././././././././././././B/././././././././././././././././././././././././././././././././././././././././././././././././././.][./././././././././././././././././././././././././././././././././././././././././././././././././././././././././././././././.]
[n2lcn0116.ab2021.local:2417169] MCW rank 445 bound to socket 1[core 116[hwt 0]]: [./././././././././././././././././././././././././././././././././././././././././././././././././././././././././././././././.][././././././././././././././././././././././././././././././././././././././././././././././././././././B/././././././././././.]
[n2lcn0116.ab2021.local:2417143] MCW rank 419 bound to socket 0[core 12[hwt 0]]: [././././././././././././B/././././././././././././././././././././././././././././././././././././././././././././././././././.][./././././././././././././././././././././././././././././././././././././././././././././././././././././././././././././././.]
[n2lcn0116.ab2021.local:2417169] MCW rank 445 bound to socket 1[core 116[hwt 0]]: [./././././././././././././././././././././././././././././././././././././././././././././././././././././././././././././././.][././././././././././././././././././././././././././././././././././././././././././././././././././././B/././././././././././.]
[n2lcn0112.ab2021.local:3751167] MCW rank 299 bound to socket 0[core 44[hwt 0]]: [././././././././././././././././././././././././././././././././././././././././././././B/././././././././././././././././././.][./././././././././././././././././././././././././././././././././././././././././././././././././././././././././././././././.]
[n2lcn0112.ab2021.local:3751167] MCW rank 299 bound to socket 0[core 44[hwt 0]]: [././././././././././././././././././././././././././././././././././././././././././././B/././././././././././././././././././.][./././././././././././././././././././././././././././././././././././././././././././././././././././././././././././././././.]
[n2lcn0132:511953] MCW rank 833 bound to socket 0[core 4[hwt 0]]: [././././B/././././././././././././././././././././././././././././././././././././././././././././././././././././././././././.][./././././././././././././././././././././././././././././././././././././././././././././././././././././././././././././././.]
[n2lcn0132:511953] MCW rank 833 bound to socket 0[core 4[hwt 0]]: [././././B/././././././././././././././././././././././././././././././././././././././././././././././././././././././././././.][./././././././././././././././././././././././././././././././././././././././././././././././././././././././././././././././.]
[n2lcn0132:511952] MCW rank 832 bound to socket 0[core 0[hwt 0]]: [B/././././././././././././././././././././././././././././././././././././././././././././././././././././././././././././././.][./././././././././././././././././././././././././././././././././././././././././././././././././././././././././././././././.]
[n2lcn0132:511952] MCW rank 832 bound to socket 0[core 0[hwt 0]]: [B/././././././././././././././././././././././././././././././././././././././././././././././././././././././././././././././.][./././././././././././././././././././././././././././././././././././././././././././././././././././././././././././././././.]
[n2lcn0116.ab2021.local:2417141] MCW rank 417 bound to socket 0[core 4[hwt 0]]: [././././B/././././././././././././././././././././././././././././././././././././././././././././././././././././././././././.][./././././././././././././././././././././././././././././././././././././././././././././././././././././././././././././././.]
[n2lcn0116.ab2021.local:2417154] MCW rank 430 bound to socket 0[core 56[hwt 0]]: [././././././././././././././././././././././././././././././././././././././././././././././././././././././././B/././././././.][./././././././././././././././././././././././././././././././././././././././././././././././././././././././././././././././.]
[n2lcn0116.ab2021.local:2417141] MCW rank 417 bound to socket 0[core 4[hwt 0]]: [././././B/././././././././././././././././././././././././././././././././././././././././././././././././././././././././././.][./././././././././././././././././././././././././././././././././././././././././././././././././././././././././././././././.]
[n2lcn0116.ab2021.local:2417154] MCW rank 430 bound to socket 0[core 56[hwt 0]]: [././././././././././././././././././././././././././././././././././././././././././././././././././././././././B/././././././.][./././././././././././././././././././././././././././././././././././././././././././././././././././././././././././././././.]
[n2lcn0116.ab2021.local:2417140] MCW rank 416 bound to socket 0[core 0[hwt 0]]: [B/././././././././././././././././././././././././././././././././././././././././././././././././././././././././././././././.][./././././././././././././././././././././././././././././././././././././././././././././././././././././././././././././././.]
[n2lcn0116.ab2021.local:2417140] MCW rank 416 bound to socket 0[core 0[hwt 0]]: [B/././././././././././././././././././././././././././././././././././././././././././././././././././././././././././././././.][./././././././././././././././././././././././././././././././././././././././././././././././././././././././././././././././.]
[n2lcn0137:2455412] MCW rank 1004 bound to socket 0[core 48[hwt 0]]: [././././././././././././././././././././././././././././././././././././././././././././././././B/././././././././././././././.][./././././././././././././././././././././././././././././././././././././././././././././././././././././././././././././././.]
[n2lcn0137:2455412] MCW rank 1004 bound to socket 0[core 48[hwt 0]]: [././././././././././././././././././././././././././././././././././././././././././././././././B/././././././././././././././.][./././././././././././././././././././././././././././././././././././././././././././././././././././././././././././././././.]
[n2lcn0137:2455430] MCW rank 1022 bound to socket 1[core 120[hwt 0]]: [./././././././././././././././././././././././././././././././././././././././././././././././././././././././././././././././.][././././././././././././././././././././././././././././././././././././././././././././././././././././././././B/././././././.]
[n2lcn0137:2455430] MCW rank 1022 bound to socket 1[core 120[hwt 0]]: [./././././././././././././././././././././././././././././././././././././././././././././././././././././././././././././././.][././././././././././././././././././././././././././././././././././././././././././././././././././././././././B/././././././.]
[n2lcn0112.ab2021.local:3751163] MCW rank 295 bound to socket 0[core 28[hwt 0]]: [././././././././././././././././././././././././././././B/././././././././././././././././././././././././././././././././././.][./././././././././././././././././././././././././././././././././././././././././././././././././././././././././././././././.]
[n2lcn0112.ab2021.local:3751163] MCW rank 295 bound to socket 0[core 28[hwt 0]]: [././././././././././././././././././././././././././././B/././././././././././././././././././././././././././././././././././.][./././././././././././././././././././././././././././././././././././././././././././././././././././././././././././././././.]
[n2lcn0112.ab2021.local:3751178] MCW rank 310 bound to socket 1[core 88[hwt 0]]: [./././././././././././././././././././././././././././././././././././././././././././././././././././././././././././././././.][././././././././././././././././././././././././B/././././././././././././././././././././././././././././././././././././././.]
[n2lcn0112.ab2021.local:3751178] MCW rank 310 bound to socket 1[core 88[hwt 0]]: [./././././././././././././././././././././././././././././././././././././././././././././././././././././././././././././././.][././././././././././././././././././././././././B/././././././././././././././././././././././././././././././././././././././.]
[n2lcn0137:2455409] MCW rank 1001 bound to socket 0[core 36[hwt 0]]: [././././././././././././././././././././././././././././././././././././B/././././././././././././././././././././././././././.][./././././././././././././././././././././././././././././././././././././././././././././././././././././././././././././././.]
[n2lcn0137:2455407] MCW rank 999 bound to socket 0[core 28[hwt 0]]: [././././././././././././././././././././././././././././B/././././././././././././././././././././././././././././././././././.][./././././././././././././././././././././././././././././././././././././././././././././././././././././././././././././././.]
[n2lcn0137:2455409] MCW rank 1001 bound to socket 0[core 36[hwt 0]]: [././././././././././././././././././././././././././././././././././././B/././././././././././././././././././././././././././.][./././././././././././././././././././././././././././././././././././././././././././././././././././././././././././././././.]
[n2lcn0137:2455406] MCW rank 998 bound to socket 0[core 24[hwt 0]]: [././././././././././././././././././././././././B/././././././././././././././././././././././././././././././././././././././.][./././././././././././././././././././././././././././././././././././././././././././././././././././././././././././././././.]
[n2lcn0137:2455407] MCW rank 999 bound to socket 0[core 28[hwt 0]]: [././././././././././././././././././././././././././././B/././././././././././././././././././././././././././././././././././.][./././././././././././././././././././././././././././././././././././././././././././././././././././././././././././././././.]
[n2lcn0137:2455406] MCW rank 998 bound to socket 0[core 24[hwt 0]]: [././././././././././././././././././././././././B/././././././././././././././././././././././././././././././././././././././.][./././././././././././././././././././././././././././././././././././././././././././././././././././././././././././././././.]
[n2lcn0137:2455417] MCW rank 1009 bound to socket 1[core 68[hwt 0]]: [./././././././././././././././././././././././././././././././././././././././././././././././././././././././././././././././.][././././B/././././././././././././././././././././././././././././././././././././././././././././././././././././././././././.]
[n2lcn0137:2455417] MCW rank 1009 bound to socket 1[core 68[hwt 0]]: [./././././././././././././././././././././././././././././././././././././././././././././././././././././././././././././././.][././././B/././././././././././././././././././././././././././././././././././././././././././././././././././././././././././.]
[n2lcn0137:2455411] MCW rank 1003 bound to socket 0[core 44[hwt 0]]: [././././././././././././././././././././././././././././././././././././././././././././B/././././././././././././././././././.][./././././././././././././././././././././././././././././././././././././././././././././././././././././././././././././././.]
[n2lcn0137:2455418] MCW rank 1010 bound to socket 1[core 72[hwt 0]]: [./././././././././././././././././././././././././././././././././././././././././././././././././././././././././././././././.][././././././././B/././././././././././././././././././././././././././././././././././././././././././././././././././././././.]
[n2lcn0137:2455411] MCW rank 1003 bound to socket 0[core 44[hwt 0]]: [././././././././././././././././././././././././././././././././././././././././././././B/././././././././././././././././././.][./././././././././././././././././././././././././././././././././././././././././././././././././././././././././././././././.]
[n2lcn0137:2455418] MCW rank 1010 bound to socket 1[core 72[hwt 0]]: [./././././././././././././././././././././././././././././././././././././././././././././././././././././././././././././././.][././././././././B/././././././././././././././././././././././././././././././././././././././././././././././././././././././.]
[n2lcn0137:2455414] MCW rank 1006 bound to socket 0[core 56[hwt 0]]: [././././././././././././././././././././././././././././././././././././././././././././././././././././././././B/././././././.][./././././././././././././././././././././././././././././././././././././././././././././././././././././././././././././././.]
[n2lcn0137:2455414] MCW rank 1006 bound to socket 0[core 56[hwt 0]]: [././././././././././././././././././././././././././././././././././././././././././././././././././././././././B/././././././.][./././././././././././././././././././././././././././././././././././././././././././././././././././././././././././././././.]
[n2lcn0112.ab2021.local:3751170] MCW rank 302 bound to socket 0[core 56[hwt 0]]: [././././././././././././././././././././././././././././././././././././././././././././././././././././././././B/././././././.][./././././././././././././././././././././././././././././././././././././././././././././././././././././././././././././././.]
[n2lcn0112.ab2021.local:3751156] MCW rank 288 bound to socket 0[core 0[hwt 0]]: [B/././././././././././././././././././././././././././././././././././././././././././././././././././././././././././././././.][./././././././././././././././././././././././././././././././././././././././././././././././././././././././././././././././.]
[n2lcn0112.ab2021.local:3751171] MCW rank 303 bound to socket 0[core 60[hwt 0]]: [././././././././././././././././././././././././././././././././././././././././././././././././././././././././././././B/././.][./././././././././././././././././././././././././././././././././././././././././././././././././././././././././././././././.]
[n2lcn0112.ab2021.local:3751170] MCW rank 302 bound to socket 0[core 56[hwt 0]]: [././././././././././././././././././././././././././././././././././././././././././././././././././././././././B/././././././.][./././././././././././././././././././././././././././././././././././././././././././././././././././././././././././././././.]
[n2lcn0112.ab2021.local:3751156] MCW rank 288 bound to socket 0[core 0[hwt 0]]: [B/././././././././././././././././././././././././././././././././././././././././././././././././././././././././././././././.][./././././././././././././././././././././././././././././././././././././././././././././././././././././././././././././././.]
[n2lcn0112.ab2021.local:3751171] MCW rank 303 bound to socket 0[core 60[hwt 0]]: [././././././././././././././././././././././././././././././././././././././././././././././././././././././././././././B/././.][./././././././././././././././././././././././././././././././././././././././././././././././././././././././././././././././.]
[n2lcn0112.ab2021.local:3751174] MCW rank 306 bound to socket 1[core 72[hwt 0]]: [./././././././././././././././././././././././././././././././././././././././././././././././././././././././././././././././.][././././././././B/././././././././././././././././././././././././././././././././././././././././././././././././././././././.]
[n2lcn0112.ab2021.local:3751175] MCW rank 307 bound to socket 1[core 76[hwt 0]]: [./././././././././././././././././././././././././././././././././././././././././././././././././././././././././././././././.][././././././././././././B/././././././././././././././././././././././././././././././././././././././././././././././././././.]
[n2lcn0112.ab2021.local:3751174] MCW rank 306 bound to socket 1[core 72[hwt 0]]: [./././././././././././././././././././././././././././././././././././././././././././././././././././././././././././././././.][././././././././B/././././././././././././././././././././././././././././././././././././././././././././././././././././././.]
[n2lcn0112.ab2021.local:3751175] MCW rank 307 bound to socket 1[core 76[hwt 0]]: [./././././././././././././././././././././././././././././././././././././././././././././././././././././././././././././././.][././././././././././././B/././././././././././././././././././././././././././././././././././././././././././././././././././.]
[n2lcn0112.ab2021.local:3751182] MCW rank 314 bound to socket 1[core 104[hwt 0]]: [./././././././././././././././././././././././././././././././././././././././././././././././././././././././././././././././.][././././././././././././././././././././././././././././././././././././././././B/././././././././././././././././././././././.]
[n2lcn0112.ab2021.local:3751182] MCW rank 314 bound to socket 1[core 104[hwt 0]]: [./././././././././././././././././././././././././././././././././././././././././././././././././././././././././././././././.][././././././././././././././././././././././././././././././././././././././././B/././././././././././././././././././././././.]
[n2lcn0112.ab2021.local:3751186] MCW rank 318 bound to socket 1[core 120[hwt 0]]: [./././././././././././././././././././././././././././././././././././././././././././././././././././././././././././././././.][././././././././././././././././././././././././././././././././././././././././././././././././././././././././B/././././././.]
[n2lcn0112.ab2021.local:3751187] MCW rank 319 bound to socket 1[core 124[hwt 0]]: [./././././././././././././././././././././././././././././././././././././././././././././././././././././././././././././././.][././././././././././././././././././././././././././././././././././././././././././././././././././././././././././././B/././.]
[n2lcn0112.ab2021.local:3751164] MCW rank 296 bound to socket 0[core 32[hwt 0]]: [././././././././././././././././././././././././././././././././B/././././././././././././././././././././././././././././././.][./././././././././././././././././././././././././././././././././././././././././././././././././././././././././././././././.]
[n2lcn0112.ab2021.local:3751177] MCW rank 309 bound to socket 1[core 84[hwt 0]]: [./././././././././././././././././././././././././././././././././././././././././././././././././././././././././././././././.][././././././././././././././././././././B/././././././././././././././././././././././././././././././././././././././././././.]
[n2lcn0112.ab2021.local:3751186] MCW rank 318 bound to socket 1[core 120[hwt 0]]: [./././././././././././././././././././././././././././././././././././././././././././././././././././././././././././././././.][././././././././././././././././././././././././././././././././././././././././././././././././././././././././B/././././././.]
[n2lcn0112.ab2021.local:3751187] MCW rank 319 bound to socket 1[core 124[hwt 0]]: [./././././././././././././././././././././././././././././././././././././././././././././././././././././././././././././././.][././././././././././././././././././././././././././././././././././././././././././././././././././././././././././././B/././.]
[n2lcn0112.ab2021.local:3751161] MCW rank 293 bound to socket 0[core 20[hwt 0]]: [././././././././././././././././././././B/././././././././././././././././././././././././././././././././././././././././././.][./././././././././././././././././././././././././././././././././././././././././././././././././././././././././././././././.]
[n2lcn0112.ab2021.local:3751164] MCW rank 296 bound to socket 0[core 32[hwt 0]]: [././././././././././././././././././././././././././././././././B/././././././././././././././././././././././././././././././.][./././././././././././././././././././././././././././././././././././././././././././././././././././././././././././././././.]
[n2lcn0112.ab2021.local:3751177] MCW rank 309 bound to socket 1[core 84[hwt 0]]: [./././././././././././././././././././././././././././././././././././././././././././././././././././././././././././././././.][././././././././././././././././././././B/././././././././././././././././././././././././././././././././././././././././././.]
[n2lcn0112.ab2021.local:3751157] MCW rank 289 bound to socket 0[core 4[hwt 0]]: [././././B/././././././././././././././././././././././././././././././././././././././././././././././././././././././././././.][./././././././././././././././././././././././././././././././././././././././././././././././././././././././././././././././.]
[n2lcn0112.ab2021.local:3751161] MCW rank 293 bound to socket 0[core 20[hwt 0]]: [././././././././././././././././././././B/././././././././././././././././././././././././././././././././././././././././././.][./././././././././././././././././././././././././././././././././././././././././././././././././././././././././././././././.]
[n2lcn0112.ab2021.local:3751157] MCW rank 289 bound to socket 0[core 4[hwt 0]]: [././././B/././././././././././././././././././././././././././././././././././././././././././././././././././././././././././.][./././././././././././././././././././././././././././././././././././././././././././././././././././././././././././././././.]
[n2lcn0110:235062] MCW rank 244 bound to socket 1[core 80[hwt 0]]: [./././././././././././././././././././././././././././././././././././././././././././././././././././././././././././././././.][././././././././././././././././B/././././././././././././././././././././././././././././././././././././././././././././././.]
[n2lcn0110:235046] MCW rank 228 bound to socket 0[core 16[hwt 0]]: [././././././././././././././././B/././././././././././././././././././././././././././././././././././././././././././././././.][./././././././././././././././././././././././././././././././././././././././././././././././././././././././././././././././.]
[n2lcn0110:235062] MCW rank 244 bound to socket 1[core 80[hwt 0]]: [./././././././././././././././././././././././././././././././././././././././././././././././././././././././././././././././.][././././././././././././././././B/././././././././././././././././././././././././././././././././././././././././././././././.]
[n2lcn0110:235046] MCW rank 228 bound to socket 0[core 16[hwt 0]]: [././././././././././././././././B/././././././././././././././././././././././././././././././././././././././././././././././.][./././././././././././././././././././././././././././././././././././././././././././././././././././././././././././././././.]
[n2lcn0105:428533] MCW rank 76 bound to socket 0[core 48[hwt 0]]: [././././././././././././././././././././././././././././././././././././././././././././././././B/././././././././././././././.][./././././././././././././././././././././././././././././././././././././././././././././././././././././././././././././././.]
[n2lcn0105:428533] MCW rank 76 bound to socket 0[core 48[hwt 0]]: [././././././././././././././././././././././././././././././././././././././././././././././././B/././././././././././././././.][./././././././././././././././././././././././././././././././././././././././././././././././././././././././././././././././.]
[n2lcn0105:428527] MCW rank 70 bound to socket 0[core 24[hwt 0]]: [././././././././././././././././././././././././B/././././././././././././././././././././././././././././././././././././././.][./././././././././././././././././././././././././././././././././././././././././././././././././././././././././././././././.]
[n2lcn0105:428527] MCW rank 70 bound to socket 0[core 24[hwt 0]]: [././././././././././././././././././././././././B/././././././././././././././././././././././././././././././././././././././.][./././././././././././././././././././././././././././././././././././././././././././././././././././././././././././././././.]
[n2lcn0107:853426] MCW rank 155 bound to socket 1[core 108[hwt 0]]: [./././././././././././././././././././././././././././././././././././././././././././././././././././././././././././././././.][././././././././././././././././././././././././././././././././././././././././././././B/././././././././././././././././././.]
[n2lcn0107:853426] MCW rank 155 bound to socket 1[core 108[hwt 0]]: [./././././././././././././././././././././././././././././././././././././././././././././././././././././././././././././././.][././././././././././././././././././././././././././././././././././././././././././././B/././././././././././././././././././.]
[n2lcn0107:853405] MCW rank 134 bound to socket 0[core 24[hwt 0]]: [././././././././././././././././././././././././B/././././././././././././././././././././././././././././././././././././././.][./././././././././././././././././././././././././././././././././././././././././././././././././././././././././././././././.]
[n2lcn0107:853427] MCW rank 156 bound to socket 1[core 112[hwt 0]]: [./././././././././././././././././././././././././././././././././././././././././././././././././././././././././././././././.][././././././././././././././././././././././././././././././././././././././././././././././././B/././././././././././././././.]
[n2lcn0107:853405] MCW rank 134 bound to socket 0[core 24[hwt 0]]: [././././././././././././././././././././././././B/././././././././././././././././././././././././././././././././././././././.][./././././././././././././././././././././././././././././././././././././././././././././././././././././././././././././././.]
[n2lcn0107:853427] MCW rank 156 bound to socket 1[core 112[hwt 0]]: [./././././././././././././././././././././././././././././././././././././././././././././././././././././././././././././././.][././././././././././././././././././././././././././././././././././././././././././././././././B/././././././././././././././.]
[n2lcn0109:1209222] MCW rank 199 bound to socket 0[core 28[hwt 0]]: [././././././././././././././././././././././././././././B/././././././././././././././././././././././././././././././././././.][./././././././././././././././././././././././././././././././././././././././././././././././././././././././././././././././.]
[n2lcn0109:1209222] MCW rank 199 bound to socket 0[core 28[hwt 0]]: [././././././././././././././././././././././././././././B/././././././././././././././././././././././././././././././././././.][./././././././././././././././././././././././././././././././././././././././././././././././././././././././././././././././.]
[n2lcn0109:1209229] MCW rank 206 bound to socket 0[core 56[hwt 0]]: [././././././././././././././././././././././././././././././././././././././././././././././././././././././././B/././././././.][./././././././././././././././././././././././././././././././././././././././././././././././././././././././././././././././.]
[n2lcn0109:1209229] MCW rank 206 bound to socket 0[core 56[hwt 0]]: [././././././././././././././././././././././././././././././././././././././././././././././././././././././././B/././././././.][./././././././././././././././././././././././././././././././././././././././././././././././././././././././././././././././.]
[n2lcn0109:1209226] MCW rank 203 bound to socket 0[core 44[hwt 0]]: [././././././././././././././././././././././././././././././././././././././././././././B/././././././././././././././././././.][./././././././././././././././././././././././././././././././././././././././././././././././././././././././././././././././.]
[n2lcn0109:1209226] MCW rank 203 bound to socket 0[core 44[hwt 0]]: [././././././././././././././././././././././././././././././././././././././././././././B/././././././././././././././././././.][./././././././././././././././././././././././././././././././././././././././././././././././././././././././././././././././.]
[n2lcn0109:1209225] MCW rank 202 bound to socket 0[core 40[hwt 0]]: [././././././././././././././././././././././././././././././././././././././././B/././././././././././././././././././././././.][./././././././././././././././././././././././././././././././././././././././././././././././././././././././././././././././.]
[n2lcn0109:1209225] MCW rank 202 bound to socket 0[core 40[hwt 0]]: [././././././././././././././././././././././././././././././././././././././././B/././././././././././././././././././././././.][./././././././././././././././././././././././././././././././././././././././././././././././././././././././././././././././.]
[n2lcn0109:1209224] MCW rank 201 bound to socket 0[core 36[hwt 0]]: [././././././././././././././././././././././././././././././././././././B/././././././././././././././././././././././././././.][./././././././././././././././././././././././././././././././././././././././././././././././././././././././././././././././.]
[n2lcn0109:1209223] MCW rank 200 bound to socket 0[core 32[hwt 0]]: [././././././././././././././././././././././././././././././././B/././././././././././././././././././././././././././././././.][./././././././././././././././././././././././././././././././././././././././././././././././././././././././././././././././.]
[n2lcn0109:1209224] MCW rank 201 bound to socket 0[core 36[hwt 0]]: [././././././././././././././././././././././././././././././././././././B/././././././././././././././././././././././././././.][./././././././././././././././././././././././././././././././././././././././././././././././././././././././././././././././.]
[n2lcn0109:1209223] MCW rank 200 bound to socket 0[core 32[hwt 0]]: [././././././././././././././././././././././././././././././././B/././././././././././././././././././././././././././././././.][./././././././././././././././././././././././././././././././././././././././././././././././././././././././././././././././.]
[n2lcn0109:1209230] MCW rank 207 bound to socket 0[core 60[hwt 0]]: [././././././././././././././././././././././././././././././././././././././././././././././././././././././././././././B/././.][./././././././././././././././././././././././././././././././././././././././././././././././././././././././././././././././.]
[n2lcn0109:1209230] MCW rank 207 bound to socket 0[core 60[hwt 0]]: [././././././././././././././././././././././././././././././././././././././././././././././././././././././././././././B/././.][./././././././././././././././././././././././././././././././././././././././././././././././././././././././././././././././.]
[n2lcn0109:1209221] MCW rank 198 bound to socket 0[core 24[hwt 0]]: [././././././././././././././././././././././././B/././././././././././././././././././././././././././././././././././././././.][./././././././././././././././././././././././././././././././././././././././././././././././././././././././././././././././.]
[n2lcn0109:1209221] MCW rank 198 bound to socket 0[core 24[hwt 0]]: [././././././././././././././././././././././././B/././././././././././././././././././././././././././././././././././././././.][./././././././././././././././././././././././././././././././././././././././././././././././././././././././././././././././.]
[n2lcn0109:1209219] MCW rank 196 bound to socket 0[core 16[hwt 0]]: [././././././././././././././././B/././././././././././././././././././././././././././././././././././././././././././././././.][./././././././././././././././././././././././././././././././././././././././././././././././././././././././././././././././.]
[n2lcn0109:1209219] MCW rank 196 bound to socket 0[core 16[hwt 0]]: [././././././././././././././././B/././././././././././././././././././././././././././././././././././././././././././././././.][./././././././././././././././././././././././././././././././././././././././././././././././././././././././././././././././.]
[n2lcn0109:1209240] MCW rank 217 bound to socket 1[core 100[hwt 0]]: [./././././././././././././././././././././././././././././././././././././././././././././././././././././././././././././././.][././././././././././././././././././././././././././././././././././././B/././././././././././././././././././././././././././.]
[n2lcn0109:1209240] MCW rank 217 bound to socket 1[core 100[hwt 0]]: [./././././././././././././././././././././././././././././././././././././././././././././././././././././././././././././././.][././././././././././././././././././././././././././././././././././././B/././././././././././././././././././././././././././.]
[n2lcn0129:1786657] MCW rank 766 bound to socket 1[core 120[hwt 0]]: [./././././././././././././././././././././././././././././././././././././././././././././././././././././././././././././././.][././././././././././././././././././././././././././././././././././././././././././././././././././././././././B/././././././.]
[n2lcn0129:1786657] MCW rank 766 bound to socket 1[core 120[hwt 0]]: [./././././././././././././././././././././././././././././././././././././././././././././././././././././././././././././././.][././././././././././././././././././././././././././././././././././././././././././././././././././././././././B/././././././.]
[n2lcn0109:1209218] MCW rank 195 bound to socket 0[core 12[hwt 0]]: [././././././././././././B/././././././././././././././././././././././././././././././././././././././././././././././././././.][./././././././././././././././././././././././././././././././././././././././././././././././././././././././././././././././.]
[n2lcn0109:1209218] MCW rank 195 bound to socket 0[core 12[hwt 0]]: [././././././././././././B/././././././././././././././././././././././././././././././././././././././././././././././././././.][./././././././././././././././././././././././././././././././././././././././././././././././././././././././././././././././.]
[n2lcn0109:1209239] MCW rank 216 bound to socket 1[core 96[hwt 0]]: [./././././././././././././././././././././././././././././././././././././././././././././././././././././././././././././././.][././././././././././././././././././././././././././././././././B/././././././././././././././././././././././././././././././.]
[n2lcn0109:1209239] MCW rank 216 bound to socket 1[core 96[hwt 0]]: [./././././././././././././././././././././././././././././././././././././././././././././././././././././././././././././././.][././././././././././././././././././././././././././././././././B/././././././././././././././././././././././././././././././.]
[n2lcn0109:1209215] MCW rank 192 bound to socket 0[core 0[hwt 0]]: [B/././././././././././././././././././././././././././././././././././././././././././././././././././././././././././././././.][./././././././././././././././././././././././././././././././././././././././././././././././././././././././././././././././.]
[n2lcn0109:1209216] MCW rank 193 bound to socket 0[core 4[hwt 0]]: [././././B/././././././././././././././././././././././././././././././././././././././././././././././././././././././././././.][./././././././././././././././././././././././././././././././././././././././././././././././././././././././././././././././.]
[n2lcn0109:1209215] MCW rank 192 bound to socket 0[core 0[hwt 0]]: [B/././././././././././././././././././././././././././././././././././././././././././././././././././././././././././././././.][./././././././././././././././././././././././././././././././././././././././././././././././././././././././././././././././.]
[n2lcn0109:1209216] MCW rank 193 bound to socket 0[core 4[hwt 0]]: [././././B/././././././././././././././././././././././././././././././././././././././././././././././././././././././././././.][./././././././././././././././././././././././././././././././././././././././././././././././././././././././././././././././.]
[n2lcn0109:1209227] MCW rank 204 bound to socket 0[core 48[hwt 0]]: [././././././././././././././././././././././././././././././././././././././././././././././././B/././././././././././././././.][./././././././././././././././././././././././././././././././././././././././././././././././././././././././././././././././.]
[n2lcn0109:1209220] MCW rank 197 bound to socket 0[core 20[hwt 0]]: [././././././././././././././././././././B/././././././././././././././././././././././././././././././././././././././././././.][./././././././././././././././././././././././././././././././././././././././././././././././././././././././././././././././.]
[n2lcn0109:1209227] MCW rank 204 bound to socket 0[core 48[hwt 0]]: [././././././././././././././././././././././././././././././././././././././././././././././././B/././././././././././././././.][./././././././././././././././././././././././././././././././././././././././././././././././././././././././././././././././.]
[n2lcn0109:1209228] MCW rank 205 bound to socket 0[core 52[hwt 0]]: [././././././././././././././././././././././././././././././././././././././././././././././././././././B/././././././././././.][./././././././././././././././././././././././././././././././././././././././././././././././././././././././././././././././.]
[n2lcn0109:1209232] MCW rank 209 bound to socket 1[core 68[hwt 0]]: [./././././././././././././././././././././././././././././././././././././././././././././././././././././././././././././././.][././././B/././././././././././././././././././././././././././././././././././././././././././././././././././././././././././.]
[n2lcn0109:1209220] MCW rank 197 bound to socket 0[core 20[hwt 0]]: [././././././././././././././././././././B/././././././././././././././././././././././././././././././././././././././././././.][./././././././././././././././././././././././././././././././././././././././././././././././././././././././././././././././.]
[n2lcn0109:1209231] MCW rank 208 bound to socket 1[core 64[hwt 0]]: [./././././././././././././././././././././././././././././././././././././././././././././././././././././././././././././././.][B/././././././././././././././././././././././././././././././././././././././././././././././././././././././././././././././.]
[n2lcn0109:1209228] MCW rank 205 bound to socket 0[core 52[hwt 0]]: [././././././././././././././././././././././././././././././././././././././././././././././././././././B/././././././././././.][./././././././././././././././././././././././././././././././././././././././././././././././././././././././././././././././.]
[n2lcn0109:1209232] MCW rank 209 bound to socket 1[core 68[hwt 0]]: [./././././././././././././././././././././././././././././././././././././././././././././././././././././././././././././././.][././././B/././././././././././././././././././././././././././././././././././././././././././././././././././././././././././.]
[n2lcn0109:1209231] MCW rank 208 bound to socket 1[core 64[hwt 0]]: [./././././././././././././././././././././././././././././././././././././././././././././././././././././././././././././././.][B/././././././././././././././././././././././././././././././././././././././././././././././././././././././././././././././.]
[n2lcn0110:235049] MCW rank 231 bound to socket 0[core 28[hwt 0]]: [././././././././././././././././././././././././././././B/././././././././././././././././././././././././././././././././././.][./././././././././././././././././././././././././././././././././././././././././././././././././././././././././././././././.]
[n2lcn0110:235049] MCW rank 231 bound to socket 0[core 28[hwt 0]]: [././././././././././././././././././././././././././././B/././././././././././././././././././././././././././././././././././.][./././././././././././././././././././././././././././././././././././././././././././././././././././././././././././././././.]
[n2lcn0109:1209237] MCW rank 214 bound to socket 1[core 88[hwt 0]]: [./././././././././././././././././././././././././././././././././././././././././././././././././././././././././././././././.][././././././././././././././././././././././././B/././././././././././././././././././././././././././././././././././././././.]
[n2lcn0110:235066] MCW rank 248 bound to socket 1[core 96[hwt 0]]: [./././././././././././././././././././././././././././././././././././././././././././././././././././././././././././././././.][././././././././././././././././././././././././././././././././B/././././././././././././././././././././././././././././././.]
[n2lcn0109:1209238] MCW rank 215 bound to socket 1[core 92[hwt 0]]: [./././././././././././././././././././././././././././././././././././././././././././././././././././././././././././././././.][././././././././././././././././././././././././././././B/././././././././././././././././././././././././././././././././././.]
[n2lcn0109:1209237] MCW rank 214 bound to socket 1[core 88[hwt 0]]: [./././././././././././././././././././././././././././././././././././././././././././././././././././././././././././././././.][././././././././././././././././././././././././B/././././././././././././././././././././././././././././././././././././././.]
[n2lcn0109:1209238] MCW rank 215 bound to socket 1[core 92[hwt 0]]: [./././././././././././././././././././././././././././././././././././././././././././././././././././././././././././././././.][././././././././././././././././././././././././././././B/././././././././././././././././././././././././././././././././././.]
[n2lcn0110:235066] MCW rank 248 bound to socket 1[core 96[hwt 0]]: [./././././././././././././././././././././././././././././././././././././././././././././././././././././././././././././././.][././././././././././././././././././././././././././././././././B/././././././././././././././././././././././././././././././.]
[n2lcn0110:235068] MCW rank 250 bound to socket 1[core 104[hwt 0]]: [./././././././././././././././././././././././././././././././././././././././././././././././././././././././././././././././.][././././././././././././././././././././././././././././././././././././././././B/././././././././././././././././././././././.]
[n2lcn0110:235069] MCW rank 251 bound to socket 1[core 108[hwt 0]]: [./././././././././././././././././././././././././././././././././././././././././././././././././././././././././././././././.][././././././././././././././././././././././././././././././././././././././././././././B/././././././././././././././././././.]
[n2lcn0110:235068] MCW rank 250 bound to socket 1[core 104[hwt 0]]: [./././././././././././././././././././././././././././././././././././././././././././././././././././././././././././././././.][././././././././././././././././././././././././././././././././././././././././B/././././././././././././././././././././././.]
[n2lcn0110:235069] MCW rank 251 bound to socket 1[core 108[hwt 0]]: [./././././././././././././././././././././././././././././././././././././././././././././././././././././././././././././././.][././././././././././././././././././././././././././././././././././././././././././././B/././././././././././././././././././.]
[n2lcn0109:1209234] MCW rank 211 bound to socket 1[core 76[hwt 0]]: [./././././././././././././././././././././././././././././././././././././././././././././././././././././././././././././././.][././././././././././././B/././././././././././././././././././././././././././././././././././././././././././././././././././.]
[n2lcn0109:1209236] MCW rank 213 bound to socket 1[core 84[hwt 0]]: [./././././././././././././././././././././././././././././././././././././././././././././././././././././././././././././././.][././././././././././././././././././././B/././././././././././././././././././././././././././././././././././././././././././.]
[n2lcn0109:1209234] MCW rank 211 bound to socket 1[core 76[hwt 0]]: [./././././././././././././././././././././././././././././././././././././././././././././././././././././././././././././././.][././././././././././././B/././././././././././././././././././././././././././././././././././././././././././././././././././.]
[n2lcn0109:1209241] MCW rank 218 bound to socket 1[core 104[hwt 0]]: [./././././././././././././././././././././././././././././././././././././././././././././././././././././././././././././././.][././././././././././././././././././././././././././././././././././././././././B/././././././././././././././././././././././.]
[n2lcn0109:1209242] MCW rank 219 bound to socket 1[core 108[hwt 0]]: [./././././././././././././././././././././././././././././././././././././././././././././././././././././././././././././././.][././././././././././././././././././././././././././././././././././././././././././././B/././././././././././././././././././.]
[n2lcn0109:1209236] MCW rank 213 bound to socket 1[core 84[hwt 0]]: [./././././././././././././././././././././././././././././././././././././././././././././././././././././././././././././././.][././././././././././././././././././././B/././././././././././././././././././././././././././././././././././././././././././.]
[n2lcn0109:1209244] MCW rank 221 bound to socket 1[core 116[hwt 0]]: [./././././././././././././././././././././././././././././././././././././././././././././././././././././././././././././././.][././././././././././././././././././././././././././././././././././././././././././././././././././././B/././././././././././.]
[n2lcn0109:1209235] MCW rank 212 bound to socket 1[core 80[hwt 0]]: [./././././././././././././././././././././././././././././././././././././././././././././././././././././././././././././././.][././././././././././././././././B/././././././././././././././././././././././././././././././././././././././././././././././.]
[n2lcn0109:1209233] MCW rank 210 bound to socket 1[core 72[hwt 0]]: [./././././././././././././././././././././././././././././././././././././././././././././././././././././././././././././././.][././././././././B/././././././././././././././././././././././././././././././././././././././././././././././././././././././.]
[n2lcn0109:1209241] MCW rank 218 bound to socket 1[core 104[hwt 0]]: [./././././././././././././././././././././././././././././././././././././././././././././././././././././././././././././././.][././././././././././././././././././././././././././././././././././././././././B/././././././././././././././././././././././.]
[n2lcn0109:1209242] MCW rank 219 bound to socket 1[core 108[hwt 0]]: [./././././././././././././././././././././././././././././././././././././././././././././././././././././././././././././././.][././././././././././././././././././././././././././././././././././././././././././././B/././././././././././././././././././.]
[n2lcn0109:1209244] MCW rank 221 bound to socket 1[core 116[hwt 0]]: [./././././././././././././././././././././././././././././././././././././././././././././././././././././././././././././././.][././././././././././././././././././././././././././././././././././././././././././././././././././././B/././././././././././.]
[n2lcn0109:1209235] MCW rank 212 bound to socket 1[core 80[hwt 0]]: [./././././././././././././././././././././././././././././././././././././././././././././././././././././././././././././././.][././././././././././././././././B/././././././././././././././././././././././././././././././././././././././././././././././.]
[n2lcn0109:1209233] MCW rank 210 bound to socket 1[core 72[hwt 0]]: [./././././././././././././././././././././././././././././././././././././././././././././././././././././././././././././././.][././././././././B/././././././././././././././././././././././././././././././././././././././././././././././././././././././.]
[n2lcn0109:1209245] MCW rank 222 bound to socket 1[core 120[hwt 0]]: [./././././././././././././././././././././././././././././././././././././././././././././././././././././././././././././././.][././././././././././././././././././././././././././././././././././././././././././././././././././././././././B/././././././.]
[n2lcn0109:1209246] MCW rank 223 bound to socket 1[core 124[hwt 0]]: [./././././././././././././././././././././././././././././././././././././././././././././././././././././././././././././././.][././././././././././././././././././././././././././././././././././././././././././././././././././././././././././././B/././.]
[n2lcn0109:1209243] MCW rank 220 bound to socket 1[core 112[hwt 0]]: [./././././././././././././././././././././././././././././././././././././././././././././././././././././././././././././././.][././././././././././././././././././././././././././././././././././././././././././././././././B/././././././././././././././.]
[n2lcn0110:235053] MCW rank 235 bound to socket 0[core 44[hwt 0]]: [././././././././././././././././././././././././././././././././././././././././././././B/././././././././././././././././././.][./././././././././././././././././././././././././././././././././././././././././././././././././././././././././././././././.]
[n2lcn0109:1209245] MCW rank 222 bound to socket 1[core 120[hwt 0]]: [./././././././././././././././././././././././././././././././././././././././././././././././././././././././././././././././.][././././././././././././././././././././././././././././././././././././././././././././././././././././././././B/././././././.]
[n2lcn0109:1209246] MCW rank 223 bound to socket 1[core 124[hwt 0]]: [./././././././././././././././././././././././././././././././././././././././././././././././././././././././././././././././.][././././././././././././././././././././././././././././././././././././././././././././././././././././././././././././B/././.]
[n2lcn0109:1209243] MCW rank 220 bound to socket 1[core 112[hwt 0]]: [./././././././././././././././././././././././././././././././././././././././././././././././././././././././././././././././.][././././././././././././././././././././././././././././././././././././././././././././././././B/././././././././././././././.]
[n2lcn0110:235053] MCW rank 235 bound to socket 0[core 44[hwt 0]]: [././././././././././././././././././././././././././././././././././././././././././././B/././././././././././././././././././.][./././././././././././././././././././././././././././././././././././././././././././././././././././././././././././././././.]
[n2lcn0110:235050] MCW rank 232 bound to socket 0[core 32[hwt 0]]: [././././././././././././././././././././././././././././././././B/././././././././././././././././././././././././././././././.][./././././././././././././././././././././././././././././././././././././././././././././././././././././././././././././././.]
[n2lcn0110:235056] MCW rank 238 bound to socket 0[core 56[hwt 0]]: [././././././././././././././././././././././././././././././././././././././././././././././././././././././././B/././././././.][./././././././././././././././././././././././././././././././././././././././././././././././././././././././././././././././.]
[n2lcn0110:235050] MCW rank 232 bound to socket 0[core 32[hwt 0]]: [././././././././././././././././././././././././././././././././B/././././././././././././././././././././././././././././././.][./././././././././././././././././././././././././././././././././././././././././././././././././././././././././././././././.]
[n2lcn0110:235056] MCW rank 238 bound to socket 0[core 56[hwt 0]]: [././././././././././././././././././././././././././././././././././././././././././././././././././././././././B/././././././.][./././././././././././././././././././././././././././././././././././././././././././././././././././././././././././././././.]
[n2lcn0110:235054] MCW rank 236 bound to socket 0[core 48[hwt 0]]: [././././././././././././././././././././././././././././././././././././././././././././././././B/././././././././././././././.][./././././././././././././././././././././././././././././././././././././././././././././././././././././././././././././././.]
[n2lcn0109:1209217] MCW rank 194 bound to socket 0[core 8[hwt 0]]: [././././././././B/././././././././././././././././././././././././././././././././././././././././././././././././././././././.][./././././././././././././././././././././././././././././././././././././././././././././././././././././././././././././././.]
[n2lcn0109:1209217] MCW rank 194 bound to socket 0[core 8[hwt 0]]: [././././././././B/././././././././././././././././././././././././././././././././././././././././././././././././././././././.][./././././././././././././././././././././././././././././././././././././././././././././././././././././././././././././././.]
[n2lcn0110:235054] MCW rank 236 bound to socket 0[core 48[hwt 0]]: [././././././././././././././././././././././././././././././././././././././././././././././././B/././././././././././././././.][./././././././././././././././././././././././././././././././././././././././././././././././././././././././././././././././.]
[n2lcn0110:235059] MCW rank 241 bound to socket 1[core 68[hwt 0]]: [./././././././././././././././././././././././././././././././././././././././././././././././././././././././././././././././.][././././B/././././././././././././././././././././././././././././././././././././././././././././././././././././././././././.]
[n2lcn0110:235059] MCW rank 241 bound to socket 1[core 68[hwt 0]]: [./././././././././././././././././././././././././././././././././././././././././././././././././././././././././././././././.][././././B/././././././././././././././././././././././././././././././././././././././././././././././././././././././././././.]
[n2lcn0110:235063] MCW rank 245 bound to socket 1[core 84[hwt 0]]: [./././././././././././././././././././././././././././././././././././././././././././././././././././././././././././././././.][././././././././././././././././././././B/././././././././././././././././././././././././././././././././././././././././././.]
[n2lcn0110:235063] MCW rank 245 bound to socket 1[core 84[hwt 0]]: [./././././././././././././././././././././././././././././././././././././././././././././././././././././././././././././././.][././././././././././././././././././././B/././././././././././././././././././././././././././././././././././././././././././.]
[n2lcn0110:235047] MCW rank 229 bound to socket 0[core 20[hwt 0]]: [././././././././././././././././././././B/././././././././././././././././././././././././././././././././././././././././././.][./././././././././././././././././././././././././././././././././././././././././././././././././././././././././././././././.]
[n2lcn0110:235047] MCW rank 229 bound to socket 0[core 20[hwt 0]]: [././././././././././././././././././././B/././././././././././././././././././././././././././././././././././././././././././.][./././././././././././././././././././././././././././././././././././././././././././././././././././././././././././././././.]
[n2lcn0115.ab2021.local:1105397] MCW rank 396 bound to socket 0[core 48[hwt 0]]: [././././././././././././././././././././././././././././././././././././././././././././././././B/././././././././././././././.][./././././././././././././././././././././././././././././././././././././././././././././././././././././././././././././././.]
[n2lcn0115.ab2021.local:1105397] MCW rank 396 bound to socket 0[core 48[hwt 0]]: [././././././././././././././././././././././././././././././././././././././././././././././././B/././././././././././././././.][./././././././././././././././././././././././././././././././././././././././././././././././././././././././././././././././.]
[n2lcn0105:428529] MCW rank 72 bound to socket 0[core 32[hwt 0]]: [././././././././././././././././././././././././././././././././B/././././././././././././././././././././././././././././././.][./././././././././././././././././././././././././././././././././././././././././././././././././././././././././././././././.]
[n2lcn0115.ab2021.local:1105398] MCW rank 397 bound to socket 0[core 52[hwt 0]]: [././././././././././././././././././././././././././././././././././././././././././././././././././././B/././././././././././.][./././././././././././././././././././././././././././././././././././././././././././././././././././././././././././././././.]
[n2lcn0115.ab2021.local:1105398] MCW rank 397 bound to socket 0[core 52[hwt 0]]: [././././././././././././././././././././././././././././././././././././././././././././././././././././B/././././././././././.][./././././././././././././././././././././././././././././././././././././././././././././././././././././././././././././././.]
[n2lcn0115.ab2021.local:1105393] MCW rank 392 bound to socket 0[core 32[hwt 0]]: [././././././././././././././././././././././././././././././././B/././././././././././././././././././././././././././././././.][./././././././././././././././././././././././././././././././././././././././././././././././././././././././././././././././.]
[n2lcn0115.ab2021.local:1105393] MCW rank 392 bound to socket 0[core 32[hwt 0]]: [././././././././././././././././././././././././././././././././B/././././././././././././././././././././././././././././././.][./././././././././././././././././././././././././././././././././././././././././././././././././././././././././././././././.]
[n2lcn0105:428529] MCW rank 72 bound to socket 0[core 32[hwt 0]]: [././././././././././././././././././././././././././././././././B/././././././././././././././././././././././././././././././.][./././././././././././././././././././././././././././././././././././././././././././././././././././././././././././././././.]
[n2lcn0105:428536] MCW rank 79 bound to socket 0[core 60[hwt 0]]: [././././././././././././././././././././././././././././././././././././././././././././././././././././././././././././B/././.][./././././././././././././././././././././././././././././././././././././././././././././././././././././././././././././././.]
[n2lcn0105:428536] MCW rank 79 bound to socket 0[core 60[hwt 0]]: [././././././././././././././././././././././././././././././././././././././././././././././././././././././././././././B/././.][./././././././././././././././././././././././././././././././././././././././././././././././././././././././././././././././.]
[n2lcn0105:428530] MCW rank 73 bound to socket 0[core 36[hwt 0]]: [././././././././././././././././././././././././././././././././././././B/././././././././././././././././././././././././././.][./././././././././././././././././././././././././././././././././././././././././././././././././././././././././././././././.]
[n2lcn0105:428532] MCW rank 75 bound to socket 0[core 44[hwt 0]]: [././././././././././././././././././././././././././././././././././././././././././././B/././././././././././././././././././.][./././././././././././././././././././././././././././././././././././././././././././././././././././././././././././././././.]
[n2lcn0105:428530] MCW rank 73 bound to socket 0[core 36[hwt 0]]: [././././././././././././././././././././././././././././././././././././B/././././././././././././././././././././././././././.][./././././././././././././././././././././././././././././././././././././././././././././././././././././././././././././././.]
[n2lcn0105:428532] MCW rank 75 bound to socket 0[core 44[hwt 0]]: [././././././././././././././././././././././././././././././././././././././././././././B/././././././././././././././././././.][./././././././././././././././././././././././././././././././././././././././././././././././././././././././././././././././.]
[n2lcn0110:235051] MCW rank 233 bound to socket 0[core 36[hwt 0]]: [././././././././././././././././././././././././././././././././././././B/././././././././././././././././././././././././././.][./././././././././././././././././././././././././././././././././././././././././././././././././././././././././././././././.]
[n2lcn0110:235051] MCW rank 233 bound to socket 0[core 36[hwt 0]]: [././././././././././././././././././././././././././././././././././././B/././././././././././././././././././././././././././.][./././././././././././././././././././././././././././././././././././././././././././././././././././././././././././././././.]
[n2lcn0110:235057] MCW rank 239 bound to socket 0[core 60[hwt 0]]: [././././././././././././././././././././././././././././././././././././././././././././././././././././././././././././B/././.][./././././././././././././././././././././././././././././././././././././././././././././././././././././././././././././././.]
[n2lcn0105:428535] MCW rank 78 bound to socket 0[core 56[hwt 0]]: [././././././././././././././././././././././././././././././././././././././././././././././././././././././././B/././././././.][./././././././././././././././././././././././././././././././././././././././././././././././././././././././././././././././.]
[n2lcn0110:235057] MCW rank 239 bound to socket 0[core 60[hwt 0]]: [././././././././././././././././././././././././././././././././././././././././././././././././././././././././././././B/././.][./././././././././././././././././././././././././././././././././././././././././././././././././././././././././././././././.]
[n2lcn0105:428531] MCW rank 74 bound to socket 0[core 40[hwt 0]]: [././././././././././././././././././././././././././././././././././././././././B/././././././././././././././././././././././.][./././././././././././././././././././././././././././././././././././././././././././././././././././././././././././././././.]
[n2lcn0105:428535] MCW rank 78 bound to socket 0[core 56[hwt 0]]: [././././././././././././././././././././././././././././././././././././././././././././././././././././././././B/././././././.][./././././././././././././././././././././././././././././././././././././././././././././././././././././././././././././././.]
[n2lcn0105:428531] MCW rank 74 bound to socket 0[core 40[hwt 0]]: [././././././././././././././././././././././././././././././././././././././././B/././././././././././././././././././././././.][./././././././././././././././././././././././././././././././././././././././././././././././././././././././././././././././.]
[n2lcn0110:235052] MCW rank 234 bound to socket 0[core 40[hwt 0]]: [././././././././././././././././././././././././././././././././././././././././B/././././././././././././././././././././././.][./././././././././././././././././././././././././././././././././././././././././././././././././././././././././././././././.]
[n2lcn0105:428548] MCW rank 91 bound to socket 1[core 108[hwt 0]]: [./././././././././././././././././././././././././././././././././././././././././././././././././././././././././././././././.][././././././././././././././././././././././././././././././././././././././././././././B/././././././././././././././././././.]
[n2lcn0110:235052] MCW rank 234 bound to socket 0[core 40[hwt 0]]: [././././././././././././././././././././././././././././././././././././././././B/././././././././././././././././././././././.][./././././././././././././././././././././././././././././././././././././././././././././././././././././././././././././././.]
[n2lcn0110:235055] MCW rank 237 bound to socket 0[core 52[hwt 0]]: [././././././././././././././././././././././././././././././././././././././././././././././././././././B/././././././././././.][./././././././././././././././././././././././././././././././././././././././././././././././././././././././././././././././.]
[n2lcn0110:235048] MCW rank 230 bound to socket 0[core 24[hwt 0]]: [././././././././././././././././././././././././B/././././././././././././././././././././././././././././././././././././././.][./././././././././././././././././././././././././././././././././././././././././././././././././././././././././././././././.]
[n2lcn0110:235055] MCW rank 237 bound to socket 0[core 52[hwt 0]]: [././././././././././././././././././././././././././././././././././././././././././././././././././././B/././././././././././.][./././././././././././././././././././././././././././././././././././././././././././././././././././././././././././././././.]
[n2lcn0105:428548] MCW rank 91 bound to socket 1[core 108[hwt 0]]: [./././././././././././././././././././././././././././././././././././././././././././././././././././././././././././././././.][././././././././././././././././././././././././././././././././././././././././././././B/././././././././././././././././././.]
[n2lcn0110:235048] MCW rank 230 bound to socket 0[core 24[hwt 0]]: [././././././././././././././././././././././././B/././././././././././././././././././././././././././././././././././././././.][./././././././././././././././././././././././././././././././././././././././././././././././././././././././././././././././.]
[n2lcn0110:235067] MCW rank 249 bound to socket 1[core 100[hwt 0]]: [./././././././././././././././././././././././././././././././././././././././././././././././././././././././././././././././.][././././././././././././././././././././././././././././././././././././B/././././././././././././././././././././././././././.]
[n2lcn0105:428546] MCW rank 89 bound to socket 1[core 100[hwt 0]]: [./././././././././././././././././././././././././././././././././././././././././././././././././././././././././././././././.][././././././././././././././././././././././././././././././././././././B/././././././././././././././././././././././././././.]
[n2lcn0110:235060] MCW rank 242 bound to socket 1[core 72[hwt 0]]: [./././././././././././././././././././././././././././././././././././././././././././././././././././././././././././././././.][././././././././B/././././././././././././././././././././././././././././././././././././././././././././././././././././././.]
[n2lcn0110:235061] MCW rank 243 bound to socket 1[core 76[hwt 0]]: [./././././././././././././././././././././././././././././././././././././././././././././././././././././././././././././././.][././././././././././././B/././././././././././././././././././././././././././././././././././././././././././././././././././.]
[n2lcn0110:235072] MCW rank 254 bound to socket 1[core 120[hwt 0]]: [./././././././././././././././././././././././././././././././././././././././././././././././././././././././././././././././.][././././././././././././././././././././././././././././././././././././././././././././././././././././././././B/././././././.]
[n2lcn0110:235067] MCW rank 249 bound to socket 1[core 100[hwt 0]]: [./././././././././././././././././././././././././././././././././././././././././././././././././././././././././././././././.][././././././././././././././././././././././././././././././././././././B/././././././././././././././././././././././././././.]
[n2lcn0105:428542] MCW rank 85 bound to socket 1[core 84[hwt 0]]: [./././././././././././././././././././././././././././././././././././././././././././././././././././././././././././././././.][././././././././././././././././././././B/././././././././././././././././././././././././././././././././././././././././././.]
[n2lcn0105:428546] MCW rank 89 bound to socket 1[core 100[hwt 0]]: [./././././././././././././././././././././././././././././././././././././././././././././././././././././././././././././././.][././././././././././././././././././././././././././././././././././././B/././././././././././././././././././././././././././.]
[n2lcn0110:235060] MCW rank 242 bound to socket 1[core 72[hwt 0]]: [./././././././././././././././././././././././././././././././././././././././././././././././././././././././././././././././.][././././././././B/././././././././././././././././././././././././././././././././././././././././././././././././././././././.]
[n2lcn0105:428542] MCW rank 85 bound to socket 1[core 84[hwt 0]]: [./././././././././././././././././././././././././././././././././././././././././././././././././././././././././././././././.][././././././././././././././././././././B/././././././././././././././././././././././././././././././././././././././././././.]
[n2lcn0110:235061] MCW rank 243 bound to socket 1[core 76[hwt 0]]: [./././././././././././././././././././././././././././././././././././././././././././././././././././././././././././././././.][././././././././././././B/././././././././././././././././././././././././././././././././././././././././././././././././././.]
[n2lcn0110:235072] MCW rank 254 bound to socket 1[core 120[hwt 0]]: [./././././././././././././././././././././././././././././././././././././././././././././././././././././././././././././././.][././././././././././././././././././././././././././././././././././././././././././././././././././././././././B/././././././.]
[n2lcn0110:235070] MCW rank 252 bound to socket 1[core 112[hwt 0]]: [./././././././././././././././././././././././././././././././././././././././././././././././././././././././././././././././.][././././././././././././././././././././././././././././././././././././././././././././././././B/././././././././././././././.]
[n2lcn0110:235071] MCW rank 253 bound to socket 1[core 116[hwt 0]]: [./././././././././././././././././././././././././././././././././././././././././././././././././././././././././././././././.][././././././././././././././././././././././././././././././././././././././././././././././././././././B/././././././././././.]
[n2lcn0110:235070] MCW rank 252 bound to socket 1[core 112[hwt 0]]: [./././././././././././././././././././././././././././././././././././././././././././././././././././././././././././././././.][././././././././././././././././././././././././././././././././././././././././././././././././B/././././././././././././././.]
[n2lcn0110:235071] MCW rank 253 bound to socket 1[core 116[hwt 0]]: [./././././././././././././././././././././././././././././././././././././././././././././././././././././././././././././././.][././././././././././././././././././././././././././././././././././././././././././././././././././././B/././././././././././.]
[n2lcn0110:235058] MCW rank 240 bound to socket 1[core 64[hwt 0]]: [./././././././././././././././././././././././././././././././././././././././././././././././././././././././././././././././.][B/././././././././././././././././././././././././././././././././././././././././././././././././././././././././././././././.]
[n2lcn0110:235058] MCW rank 240 bound to socket 1[core 64[hwt 0]]: [./././././././././././././././././././././././././././././././././././././././././././././././././././././././././././././././.][B/././././././././././././././././././././././././././././././././././././././././././././././././././././././././././././././.]
[n2lcn0110:235073] MCW rank 255 bound to socket 1[core 124[hwt 0]]: [./././././././././././././././././././././././././././././././././././././././././././././././././././././././././././././././.][././././././././././././././././././././././././././././././././././././././././././././././././././././././././././././B/././.]
[n2lcn0105:428538] MCW rank 81 bound to socket 1[core 68[hwt 0]]: [./././././././././././././././././././././././././././././././././././././././././././././././././././././././././././././././.][././././B/././././././././././././././././././././././././././././././././././././././././././././././././././././././././././.]
[n2lcn0105:428552] MCW rank 95 bound to socket 1[core 124[hwt 0]]: [./././././././././././././././././././././././././././././././././././././././././././././././././././././././././././././././.][././././././././././././././././././././././././././././././././././././././././././././././././././././././././././././B/././.]
[n2lcn0105:428538] MCW rank 81 bound to socket 1[core 68[hwt 0]]: [./././././././././././././././././././././././././././././././././././././././././././././././././././././././././././././././.][././././B/././././././././././././././././././././././././././././././././././././././././././././././././././././././././././.]
[n2lcn0105:428550] MCW rank 93 bound to socket 1[core 116[hwt 0]]: [./././././././././././././././././././././././././././././././././././././././././././././././././././././././././././././././.][././././././././././././././././././././././././././././././././././././././././././././././././././././B/././././././././././.]
[n2lcn0105:428552] MCW rank 95 bound to socket 1[core 124[hwt 0]]: [./././././././././././././././././././././././././././././././././././././././././././././././././././././././././././././././.][././././././././././././././././././././././././././././././././././././././././././././././././././././././././././././B/././.]
[n2lcn0110:235073] MCW rank 255 bound to socket 1[core 124[hwt 0]]: [./././././././././././././././././././././././././././././././././././././././././././././././././././././././././././././././.][././././././././././././././././././././././././././././././././././././././././././././././././././././././././././././B/././.]
[n2lcn0105:428550] MCW rank 93 bound to socket 1[core 116[hwt 0]]: [./././././././././././././././././././././././././././././././././././././././././././././././././././././././././././././././.][././././././././././././././././././././././././././././././././././././././././././././././././././././B/././././././././././.]
[n2lcn0110:235064] MCW rank 246 bound to socket 1[core 88[hwt 0]]: [./././././././././././././././././././././././././././././././././././././././././././././././././././././././././././././././.][././././././././././././././././././././././././B/././././././././././././././././././././././././././././././././././././././.]
[n2lcn0110:235065] MCW rank 247 bound to socket 1[core 92[hwt 0]]: [./././././././././././././././././././././././././././././././././././././././././././././././././././././././././././././././.][././././././././././././././././././././././././././././B/././././././././././././././././././././././././././././././././././.]
[n2lcn0110:235064] MCW rank 246 bound to socket 1[core 88[hwt 0]]: [./././././././././././././././././././././././././././././././././././././././././././././././././././././././././././././././.][././././././././././././././././././././././././B/././././././././././././././././././././././././././././././././././././././.]
[n2lcn0110:235065] MCW rank 247 bound to socket 1[core 92[hwt 0]]: [./././././././././././././././././././././././././././././././././././././././././././././././././././././././././././././././.][././././././././././././././././././././././././././././B/././././././././././././././././././././././././././././././././././.]
[n2lcn0105:428528] MCW rank 71 bound to socket 0[core 28[hwt 0]]: [././././././././././././././././././././././././././././B/././././././././././././././././././././././././././././././././././.][./././././././././././././././././././././././././././././././././././././././././././././././././././././././././././././././.]
[n2lcn0105:428534] MCW rank 77 bound to socket 0[core 52[hwt 0]]: [././././././././././././././././././././././././././././././././././././././././././././././././././././B/././././././././././.][./././././././././././././././././././././././././././././././././././././././././././././././././././././././././././././././.]
[n2lcn0105:428528] MCW rank 71 bound to socket 0[core 28[hwt 0]]: [././././././././././././././././././././././././././././B/././././././././././././././././././././././././././././././././././.][./././././././././././././././././././././././././././././././././././././././././././././././././././././././././././././././.]
[n2lcn0105:428534] MCW rank 77 bound to socket 0[core 52[hwt 0]]: [././././././././././././././././././././././././././././././././././././././././././././././././././././B/././././././././././.][./././././././././././././././././././././././././././././././././././././././././././././././././././././././././././././././.]
[n2lcn0110:235044] MCW rank 226 bound to socket 0[core 8[hwt 0]]: [././././././././B/././././././././././././././././././././././././././././././././././././././././././././././././././././././.][./././././././././././././././././././././././././././././././././././././././././././././././././././././././././././././././.]
[n2lcn0105:428521] MCW rank 64 bound to socket 0[core 0[hwt 0]]: [B/././././././././././././././././././././././././././././././././././././././././././././././././././././././././././././././.][./././././././././././././././././././././././././././././././././././././././././././././././././././././././././././././././.]
[n2lcn0105:428521] MCW rank 64 bound to socket 0[core 0[hwt 0]]: [B/././././././././././././././././././././././././././././././././././././././././././././././././././././././././././././././.][./././././././././././././././././././././././././././././././././././././././././././././././././././././././././././././././.]
[n2lcn0110:235045] MCW rank 227 bound to socket 0[core 12[hwt 0]]: [././././././././././././B/././././././././././././././././././././././././././././././././././././././././././././././././././.][./././././././././././././././././././././././././././././././././././././././././././././././././././././././././././././././.]
[n2lcn0110:235044] MCW rank 226 bound to socket 0[core 8[hwt 0]]: [././././././././B/././././././././././././././././././././././././././././././././././././././././././././././././././././././.][./././././././././././././././././././././././././././././././././././././././././././././././././././././././././././././././.]
[n2lcn0110:235045] MCW rank 227 bound to socket 0[core 12[hwt 0]]: [././././././././././././B/././././././././././././././././././././././././././././././././././././././././././././././././././.][./././././././././././././././././././././././././././././././././././././././././././././././././././././././././././././././.]
[n2lcn0110:235043] MCW rank 225 bound to socket 0[core 4[hwt 0]]: [././././B/././././././././././././././././././././././././././././././././././././././././././././././././././././././././././.][./././././././././././././././././././././././././././././././././././././././././././././././././././././././././././././././.]
[n2lcn0110:235043] MCW rank 225 bound to socket 0[core 4[hwt 0]]: [././././B/././././././././././././././././././././././././././././././././././././././././././././././././././././././././././.][./././././././././././././././././././././././././././././././././././././././././././././././././././././././././././././././.]
[n2lcn0110:235042] MCW rank 224 bound to socket 0[core 0[hwt 0]]: [B/././././././././././././././././././././././././././././././././././././././././././././././././././././././././././././././.][./././././././././././././././././././././././././././././././././././././././././././././././././././././././././././././././.]
[n2lcn0110:235042] MCW rank 224 bound to socket 0[core 0[hwt 0]]: [B/././././././././././././././././././././././././././././././././././././././././././././././././././././././././././././././.][./././././././././././././././././././././././././././././././././././././././././././././././././././././././././././././././.]
[n2lcn0105:428537] MCW rank 80 bound to socket 1[core 64[hwt 0]]: [./././././././././././././././././././././././././././././././././././././././././././././././././././././././././././././././.][B/././././././././././././././././././././././././././././././././././././././././././././././././././././././././././././././.]
[n2lcn0105:428537] MCW rank 80 bound to socket 1[core 64[hwt 0]]: [./././././././././././././././././././././././././././././././././././././././././././././././././././././././././././././././.][B/././././././././././././././././././././././././././././././././././././././././././././././././././././././././././././././.]
[n2lcn0105:428545] MCW rank 88 bound to socket 1[core 96[hwt 0]]: [./././././././././././././././././././././././././././././././././././././././././././././././././././././././././././././././.][././././././././././././././././././././././././././././././././B/././././././././././././././././././././././././././././././.]
[n2lcn0105:428545] MCW rank 88 bound to socket 1[core 96[hwt 0]]: [./././././././././././././././././././././././././././././././././././././././././././././././././././././././././././././././.][././././././././././././././././././././././././././././././././B/././././././././././././././././././././././././././././././.]
[n2lcn0105:428549] MCW rank 92 bound to socket 1[core 112[hwt 0]]: [./././././././././././././././././././././././././././././././././././././././././././././././././././././././././././././././.][././././././././././././././././././././././././././././././././././././././././././././././././B/././././././././././././././.]
[n2lcn0105:428549] MCW rank 92 bound to socket 1[core 112[hwt 0]]: [./././././././././././././././././././././././././././././././././././././././././././././././././././././././././././././././.][././././././././././././././././././././././././././././././././././././././././././././././././B/././././././././././././././.]
[n2lcn0105:428525] MCW rank 68 bound to socket 0[core 16[hwt 0]]: [././././././././././././././././B/././././././././././././././././././././././././././././././././././././././././././././././.][./././././././././././././././././././././././././././././././././././././././././././././././././././././././././././././././.]
[n2lcn0105:428526] MCW rank 69 bound to socket 0[core 20[hwt 0]]: [././././././././././././././././././././B/././././././././././././././././././././././././././././././././././././././././././.][./././././././././././././././././././././././././././././././././././././././././././././././././././././././././././././././.]
[n2lcn0105:428525] MCW rank 68 bound to socket 0[core 16[hwt 0]]: [././././././././././././././././B/././././././././././././././././././././././././././././././././././././././././././././././.][./././././././././././././././././././././././././././././././././././././././././././././././././././././././././././././././.]
[n2lcn0105:428526] MCW rank 69 bound to socket 0[core 20[hwt 0]]: [././././././././././././././././././././B/././././././././././././././././././././././././././././././././././././././././././.][./././././././././././././././././././././././././././././././././././././././././././././././././././././././././././././././.]
[n2lcn0105:428539] MCW rank 82 bound to socket 1[core 72[hwt 0]]: [./././././././././././././././././././././././././././././././././././././././././././././././././././././././././././././././.][././././././././B/././././././././././././././././././././././././././././././././././././././././././././././././././././././.]
[n2lcn0105:428539] MCW rank 82 bound to socket 1[core 72[hwt 0]]: [./././././././././././././././././././././././././././././././././././././././././././././././././././././././././././././././.][././././././././B/././././././././././././././././././././././././././././././././././././././././././././././././././././././.]
[n2lcn0105:428540] MCW rank 83 bound to socket 1[core 76[hwt 0]]: [./././././././././././././././././././././././././././././././././././././././././././././././././././././././././././././././.][././././././././././././B/././././././././././././././././././././././././././././././././././././././././././././././././././.]
[n2lcn0105:428551] MCW rank 94 bound to socket 1[core 120[hwt 0]]: [./././././././././././././././././././././././././././././././././././././././././././././././././././././././././././././././.][././././././././././././././././././././././././././././././././././././././././././././././././././././././././B/././././././.]
[n2lcn0105:428541] MCW rank 84 bound to socket 1[core 80[hwt 0]]: [./././././././././././././././././././././././././././././././././././././././././././././././././././././././././././././././.][././././././././././././././././B/././././././././././././././././././././././././././././././././././././././././././././././.]
[n2lcn0105:428522] MCW rank 65 bound to socket 0[core 4[hwt 0]]: [././././B/././././././././././././././././././././././././././././././././././././././././././././././././././././././././././.][./././././././././././././././././././././././././././././././././././././././././././././././././././././././././././././././.]
[n2lcn0105:428540] MCW rank 83 bound to socket 1[core 76[hwt 0]]: [./././././././././././././././././././././././././././././././././././././././././././././././././././././././././././././././.][././././././././././././B/././././././././././././././././././././././././././././././././././././././././././././././././././.]
[n2lcn0105:428544] MCW rank 87 bound to socket 1[core 92[hwt 0]]: [./././././././././././././././././././././././././././././././././././././././././././././././././././././././././././././././.][././././././././././././././././././././././././././././B/././././././././././././././././././././././././././././././././././.]
[n2lcn0105:428547] MCW rank 90 bound to socket 1[core 104[hwt 0]]: [./././././././././././././././././././././././././././././././././././././././././././././././././././././././././././././././.][././././././././././././././././././././././././././././././././././././././././B/././././././././././././././././././././././.]
[n2lcn0105:428551] MCW rank 94 bound to socket 1[core 120[hwt 0]]: [./././././././././././././././././././././././././././././././././././././././././././././././././././././././././././././././.][././././././././././././././././././././././././././././././././././././././././././././././././././././././././B/././././././.]
[n2lcn0105:428541] MCW rank 84 bound to socket 1[core 80[hwt 0]]: [./././././././././././././././././././././././././././././././././././././././././././././././././././././././././././././././.][././././././././././././././././B/././././././././././././././././././././././././././././././././././././././././././././././.]
[n2lcn0105:428522] MCW rank 65 bound to socket 0[core 4[hwt 0]]: [././././B/././././././././././././././././././././././././././././././././././././././././././././././././././././././././././.][./././././././././././././././././././././././././././././././././././././././././././././././././././././././././././././././.]
[n2lcn0105:428544] MCW rank 87 bound to socket 1[core 92[hwt 0]]: [./././././././././././././././././././././././././././././././././././././././././././././././././././././././././././././././.][././././././././././././././././././././././././././././B/././././././././././././././././././././././././././././././././././.]
[n2lcn0105:428547] MCW rank 90 bound to socket 1[core 104[hwt 0]]: [./././././././././././././././././././././././././././././././././././././././././././././././././././././././././././././././.][././././././././././././././././././././././././././././././././././././././././B/././././././././././././././././././././././.]
[n2lcn0105:428543] MCW rank 86 bound to socket 1[core 88[hwt 0]]: [./././././././././././././././././././././././././././././././././././././././././././././././././././././././././././././././.][././././././././././././././././././././././././B/././././././././././././././././././././././././././././././././././././././.]
[n2lcn0105:428543] MCW rank 86 bound to socket 1[core 88[hwt 0]]: [./././././././././././././././././././././././././././././././././././././././././././././././././././././././././././././././.][././././././././././././././././././././././././B/././././././././././././././././././././././././././././././././././././././.]
[n2lcn0105:428523] MCW rank 66 bound to socket 0[core 8[hwt 0]]: [././././././././B/././././././././././././././././././././././././././././././././././././././././././././././././././././././.][./././././././././././././././././././././././././././././././././././././././././././././././././././././././././././././././.]
[n2lcn0105:428524] MCW rank 67 bound to socket 0[core 12[hwt 0]]: [././././././././././././B/././././././././././././././././././././././././././././././././././././././././././././././././././.][./././././././././././././././././././././././././././././././././././././././././././././././././././././././././././././././.]
[n2lcn0105:428523] MCW rank 66 bound to socket 0[core 8[hwt 0]]: [././././././././B/././././././././././././././././././././././././././././././././././././././././././././././././././././././.][./././././././././././././././././././././././././././././././././././././././././././././././././././././././././././././././.]
[n2lcn0105:428524] MCW rank 67 bound to socket 0[core 12[hwt 0]]: [././././././././././././B/././././././././././././././././././././././././././././././././././././././././././././././././././.][./././././././././././././././././././././././././././././././././././././././././././././././././././././././././././././././.]
[n2lcn0115.ab2021.local:1105406] MCW rank 405 bound to socket 1[core 84[hwt 0]]: [./././././././././././././././././././././././././././././././././././././././././././././././././././././././././././././././.][././././././././././././././././././././B/././././././././././././././././././././././././././././././././././././././././././.]
[n2lcn0115.ab2021.local:1105405] MCW rank 404 bound to socket 1[core 80[hwt 0]]: [./././././././././././././././././././././././././././././././././././././././././././././././././././././././././././././././.][././././././././././././././././B/././././././././././././././././././././././././././././././././././././././././././././././.]
[n2lcn0115.ab2021.local:1105406] MCW rank 405 bound to socket 1[core 84[hwt 0]]: [./././././././././././././././././././././././././././././././././././././././././././././././././././././././././././././././.][././././././././././././././././././././B/././././././././././././././././././././././././././././././././././././././././././.]
[n2lcn0115.ab2021.local:1105405] MCW rank 404 bound to socket 1[core 80[hwt 0]]: [./././././././././././././././././././././././././././././././././././././././././././././././././././././././././././././././.][././././././././././././././././B/././././././././././././././././././././././././././././././././././././././././././././././.]
[n2lcn0115.ab2021.local:1105401] MCW rank 400 bound to socket 1[core 64[hwt 0]]: [./././././././././././././././././././././././././././././././././././././././././././././././././././././././././././././././.][B/././././././././././././././././././././././././././././././././././././././././././././././././././././././././././././././.]
[n2lcn0115.ab2021.local:1105402] MCW rank 401 bound to socket 1[core 68[hwt 0]]: [./././././././././././././././././././././././././././././././././././././././././././././././././././././././././././././././.][././././B/././././././././././././././././././././././././././././././././././././././././././././././././././././././././././.]
[n2lcn0115.ab2021.local:1105401] MCW rank 400 bound to socket 1[core 64[hwt 0]]: [./././././././././././././././././././././././././././././././././././././././././././././././././././././././././././././././.][B/././././././././././././././././././././././././././././././././././././././././././././././././././././././././././././././.]
[n2lcn0115.ab2021.local:1105402] MCW rank 401 bound to socket 1[core 68[hwt 0]]: [./././././././././././././././././././././././././././././././././././././././././././././././././././././././././././././././.][././././B/././././././././././././././././././././././././././././././././././././././././././././././././././././././././././.]
[n2lcn0115.ab2021.local:1105414] MCW rank 413 bound to socket 1[core 116[hwt 0]]: [./././././././././././././././././././././././././././././././././././././././././././././././././././././././././././././././.][././././././././././././././././././././././././././././././././././././././././././././././././././././B/././././././././././.]
[n2lcn0115.ab2021.local:1105413] MCW rank 412 bound to socket 1[core 112[hwt 0]]: [./././././././././././././././././././././././././././././././././././././././././././././././././././././././././././././././.][././././././././././././././././././././././././././././././././././././././././././././././././B/././././././././././././././.]
[n2lcn0115.ab2021.local:1105414] MCW rank 413 bound to socket 1[core 116[hwt 0]]: [./././././././././././././././././././././././././././././././././././././././././././././././././././././././././././././././.][././././././././././././././././././././././././././././././././././././././././././././././././././././B/././././././././././.]
[n2lcn0115.ab2021.local:1105413] MCW rank 412 bound to socket 1[core 112[hwt 0]]: [./././././././././././././././././././././././././././././././././././././././././././././././././././././././././././././././.][././././././././././././././././././././././././././././././././././././././././././././././././B/././././././././././././././.]
[n2lcn0115.ab2021.local:1105391] MCW rank 390 bound to socket 0[core 24[hwt 0]]: [././././././././././././././././././././././././B/././././././././././././././././././././././././././././././././././././././.][./././././././././././././././././././././././././././././././././././././././././././././././././././././././././././././././.]
[n2lcn0115.ab2021.local:1105391] MCW rank 390 bound to socket 0[core 24[hwt 0]]: [././././././././././././././././././././././././B/././././././././././././././././././././././././././././././././././././././.][./././././././././././././././././././././././././././././././././././././././././././././././././././././././././././././././.]
[n2lcn0115.ab2021.local:1105390] MCW rank 389 bound to socket 0[core 20[hwt 0]]: [././././././././././././././././././././B/././././././././././././././././././././././././././././././././././././././././././.][./././././././././././././././././././././././././././././././././././././././././././././././././././././././././././././././.]
[n2lcn0115.ab2021.local:1105390] MCW rank 389 bound to socket 0[core 20[hwt 0]]: [././././././././././././././././././././B/././././././././././././././././././././././././././././././././././././././././././.][./././././././././././././././././././././././././././././././././././././././././././././././././././././././././././././././.]
[n2lcn0115.ab2021.local:1105400] MCW rank 399 bound to socket 0[core 60[hwt 0]]: [././././././././././././././././././././././././././././././././././././././././././././././././././././././././././././B/././.][./././././././././././././././././././././././././././././././././././././././././././././././././././././././././././././././.]
[n2lcn0115.ab2021.local:1105403] MCW rank 402 bound to socket 1[core 72[hwt 0]]: [./././././././././././././././././././././././././././././././././././././././././././././././././././././././././././././././.][././././././././B/././././././././././././././././././././././././././././././././././././././././././././././././././././././.]
[n2lcn0115.ab2021.local:1105400] MCW rank 399 bound to socket 0[core 60[hwt 0]]: [././././././././././././././././././././././././././././././././././././././././././././././././././././././././././././B/././.][./././././././././././././././././././././././././././././././././././././././././././././././././././././././././././././././.]
[n2lcn0115.ab2021.local:1105403] MCW rank 402 bound to socket 1[core 72[hwt 0]]: [./././././././././././././././././././././././././././././././././././././././././././././././././././././././././././././././.][././././././././B/././././././././././././././././././././././././././././././././././././././././././././././././././././././.]
[n2lcn0107:853410] MCW rank 139 bound to socket 0[core 44[hwt 0]]: [././././././././././././././././././././././././././././././././././././././././././././B/././././././././././././././././././.][./././././././././././././././././././././././././././././././././././././././././././././././././././././././././././././././.]
[n2lcn0107:853409] MCW rank 138 bound to socket 0[core 40[hwt 0]]: [././././././././././././././././././././././././././././././././././././././././B/././././././././././././././././././././././.][./././././././././././././././././././././././././././././././././././././././././././././././././././././././././././././././.]
[n2lcn0107:853410] MCW rank 139 bound to socket 0[core 44[hwt 0]]: [././././././././././././././././././././././././././././././././././././././././././././B/././././././././././././././././././.][./././././././././././././././././././././././././././././././././././././././././././././././././././././././././././././././.]
[n2lcn0107:853409] MCW rank 138 bound to socket 0[core 40[hwt 0]]: [././././././././././././././././././././././././././././././././././././././././B/././././././././././././././././././././././.][./././././././././././././././././././././././././././././././././././././././././././././././././././././././././././././././.]
[n2lcn0107:853407] MCW rank 136 bound to socket 0[core 32[hwt 0]]: [././././././././././././././././././././././././././././././././B/././././././././././././././././././././././././././././././.][./././././././././././././././././././././././././././././././././././././././././././././././././././././././././././././././.]
[n2lcn0107:853407] MCW rank 136 bound to socket 0[core 32[hwt 0]]: [././././././././././././././././././././././././././././././././B/././././././././././././././././././././././././././././././.][./././././././././././././././././././././././././././././././././././././././././././././././././././././././././././././././.]
[n2lcn0107:853408] MCW rank 137 bound to socket 0[core 36[hwt 0]]: [././././././././././././././././././././././././././././././././././././B/././././././././././././././././././././././././././.][./././././././././././././././././././././././././././././././././././././././././././././././././././././././././././././././.]
[n2lcn0107:853408] MCW rank 137 bound to socket 0[core 36[hwt 0]]: [././././././././././././././././././././././././././././././././././././B/././././././././././././././././././././././././././.][./././././././././././././././././././././././././././././././././././././././././././././././././././././././././././././././.]
[n2lcn0107:853413] MCW rank 142 bound to socket 0[core 56[hwt 0]]: [././././././././././././././././././././././././././././././././././././././././././././././././././././././././B/././././././.][./././././././././././././././././././././././././././././././././././././././././././././././././././././././././././././././.]
[n2lcn0107:853414] MCW rank 143 bound to socket 0[core 60[hwt 0]]: [././././././././././././././././././././././././././././././././././././././././././././././././././././././././././././B/././.][./././././././././././././././././././././././././././././././././././././././././././././././././././././././././././././././.]
[n2lcn0107:853414] MCW rank 143 bound to socket 0[core 60[hwt 0]]: [././././././././././././././././././././././././././././././././././././././././././././././././././././././././././././B/././.][./././././././././././././././././././././././././././././././././././././././././././././././././././././././././././././././.]
[n2lcn0107:853413] MCW rank 142 bound to socket 0[core 56[hwt 0]]: [././././././././././././././././././././././././././././././././././././././././././././././././././././././././B/././././././.][./././././././././././././././././././././././././././././././././././././././././././././././././././././././././././././././.]
[n2lcn0107:853412] MCW rank 141 bound to socket 0[core 52[hwt 0]]: [././././././././././././././././././././././././././././././././././././././././././././././././././././B/././././././././././.][./././././././././././././././././././././././././././././././././././././././././././././././././././././././././././././././.]
[n2lcn0107:853412] MCW rank 141 bound to socket 0[core 52[hwt 0]]: [././././././././././././././././././././././././././././././././././././././././././././././././././././B/././././././././././.][./././././././././././././././././././././././././././././././././././././././././././././././././././././././././././././././.]
[n2lcn0107:853403] MCW rank 132 bound to socket 0[core 16[hwt 0]]: [././././././././././././././././B/././././././././././././././././././././././././././././././././././././././././././././././.][./././././././././././././././././././././././././././././././././././././././././././././././././././././././././././././././.]
[n2lcn0107:853403] MCW rank 132 bound to socket 0[core 16[hwt 0]]: [././././././././././././././././B/././././././././././././././././././././././././././././././././././././././././././././././.][./././././././././././././././././././././././././././././././././././././././././././././././././././././././././././././././.]
[n2lcn0107:853423] MCW rank 152 bound to socket 1[core 96[hwt 0]]: [./././././././././././././././././././././././././././././././././././././././././././././././././././././././././././././././.][././././././././././././././././././././././././././././././././B/././././././././././././././././././././././././././././././.]
[n2lcn0107:853419] MCW rank 148 bound to socket 1[core 80[hwt 0]]: [./././././././././././././././././././././././././././././././././././././././././././././././././././././././././././././././.][././././././././././././././././B/././././././././././././././././././././././././././././././././././././././././././././././.]
[n2lcn0107:853423] MCW rank 152 bound to socket 1[core 96[hwt 0]]: [./././././././././././././././././././././././././././././././././././././././././././././././././././././././././././././././.][././././././././././././././././././././././././././././././././B/././././././././././././././././././././././././././././././.]
[n2lcn0107:853420] MCW rank 149 bound to socket 1[core 84[hwt 0]]: [./././././././././././././././././././././././././././././././././././././././././././././././././././././././././././././././.][././././././././././././././././././././B/././././././././././././././././././././././././././././././././././././././././././.]
[n2lcn0107:853419] MCW rank 148 bound to socket 1[core 80[hwt 0]]: [./././././././././././././././././././././././././././././././././././././././././././././././././././././././././././././././.][././././././././././././././././B/././././././././././././././././././././././././././././././././././././././././././././././.]
[n2lcn0115.ab2021.local:1105385] MCW rank 384 bound to socket 0[core 0[hwt 0]]: [B/././././././././././././././././././././././././././././././././././././././././././././././././././././././././././././././.][./././././././././././././././././././././././././././././././././././././././././././././././././././././././././././././././.]
[n2lcn0107:853420] MCW rank 149 bound to socket 1[core 84[hwt 0]]: [./././././././././././././././././././././././././././././././././././././././././././././././././././././././././././././././.][././././././././././././././././././././B/././././././././././././././././././././././././././././././././././././././././././.]
[n2lcn0115.ab2021.local:1105385] MCW rank 384 bound to socket 0[core 0[hwt 0]]: [B/././././././././././././././././././././././././././././././././././././././././././././././././././././././././././././././.][./././././././././././././././././././././././././././././././././././././././././././././././././././././././././././././././.]
[n2lcn0115.ab2021.local:1105388] MCW rank 387 bound to socket 0[core 12[hwt 0]]: [././././././././././././B/././././././././././././././././././././././././././././././././././././././././././././././././././.][./././././././././././././././././././././././././././././././././././././././././././././././././././././././././././././././.]
[n2lcn0115.ab2021.local:1105388] MCW rank 387 bound to socket 0[core 12[hwt 0]]: [././././././././././././B/././././././././././././././././././././././././././././././././././././././././././././././././././.][./././././././././././././././././././././././././././././././././././././././././././././././././././././././././././././././.]
[n2lcn0107:853422] MCW rank 151 bound to socket 1[core 92[hwt 0]]: [./././././././././././././././././././././././././././././././././././././././././././././././././././././././././././././././.][././././././././././././././././././././././././././././B/././././././././././././././././././././././././././././././././././.]
[n2lcn0107:853422] MCW rank 151 bound to socket 1[core 92[hwt 0]]: [./././././././././././././././././././././././././././././././././././././././././././././././././././././././././././././././.][././././././././././././././././././././././././././././B/././././././././././././././././././././././././././././././././././.]
[n2lcn0107:853417] MCW rank 146 bound to socket 1[core 72[hwt 0]]: [./././././././././././././././././././././././././././././././././././././././././././././././././././././././././././././././.][././././././././B/././././././././././././././././././././././././././././././././././././././././././././././././././././././.]
[n2lcn0107:853418] MCW rank 147 bound to socket 1[core 76[hwt 0]]: [./././././././././././././././././././././././././././././././././././././././././././././././././././././././././././././././.][././././././././././././B/././././././././././././././././././././././././././././././././././././././././././././././././././.]
[n2lcn0107:853430] MCW rank 159 bound to socket 1[core 124[hwt 0]]: [./././././././././././././././././././././././././././././././././././././././././././././././././././././././././././././././.][././././././././././././././././././././././././././././././././././././././././././././././././././././././././././././B/././.]
[n2lcn0107:853416] MCW rank 145 bound to socket 1[core 68[hwt 0]]: [./././././././././././././././././././././././././././././././././././././././././././././././././././././././././././././././.][././././B/././././././././././././././././././././././././././././././././././././././././././././././././././././././././././.]
[n2lcn0107:853417] MCW rank 146 bound to socket 1[core 72[hwt 0]]: [./././././././././././././././././././././././././././././././././././././././././././././././././././././././././././././././.][././././././././B/././././././././././././././././././././././././././././././././././././././././././././././././././././././.]
[n2lcn0107:853418] MCW rank 147 bound to socket 1[core 76[hwt 0]]: [./././././././././././././././././././././././././././././././././././././././././././././././././././././././././././././././.][././././././././././././B/././././././././././././././././././././././././././././././././././././././././././././././././././.]
[n2lcn0107:853424] MCW rank 153 bound to socket 1[core 100[hwt 0]]: [./././././././././././././././././././././././././././././././././././././././././././././././././././././././././././././././.][././././././././././././././././././././././././././././././././././././B/././././././././././././././././././././././././././.]
[n2lcn0107:853430] MCW rank 159 bound to socket 1[core 124[hwt 0]]: [./././././././././././././././././././././././././././././././././././././././././././././././././././././././././././././././.][././././././././././././././././././././././././././././././././././././././././././././././././././././././././././././B/././.]
[n2lcn0107:853416] MCW rank 145 bound to socket 1[core 68[hwt 0]]: [./././././././././././././././././././././././././././././././././././././././././././././././././././././././././././././././.][././././B/././././././././././././././././././././././././././././././././././././././././././././././././././././././././././.]
[n2lcn0107:853424] MCW rank 153 bound to socket 1[core 100[hwt 0]]: [./././././././././././././././././././././././././././././././././././././././././././././././././././././././././././././././.][././././././././././././././././././././././././././././././././././././B/././././././././././././././././././././././././././.]
[n2lcn0107:853428] MCW rank 157 bound to socket 1[core 116[hwt 0]]: [./././././././././././././././././././././././././././././././././././././././././././././././././././././././././././././././.][././././././././././././././././././././././././././././././././././././././././././././././././././././B/././././././././././.]
[n2lcn0107:853428] MCW rank 157 bound to socket 1[core 116[hwt 0]]: [./././././././././././././././././././././././././././././././././././././././././././././././././././././././././././././././.][././././././././././././././././././././././././././././././././././././././././././././././././././././B/././././././././././.]
[n2lcn0107:853406] MCW rank 135 bound to socket 0[core 28[hwt 0]]: [././././././././././././././././././././././././././././B/././././././././././././././././././././././././././././././././././.][./././././././././././././././././././././././././././././././././././././././././././././././././././././././././././././././.]
[n2lcn0107:853406] MCW rank 135 bound to socket 0[core 28[hwt 0]]: [././././././././././././././././././././././././././././B/././././././././././././././././././././././././././././././././././.][./././././././././././././././././././././././././././././././././././././././././././././././././././././././././././././././.]
[n2lcn0107:853404] MCW rank 133 bound to socket 0[core 20[hwt 0]]: [././././././././././././././././././././B/././././././././././././././././././././././././././././././././././././././././././.][./././././././././././././././././././././././././././././././././././././././././././././././././././././././././././././././.]
[n2lcn0107:853404] MCW rank 133 bound to socket 0[core 20[hwt 0]]: [././././././././././././././././././././B/././././././././././././././././././././././././././././././././././././././././././.][./././././././././././././././././././././././././././././././././././././././././././././././././././././././././././././././.]
[n2lcn0107:853421] MCW rank 150 bound to socket 1[core 88[hwt 0]]: [./././././././././././././././././././././././././././././././././././././././././././././././././././././././././././././././.][././././././././././././././././././././././././B/././././././././././././././././././././././././././././././././././././././.]
[n2lcn0107:853401] MCW rank 130 bound to socket 0[core 8[hwt 0]]: [././././././././B/././././././././././././././././././././././././././././././././././././././././././././././././././././././.][./././././././././././././././././././././././././././././././././././././././././././././././././././././././././././././././.]
[n2lcn0107:853415] MCW rank 144 bound to socket 1[core 64[hwt 0]]: [./././././././././././././././././././././././././././././././././././././././././././././././././././././././././././././././.][B/././././././././././././././././././././././././././././././././././././././././././././././././././././././././././././././.]
[n2lcn0107:853411] MCW rank 140 bound to socket 0[core 48[hwt 0]]: [././././././././././././././././././././././././././././././././././././././././././././././././B/././././././././././././././.][./././././././././././././././././././././././././././././././././././././././././././././././././././././././././././././././.]
[n2lcn0107:853402] MCW rank 131 bound to socket 0[core 12[hwt 0]]: [././././././././././././B/././././././././././././././././././././././././././././././././././././././././././././././././././.][./././././././././././././././././././././././././././././././././././././././././././././././././././././././././././././././.]
[n2lcn0107:853401] MCW rank 130 bound to socket 0[core 8[hwt 0]]: [././././././././B/././././././././././././././././././././././././././././././././././././././././././././././././././././././.][./././././././././././././././././././././././././././././././././././././././././././././././././././././././././././././././.]
[n2lcn0107:853421] MCW rank 150 bound to socket 1[core 88[hwt 0]]: [./././././././././././././././././././././././././././././././././././././././././././././././././././././././././././././././.][././././././././././././././././././././././././B/././././././././././././././././././././././././././././././././././././././.]
[n2lcn0107:853429] MCW rank 158 bound to socket 1[core 120[hwt 0]]: [./././././././././././././././././././././././././././././././././././././././././././././././././././././././././././././././.][././././././././././././././././././././././././././././././././././././././././././././././././././././././././B/././././././.]
[n2lcn0107:853415] MCW rank 144 bound to socket 1[core 64[hwt 0]]: [./././././././././././././././././././././././././././././././././././././././././././././././././././././././././././././././.][B/././././././././././././././././././././././././././././././././././././././././././././././././././././././././././././././.]
[n2lcn0107:853425] MCW rank 154 bound to socket 1[core 104[hwt 0]]: [./././././././././././././././././././././././././././././././././././././././././././././././././././././././././././././././.][././././././././././././././././././././././././././././././././././././././././B/././././././././././././././././././././././.]
[n2lcn0107:853411] MCW rank 140 bound to socket 0[core 48[hwt 0]]: [././././././././././././././././././././././././././././././././././././././././././././././././B/././././././././././././././.][./././././././././././././././././././././././././././././././././././././././././././././././././././././././././././././././.]
[n2lcn0107:853402] MCW rank 131 bound to socket 0[core 12[hwt 0]]: [././././././././././././B/././././././././././././././././././././././././././././././././././././././././././././././././././.][./././././././././././././././././././././././././././././././././././././././././././././././././././././././././././././././.]
[n2lcn0107:853429] MCW rank 158 bound to socket 1[core 120[hwt 0]]: [./././././././././././././././././././././././././././././././././././././././././././././././././././././././././././././././.][././././././././././././././././././././././././././././././././././././././././././././././././././././././././B/././././././.]
[n2lcn0107:853425] MCW rank 154 bound to socket 1[core 104[hwt 0]]: [./././././././././././././././././././././././././././././././././././././././././././././././././././././././././././././././.][././././././././././././././././././././././././././././././././././././././././B/././././././././././././././././././././././.]
[n2lcn0107:853399] MCW rank 128 bound to socket 0[core 0[hwt 0]]: [B/././././././././././././././././././././././././././././././././././././././././././././././././././././././././././././././.][./././././././././././././././././././././././././././././././././././././././././././././././././././././././././././././././.]
[n2lcn0107:853400] MCW rank 129 bound to socket 0[core 4[hwt 0]]: [././././B/././././././././././././././././././././././././././././././././././././././././././././././././././././././././././.][./././././././././././././././././././././././././././././././././././././././././././././././././././././././././././././././.]
[n2lcn0107:853400] MCW rank 129 bound to socket 0[core 4[hwt 0]]: [././././B/././././././././././././././././././././././././././././././././././././././././././././././././././././././././././.][./././././././././././././././././././././././././././././././././././././././././././././././././././././././././././././././.]
[n2lcn0107:853399] MCW rank 128 bound to socket 0[core 0[hwt 0]]: [B/././././././././././././././././././././././././././././././././././././././././././././././././././././././././././././././.][./././././././././././././././././././././././././././././././././././././././././././././././././././././././././././././././.]
[n2lcn0104:1855095] MCW rank 40 bound to socket 0[core 32[hwt 0]]: [././././././././././././././././././././././././././././././././B/././././././././././././././././././././././././././././././.][./././././././././././././././././././././././././././././././././././././././././././././././././././././././././././././././.]
[n2lcn0104:1855096] MCW rank 41 bound to socket 0[core 36[hwt 0]]: [././././././././././././././././././././././././././././././././././././B/././././././././././././././././././././././././././.][./././././././././././././././././././././././././././././././././././././././././././././././././././././././././././././././.]
[n2lcn0104:1855095] MCW rank 40 bound to socket 0[core 32[hwt 0]]: [././././././././././././././././././././././././././././././././B/././././././././././././././././././././././././././././././.][./././././././././././././././././././././././././././././././././././././././././././././././././././././././././././././././.]
[n2lcn0104:1855096] MCW rank 41 bound to socket 0[core 36[hwt 0]]: [././././././././././././././././././././././././././././././././././././B/././././././././././././././././././././././././././.][./././././././././././././././././././././././././././././././././././././././././././././././././././././././././././././././.]
[n2lcn0104:1855113] MCW rank 58 bound to socket 1[core 104[hwt 0]]: [./././././././././././././././././././././././././././././././././././././././././././././././././././././././././././././././.][././././././././././././././././././././././././././././././././././././././././B/././././././././././././././././././././././.]
[n2lcn0104:1855113] MCW rank 58 bound to socket 1[core 104[hwt 0]]: [./././././././././././././././././././././././././././././././././././././././././././././././././././././././././././././././.][././././././././././././././././././././././././././././././././././././././././B/././././././././././././././././././././././.]
[n2lcn0104:1855098] MCW rank 43 bound to socket 0[core 44[hwt 0]]: [././././././././././././././././././././././././././././././././././././././././././././B/././././././././././././././././././.][./././././././././././././././././././././././././././././././././././././././././././././././././././././././././././././././.]
[n2lcn0104:1855098] MCW rank 43 bound to socket 0[core 44[hwt 0]]: [././././././././././././././././././././././././././././././././././././././././././././B/././././././././././././././././././.][./././././././././././././././././././././././././././././././././././././././././././././././././././././././././././././././.]
[n2lcn0104:1855108] MCW rank 53 bound to socket 1[core 84[hwt 0]]: [./././././././././././././././././././././././././././././././././././././././././././././././././././././././././././././././.][././././././././././././././././././././B/././././././././././././././././././././././././././././././././././././././././././.]
[n2lcn0104:1855116] MCW rank 61 bound to socket 1[core 116[hwt 0]]: [./././././././././././././././././././././././././././././././././././././././././././././././././././././././././././././././.][././././././././././././././././././././././././././././././././././././././././././././././././././././B/././././././././././.]
[n2lcn0104:1855116] MCW rank 61 bound to socket 1[core 116[hwt 0]]: [./././././././././././././././././././././././././././././././././././././././././././././././././././././././././././././././.][././././././././././././././././././././././././././././././././././././././././././././././././././././B/././././././././././.]
[n2lcn0104:1855108] MCW rank 53 bound to socket 1[core 84[hwt 0]]: [./././././././././././././././././././././././././././././././././././././././././././././././././././././././././././././././.][././././././././././././././././././././B/././././././././././././././././././././././././././././././././././././././././././.]
[n2lcn0104:1855099] MCW rank 44 bound to socket 0[core 48[hwt 0]]: [././././././././././././././././././././././././././././././././././././././././././././././././B/././././././././././././././.][./././././././././././././././././././././././././././././././././././././././././././././././././././././././././././././././.]
[n2lcn0104:1855089] MCW rank 34 bound to socket 0[core 8[hwt 0]]: [././././././././B/././././././././././././././././././././././././././././././././././././././././././././././././././././././.][./././././././././././././././././././././././././././././././././././././././././././././././././././././././././././././././.]
[n2lcn0104:1855090] MCW rank 35 bound to socket 0[core 12[hwt 0]]: [././././././././././././B/././././././././././././././././././././././././././././././././././././././././././././././././././.][./././././././././././././././././././././././././././././././././././././././././././././././././././././././././././././././.]
[n2lcn0104:1855092] MCW rank 37 bound to socket 0[core 20[hwt 0]]: [././././././././././././././././././././B/././././././././././././././././././././././././././././././././././././././././././.][./././././././././././././././././././././././././././././././././././././././././././././././././././././././././././././././.]
[n2lcn0104:1855102] MCW rank 47 bound to socket 0[core 60[hwt 0]]: [././././././././././././././././././././././././././././././././././././././././././././././././././././././././././././B/././.][./././././././././././././././././././././././././././././././././././././././././././././././././././././././././././././././.]
[n2lcn0104:1855089] MCW rank 34 bound to socket 0[core 8[hwt 0]]: [././././././././B/././././././././././././././././././././././././././././././././././././././././././././././././././././././.][./././././././././././././././././././././././././././././././././././././././././././././././././././././././././././././././.]
[n2lcn0104:1855090] MCW rank 35 bound to socket 0[core 12[hwt 0]]: [././././././././././././B/././././././././././././././././././././././././././././././././././././././././././././././././././.][./././././././././././././././././././././././././././././././././././././././././././././././././././././././././././././././.]
[n2lcn0104:1855099] MCW rank 44 bound to socket 0[core 48[hwt 0]]: [././././././././././././././././././././././././././././././././././././././././././././././././B/././././././././././././././.][./././././././././././././././././././././././././././././././././././././././././././././././././././././././././././././././.]
[n2lcn0104:1855092] MCW rank 37 bound to socket 0[core 20[hwt 0]]: [././././././././././././././././././././B/././././././././././././././././././././././././././././././././././././././././././.][./././././././././././././././././././././././././././././././././././././././././././././././././././././././././././././././.]
[n2lcn0104:1855111] MCW rank 56 bound to socket 1[core 96[hwt 0]]: [./././././././././././././././././././././././././././././././././././././././././././././././././././././././././././././././.][././././././././././././././././././././././././././././././././B/././././././././././././././././././././././././././././././.]
[n2lcn0104:1855102] MCW rank 47 bound to socket 0[core 60[hwt 0]]: [././././././././././././././././././././././././././././././././././././././././././././././././././././././././././././B/././.][./././././././././././././././././././././././././././././././././././././././././././././././././././././././././././././././.]
[n2lcn0104:1855111] MCW rank 56 bound to socket 1[core 96[hwt 0]]: [./././././././././././././././././././././././././././././././././././././././././././././././././././././././././././././././.][././././././././././././././././././././././././././././././././B/././././././././././././././././././././././././././././././.]
[n2lcn0104:1855117] MCW rank 62 bound to socket 1[core 120[hwt 0]]: [./././././././././././././././././././././././././././././././././././././././././././././././././././././././././././././././.][././././././././././././././././././././././././././././././././././././././././././././././././././././././././B/././././././.]
[n2lcn0104:1855117] MCW rank 62 bound to socket 1[core 120[hwt 0]]: [./././././././././././././././././././././././././././././././././././././././././././././././././././././././././././././././.][././././././././././././././././././././././././././././././././././././././././././././././././././././././././B/././././././.]
[n2lcn0129:1786644] MCW rank 753 bound to socket 1[core 68[hwt 0]]: [./././././././././././././././././././././././././././././././././././././././././././././././././././././././././././././././.][././././B/././././././././././././././././././././././././././././././././././././././././././././././././././././././././././.]
[n2lcn0129:1786644] MCW rank 753 bound to socket 1[core 68[hwt 0]]: [./././././././././././././././././././././././././././././././././././././././././././././././././././././././././././././././.][././././B/././././././././././././././././././././././././././././././././././././././././././././././././././././././././././.]
[n2lcn0129:1786638] MCW rank 747 bound to socket 0[core 44[hwt 0]]: [././././././././././././././././././././././././././././././././././././././././././././B/././././././././././././././././././.][./././././././././././././././././././././././././././././././././././././././././././././././././././././././././././././././.]
[n2lcn0129:1786642] MCW rank 751 bound to socket 0[core 60[hwt 0]]: [././././././././././././././././././././././././././././././././././././././././././././././././././././././././././././B/././.][./././././././././././././././././././././././././././././././././././././././././././././././././././././././././././././././.]
[n2lcn0104:1855088] MCW rank 33 bound to socket 0[core 4[hwt 0]]: [././././B/././././././././././././././././././././././././././././././././././././././././././././././././././././././././././.][./././././././././././././././././././././././././././././././././././././././././././././././././././././././././././././././.]
[n2lcn0129:1786642] MCW rank 751 bound to socket 0[core 60[hwt 0]]: [././././././././././././././././././././././././././././././././././././././././././././././././././././././././././././B/././.][./././././././././././././././././././././././././././././././././././././././././././././././././././././././././././././././.]
[n2lcn0129:1786638] MCW rank 747 bound to socket 0[core 44[hwt 0]]: [././././././././././././././././././././././././././././././././././././././././././././B/././././././././././././././././././.][./././././././././././././././././././././././././././././././././././././././././././././././././././././././././././././././.]
[n2lcn0104:1855088] MCW rank 33 bound to socket 0[core 4[hwt 0]]: [././././B/././././././././././././././././././././././././././././././././././././././././././././././././././././././././././.][./././././././././././././././././././././././././././././././././././././././././././././././././././././././././././././././.]
[n2lcn0129:1786640] MCW rank 749 bound to socket 0[core 52[hwt 0]]: [././././././././././././././././././././././././././././././././././././././././././././././././././././B/././././././././././.][./././././././././././././././././././././././././././././././././././././././././././././././././././././././././././././././.]
[n2lcn0129:1786640] MCW rank 749 bound to socket 0[core 52[hwt 0]]: [././././././././././././././././././././././././././././././././././././././././././././././././././././B/././././././././././.][./././././././././././././././././././././././././././././././././././././././././././././././././././././././././././././././.]
[n2lcn0129:1786650] MCW rank 759 bound to socket 1[core 92[hwt 0]]: [./././././././././././././././././././././././././././././././././././././././././././././././././././././././././././././././.][././././././././././././././././././././././././././././B/././././././././././././././././././././././././././././././././././.]
[n2lcn0129:1786652] MCW rank 761 bound to socket 1[core 100[hwt 0]]: [./././././././././././././././././././././././././././././././././././././././././././././././././././././././././././././././.][././././././././././././././././././././././././././././././././././././B/././././././././././././././././././././././././././.]
[n2lcn0129:1786652] MCW rank 761 bound to socket 1[core 100[hwt 0]]: [./././././././././././././././././././././././././././././././././././././././././././././././././././././././././././././././.][././././././././././././././././././././././././././././././././././././B/././././././././././././././././././././././././././.]
[n2lcn0129:1786650] MCW rank 759 bound to socket 1[core 92[hwt 0]]: [./././././././././././././././././././././././././././././././././././././././././././././././././././././././././././././././.][././././././././././././././././././././././././././././B/././././././././././././././././././././././././././././././././././.]
[n2lcn0129:1786634] MCW rank 743 bound to socket 0[core 28[hwt 0]]: [././././././././././././././././././././././././././././B/././././././././././././././././././././././././././././././././././.][./././././././././././././././././././././././././././././././././././././././././././././././././././././././././././././././.]
[n2lcn0129:1786648] MCW rank 757 bound to socket 1[core 84[hwt 0]]: [./././././././././././././././././././././././././././././././././././././././././././././././././././././././././././././././.][././././././././././././././././././././B/././././././././././././././././././././././././././././././././././././././././././.]
[n2lcn0129:1786634] MCW rank 743 bound to socket 0[core 28[hwt 0]]: [././././././././././././././././././././././././././././B/././././././././././././././././././././././././././././././././././.][./././././././././././././././././././././././././././././././././././././././././././././././././././././././././././././././.]
[n2lcn0129:1786648] MCW rank 757 bound to socket 1[core 84[hwt 0]]: [./././././././././././././././././././././././././././././././././././././././././././././././././././././././././././././././.][././././././././././././././././././././B/././././././././././././././././././././././././././././././././././././././././././.]
[n2lcn0129:1786658] MCW rank 767 bound to socket 1[core 124[hwt 0]]: [./././././././././././././././././././././././././././././././././././././././././././././././././././././././././././././././.][././././././././././././././././././././././././././././././././././././././././././././././././././././././././././././B/././.]
[n2lcn0129:1786658] MCW rank 767 bound to socket 1[core 124[hwt 0]]: [./././././././././././././././././././././././././././././././././././././././././././././././././././././././././././././././.][././././././././././././././././././././././././././././././././././././././././././././././././././././././././././././B/././.]
[n2lcn0129:1786629] MCW rank 738 bound to socket 0[core 8[hwt 0]]: [././././././././B/././././././././././././././././././././././././././././././././././././././././././././././././././././././.][./././././././././././././././././././././././././././././././././././././././././././././././././././././././././././././././.]
[n2lcn0129:1786629] MCW rank 738 bound to socket 0[core 8[hwt 0]]: [././././././././B/././././././././././././././././././././././././././././././././././././././././././././././././././././././.][./././././././././././././././././././././././././././././././././././././././././././././././././././././././././././././././.]
[n2lcn0115.ab2021.local:1105396] MCW rank 395 bound to socket 0[core 44[hwt 0]]: [././././././././././././././././././././././././././././././././././././././././././././B/././././././././././././././././././.][./././././././././././././././././././././././././././././././././././././././././././././././././././././././././././././././.]
[n2lcn0115.ab2021.local:1105396] MCW rank 395 bound to socket 0[core 44[hwt 0]]: [././././././././././././././././././././././././././././././././././././././././././././B/././././././././././././././././././.][./././././././././././././././././././././././././././././././././././././././././././././././././././././././././././././././.]
[n2lcn0115.ab2021.local:1105407] MCW rank 406 bound to socket 1[core 88[hwt 0]]: [./././././././././././././././././././././././././././././././././././././././././././././././././././././././././././././././.][././././././././././././././././././././././././B/././././././././././././././././././././././././././././././././././././././.]
[n2lcn0115.ab2021.local:1105412] MCW rank 411 bound to socket 1[core 108[hwt 0]]: [./././././././././././././././././././././././././././././././././././././././././././././././././././././././././././././././.][././././././././././././././././././././././././././././././././././././././././././././B/././././././././././././././././././.]
[n2lcn0115.ab2021.local:1105407] MCW rank 406 bound to socket 1[core 88[hwt 0]]: [./././././././././././././././././././././././././././././././././././././././././././././././././././././././././././././././.][././././././././././././././././././././././././B/././././././././././././././././././././././././././././././././././././././.]
[n2lcn0115.ab2021.local:1105412] MCW rank 411 bound to socket 1[core 108[hwt 0]]: [./././././././././././././././././././././././././././././././././././././././././././././././././././././././././././././././.][././././././././././././././././././././././././././././././././././././././././././././B/././././././././././././././././././.]
[n2lcn0115.ab2021.local:1105415] MCW rank 414 bound to socket 1[core 120[hwt 0]]: [./././././././././././././././././././././././././././././././././././././././././././././././././././././././././././././././.][././././././././././././././././././././././././././././././././././././././././././././././././././././././././B/././././././.]
[n2lcn0115.ab2021.local:1105416] MCW rank 415 bound to socket 1[core 124[hwt 0]]: [./././././././././././././././././././././././././././././././././././././././././././././././././././././././././././././././.][././././././././././././././././././././././././././././././././././././././././././././././././././././././././././././B/././.]
[n2lcn0115.ab2021.local:1105395] MCW rank 394 bound to socket 0[core 40[hwt 0]]: [././././././././././././././././././././././././././././././././././././././././B/././././././././././././././././././././././.][./././././././././././././././././././././././././././././././././././././././././././././././././././././././././././././././.]
[n2lcn0115.ab2021.local:1105415] MCW rank 414 bound to socket 1[core 120[hwt 0]]: [./././././././././././././././././././././././././././././././././././././././././././././././././././././././././././././././.][././././././././././././././././././././././././././././././././././././././././././././././././././././././././B/././././././.]
[n2lcn0129:1786632] MCW rank 741 bound to socket 0[core 20[hwt 0]]: [././././././././././././././././././././B/././././././././././././././././././././././././././././././././././././././././././.][./././././././././././././././././././././././././././././././././././././././././././././././././././././././././././././././.]
[n2lcn0115.ab2021.local:1105416] MCW rank 415 bound to socket 1[core 124[hwt 0]]: [./././././././././././././././././././././././././././././././././././././././././././././././././././././././././././././././.][././././././././././././././././././././././././././././././././././././././././././././././././././././././././././././B/././.]
[n2lcn0115.ab2021.local:1105395] MCW rank 394 bound to socket 0[core 40[hwt 0]]: [././././././././././././././././././././././././././././././././././././././././B/././././././././././././././././././././././.][./././././././././././././././././././././././././././././././././././././././././././././././././././././././././././././././.]
[n2lcn0129:1786636] MCW rank 745 bound to socket 0[core 36[hwt 0]]: [././././././././././././././././././././././././././././././././././././B/././././././././././././././././././././././././././.][./././././././././././././././././././././././././././././././././././././././././././././././././././././././././././././././.]
[n2lcn0129:1786632] MCW rank 741 bound to socket 0[core 20[hwt 0]]: [././././././././././././././././././././B/././././././././././././././././././././././././././././././././././././././././././.][./././././././././././././././././././././././././././././././././././././././././././././././././././././././././././././././.]
[n2lcn0129:1786635] MCW rank 744 bound to socket 0[core 32[hwt 0]]: [././././././././././././././././././././././././././././././././B/././././././././././././././././././././././././././././././.][./././././././././././././././././././././././././././././././././././././././././././././././././././././././././././././././.]
[n2lcn0129:1786631] MCW rank 740 bound to socket 0[core 16[hwt 0]]: [././././././././././././././././B/././././././././././././././././././././././././././././././././././././././././././././././.][./././././././././././././././././././././././././././././././././././././././././././././././././././././././././././././././.]
[n2lcn0129:1786636] MCW rank 745 bound to socket 0[core 36[hwt 0]]: [././././././././././././././././././././././././././././././././././././B/././././././././././././././././././././././././././.][./././././././././././././././././././././././././././././././././././././././././././././././././././././././././././././././.]
[n2lcn0115.ab2021.local:1105404] MCW rank 403 bound to socket 1[core 76[hwt 0]]: [./././././././././././././././././././././././././././././././././././././././././././././././././././././././././././././././.][././././././././././././B/././././././././././././././././././././././././././././././././././././././././././././././././././.]
[n2lcn0129:1786631] MCW rank 740 bound to socket 0[core 16[hwt 0]]: [././././././././././././././././B/././././././././././././././././././././././././././././././././././././././././././././././.][./././././././././././././././././././././././././././././././././././././././././././././././././././././././././././././././.]
[n2lcn0115.ab2021.local:1105408] MCW rank 407 bound to socket 1[core 92[hwt 0]]: [./././././././././././././././././././././././././././././././././././././././././././././././././././././././././././././././.][././././././././././././././././././././././././././././B/././././././././././././././././././././././././././././././././././.]
[n2lcn0129:1786635] MCW rank 744 bound to socket 0[core 32[hwt 0]]: [././././././././././././././././././././././././././././././././B/././././././././././././././././././././././././././././././.][./././././././././././././././././././././././././././././././././././././././././././././././././././././././././././././././.]
[n2lcn0115.ab2021.local:1105404] MCW rank 403 bound to socket 1[core 76[hwt 0]]: [./././././././././././././././././././././././././././././././././././././././././././././././././././././././././././././././.][././././././././././././B/././././././././././././././././././././././././././././././././././././././././././././././././././.]
[n2lcn0115.ab2021.local:1105408] MCW rank 407 bound to socket 1[core 92[hwt 0]]: [./././././././././././././././././././././././././././././././././././././././././././././././././././././././././././././././.][././././././././././././././././././././././././././././B/././././././././././././././././././././././././././././././././././.]
[n2lcn0115.ab2021.local:1105411] MCW rank 410 bound to socket 1[core 104[hwt 0]]: [./././././././././././././././././././././././././././././././././././././././././././././././././././././././././././././././.][././././././././././././././././././././././././././././././././././././././././B/././././././././././././././././././././././.]
[n2lcn0115.ab2021.local:1105392] MCW rank 391 bound to socket 0[core 28[hwt 0]]: [././././././././././././././././././././././././././././B/././././././././././././././././././././././././././././././././././.][./././././././././././././././././././././././././././././././././././././././././././././././././././././././././././././././.]
[n2lcn0115.ab2021.local:1105394] MCW rank 393 bound to socket 0[core 36[hwt 0]]: [././././././././././././././././././././././././././././././././././././B/././././././././././././././././././././././././././.][./././././././././././././././././././././././././././././././././././././././././././././././././././././././././././././././.]
[n2lcn0115.ab2021.local:1105410] MCW rank 409 bound to socket 1[core 100[hwt 0]]: [./././././././././././././././././././././././././././././././././././././././././././././././././././././././././././././././.][././././././././././././././././././././././././././././././././././././B/././././././././././././././././././././././././././.]
[n2lcn0115.ab2021.local:1105399] MCW rank 398 bound to socket 0[core 56[hwt 0]]: [././././././././././././././././././././././././././././././././././././././././././././././././././././././././B/././././././.][./././././././././././././././././././././././././././././././././././././././././././././././././././././././././././././././.]
[n2lcn0115.ab2021.local:1105389] MCW rank 388 bound to socket 0[core 16[hwt 0]]: [././././././././././././././././B/././././././././././././././././././././././././././././././././././././././././././././././.][./././././././././././././././././././././././././././././././././././././././././././././././././././././././././././././././.]
[n2lcn0115.ab2021.local:1105411] MCW rank 410 bound to socket 1[core 104[hwt 0]]: [./././././././././././././././././././././././././././././././././././././././././././././././././././././././././././././././.][././././././././././././././././././././././././././././././././././././././././B/././././././././././././././././././././././.]
[n2lcn0129:1786637] MCW rank 746 bound to socket 0[core 40[hwt 0]]: [././././././././././././././././././././././././././././././././././././././././B/././././././././././././././././././././././.][./././././././././././././././././././././././././././././././././././././././././././././././././././././././././././././././.]
[n2lcn0115.ab2021.local:1105392] MCW rank 391 bound to socket 0[core 28[hwt 0]]: [././././././././././././././././././././././././././././B/././././././././././././././././././././././././././././././././././.][./././././././././././././././././././././././././././././././././././././././././././././././././././././././././././././././.]
[n2lcn0115.ab2021.local:1105394] MCW rank 393 bound to socket 0[core 36[hwt 0]]: [././././././././././././././././././././././././././././././././././././B/././././././././././././././././././././././././././.][./././././././././././././././././././././././././././././././././././././././././././././././././././././././././././././././.]
[n2lcn0115.ab2021.local:1105399] MCW rank 398 bound to socket 0[core 56[hwt 0]]: [././././././././././././././././././././././././././././././././././././././././././././././././././././././././B/././././././.][./././././././././././././././././././././././././././././././././././././././././././././././././././././././././././././././.]
[n2lcn0115.ab2021.local:1105410] MCW rank 409 bound to socket 1[core 100[hwt 0]]: [./././././././././././././././././././././././././././././././././././././././././././././././././././././././././././././././.][././././././././././././././././././././././././././././././././././././B/././././././././././././././././././././././././././.]
[n2lcn0115.ab2021.local:1105389] MCW rank 388 bound to socket 0[core 16[hwt 0]]: [././././././././././././././././B/././././././././././././././././././././././././././././././././././././././././././././././.][./././././././././././././././././././././././././././././././././././././././././././././././././././././././././././././././.]
[n2lcn0115.ab2021.local:1105386] MCW rank 385 bound to socket 0[core 4[hwt 0]]: [././././B/././././././././././././././././././././././././././././././././././././././././././././././././././././././././././.][./././././././././././././././././././././././././././././././././././././././././././././././././././././././././././././././.]
[n2lcn0115.ab2021.local:1105387] MCW rank 386 bound to socket 0[core 8[hwt 0]]: [././././././././B/././././././././././././././././././././././././././././././././././././././././././././././././././././././.][./././././././././././././././././././././././././././././././././././././././././././././././././././././././././././././././.]
[n2lcn0129:1786637] MCW rank 746 bound to socket 0[core 40[hwt 0]]: [././././././././././././././././././././././././././././././././././././././././B/././././././././././././././././././././././.][./././././././././././././././././././././././././././././././././././././././././././././././././././././././././././././././.]
[n2lcn0129:1786654] MCW rank 763 bound to socket 1[core 108[hwt 0]]: [./././././././././././././././././././././././././././././././././././././././././././././././././././././././././././././././.][././././././././././././././././././././././././././././././././././././././././././././B/././././././././././././././././././.]
[n2lcn0129:1786639] MCW rank 748 bound to socket 0[core 48[hwt 0]]: [././././././././././././././././././././././././././././././././././././././././././././././././B/././././././././././././././.][./././././././././././././././././././././././././././././././././././././././././././././././././././././././././././././././.]
[n2lcn0129:1786653] MCW rank 762 bound to socket 1[core 104[hwt 0]]: [./././././././././././././././././././././././././././././././././././././././././././././././././././././././././././././././.][././././././././././././././././././././././././././././././././././././././././B/././././././././././././././././././././././.]
[n2lcn0129:1786654] MCW rank 763 bound to socket 1[core 108[hwt 0]]: [./././././././././././././././././././././././././././././././././././././././././././././././././././././././././././././././.][././././././././././././././././././././././././././././././././././././././././././././B/././././././././././././././././././.]
[n2lcn0115.ab2021.local:1105386] MCW rank 385 bound to socket 0[core 4[hwt 0]]: [././././B/././././././././././././././././././././././././././././././././././././././././././././././././././././././././././.][./././././././././././././././././././././././././././././././././././././././././././././././././././././././././././././././.]
[n2lcn0129:1786633] MCW rank 742 bound to socket 0[core 24[hwt 0]]: [././././././././././././././././././././././././B/././././././././././././././././././././././././././././././././././././././.][./././././././././././././././././././././././././././././././././././././././././././././././././././././././././././././././.]
[n2lcn0115.ab2021.local:1105387] MCW rank 386 bound to socket 0[core 8[hwt 0]]: [././././././././B/././././././././././././././././././././././././././././././././././././././././././././././././././././././.][./././././././././././././././././././././././././././././././././././././././././././././././././././././././././././././././.]
[n2lcn0115.ab2021.local:1105409] MCW rank 408 bound to socket 1[core 96[hwt 0]]: [./././././././././././././././././././././././././././././././././././././././././././././././././././././././././././././././.][././././././././././././././././././././././././././././././././B/././././././././././././././././././././././././././././././.]
[n2lcn0129:1786639] MCW rank 748 bound to socket 0[core 48[hwt 0]]: [././././././././././././././././././././././././././././././././././././././././././././././././B/././././././././././././././.][./././././././././././././././././././././././././././././././././././././././././././././././././././././././././././././././.]
[n2lcn0129:1786653] MCW rank 762 bound to socket 1[core 104[hwt 0]]: [./././././././././././././././././././././././././././././././././././././././././././././././././././././././././././././././.][././././././././././././././././././././././././././././././././././././././././B/././././././././././././././././././././././.]
[n2lcn0129:1786641] MCW rank 750 bound to socket 0[core 56[hwt 0]]: [././././././././././././././././././././././././././././././././././././././././././././././././././././././././B/././././././.][./././././././././././././././././././././././././././././././././././././././././././././././././././././././././././././././.]
[n2lcn0129:1786633] MCW rank 742 bound to socket 0[core 24[hwt 0]]: [././././././././././././././././././././././././B/././././././././././././././././././././././././././././././././././././././.][./././././././././././././././././././././././././././././././././././././././././././././././././././././././././././././././.]
[n2lcn0115.ab2021.local:1105409] MCW rank 408 bound to socket 1[core 96[hwt 0]]: [./././././././././././././././././././././././././././././././././././././././././././././././././././././././././././././././.][././././././././././././././././././././././././././././././././B/././././././././././././././././././././././././././././././.]
[n2lcn0129:1786656] MCW rank 765 bound to socket 1[core 116[hwt 0]]: [./././././././././././././././././././././././././././././././././././././././././././././././././././././././././././././././.][././././././././././././././././././././././././././././././././././././././././././././././././././././B/././././././././././.]
[n2lcn0129:1786641] MCW rank 750 bound to socket 0[core 56[hwt 0]]: [././././././././././././././././././././././././././././././././././././././././././././././././././././././././B/././././././.][./././././././././././././././././././././././././././././././././././././././././././././././././././././././././././././././.]
[n2lcn0129:1786656] MCW rank 765 bound to socket 1[core 116[hwt 0]]: [./././././././././././././././././././././././././././././././././././././././././././././././././././././././././././././././.][././././././././././././././././././././././././././././././././././././././././././././././././././././B/././././././././././.]
[n2lcn0129:1786645] MCW rank 754 bound to socket 1[core 72[hwt 0]]: [./././././././././././././././././././././././././././././././././././././././././././././././././././././././././././././././.][././././././././B/././././././././././././././././././././././././././././././././././././././././././././././././././././././.]
[n2lcn0129:1786655] MCW rank 764 bound to socket 1[core 112[hwt 0]]: [./././././././././././././././././././././././././././././././././././././././././././././././././././././././././././././././.][././././././././././././././././././././././././././././././././././././././././././././././././B/././././././././././././././.]
[n2lcn0129:1786646] MCW rank 755 bound to socket 1[core 76[hwt 0]]: [./././././././././././././././././././././././././././././././././././././././././././././././././././././././././././././././.][././././././././././././B/././././././././././././././././././././././././././././././././././././././././././././././././././.]
[n2lcn0129:1786655] MCW rank 764 bound to socket 1[core 112[hwt 0]]: [./././././././././././././././././././././././././././././././././././././././././././././././././././././././././././././././.][././././././././././././././././././././././././././././././././././././././././././././././././B/././././././././././././././.]
[n2lcn0129:1786645] MCW rank 754 bound to socket 1[core 72[hwt 0]]: [./././././././././././././././././././././././././././././././././././././././././././././././././././././././././././././././.][././././././././B/././././././././././././././././././././././././././././././././././././././././././././././././././././././.]
[n2lcn0129:1786646] MCW rank 755 bound to socket 1[core 76[hwt 0]]: [./././././././././././././././././././././././././././././././././././././././././././././././././././././././././././././././.][././././././././././././B/././././././././././././././././././././././././././././././././././././././././././././././././././.]
[n2lcn0129:1786647] MCW rank 756 bound to socket 1[core 80[hwt 0]]: [./././././././././././././././././././././././././././././././././././././././././././././././././././././././././././././././.][././././././././././././././././B/././././././././././././././././././././././././././././././././././././././././././././././.]
[n2lcn0129:1786651] MCW rank 760 bound to socket 1[core 96[hwt 0]]: [./././././././././././././././././././././././././././././././././././././././././././././././././././././././././././././././.][././././././././././././././././././././././././././././././././B/././././././././././././././././././././././././././././././.]
[n2lcn0129:1786649] MCW rank 758 bound to socket 1[core 88[hwt 0]]: [./././././././././././././././././././././././././././././././././././././././././././././././././././././././././././././././.][././././././././././././././././././././././././B/././././././././././././././././././././././././././././././././././././././.]
[n2lcn0129:1786643] MCW rank 752 bound to socket 1[core 64[hwt 0]]: [./././././././././././././././././././././././././././././././././././././././././././././././././././././././././././././././.][B/././././././././././././././././././././././././././././././././././././././././././././././././././././././././././././././.]
[n2lcn0129:1786651] MCW rank 760 bound to socket 1[core 96[hwt 0]]: [./././././././././././././././././././././././././././././././././././././././././././././././././././././././././././././././.][././././././././././././././././././././././././././././././././B/././././././././././././././././././././././././././././././.]
[n2lcn0129:1786647] MCW rank 756 bound to socket 1[core 80[hwt 0]]: [./././././././././././././././././././././././././././././././././././././././././././././././././././././././././././././././.][././././././././././././././././B/././././././././././././././././././././././././././././././././././././././././././././././.]
[n2lcn0129:1786649] MCW rank 758 bound to socket 1[core 88[hwt 0]]: [./././././././././././././././././././././././././././././././././././././././././././././././././././././././././././././././.][././././././././././././././././././././././././B/././././././././././././././././././././././././././././././././././././././.]
[n2lcn0129:1786643] MCW rank 752 bound to socket 1[core 64[hwt 0]]: [./././././././././././././././././././././././././././././././././././././././././././././././././././././././././././././././.][B/././././././././././././././././././././././././././././././././././././././././././././././././././././././././././././././.]
[n2lcn0129:1786630] MCW rank 739 bound to socket 0[core 12[hwt 0]]: [././././././././././././B/././././././././././././././././././././././././././././././././././././././././././././././././././.][./././././././././././././././././././././././././././././././././././././././././././././././././././././././././././././././.]
[n2lcn0129:1786630] MCW rank 739 bound to socket 0[core 12[hwt 0]]: [././././././././././././B/././././././././././././././././././././././././././././././././././././././././././././././././././.][./././././././././././././././././././././././././././././././././././././././././././././././././././././././././././././././.]
[n2lcn0104:1855105] MCW rank 50 bound to socket 1[core 72[hwt 0]]: [./././././././././././././././././././././././././././././././././././././././././././././././././././././././././././././././.][././././././././B/././././././././././././././././././././././././././././././././././././././././././././././././././././././.]
[n2lcn0104:1855106] MCW rank 51 bound to socket 1[core 76[hwt 0]]: [./././././././././././././././././././././././././././././././././././././././././././././././././././././././././././././././.][././././././././././././B/././././././././././././././././././././././././././././././././././././././././././././././././././.]
[n2lcn0104:1855105] MCW rank 50 bound to socket 1[core 72[hwt 0]]: [./././././././././././././././././././././././././././././././././././././././././././././././././././././././././././././././.][././././././././B/././././././././././././././././././././././././././././././././././././././././././././././././././././././.]
[n2lcn0104:1855106] MCW rank 51 bound to socket 1[core 76[hwt 0]]: [./././././././././././././././././././././././././././././././././././././././././././././././././././././././././././././././.][././././././././././././B/././././././././././././././././././././././././././././././././././././././././././././././././././.]
[n2lcn0104:1855109] MCW rank 54 bound to socket 1[core 88[hwt 0]]: [./././././././././././././././././././././././././././././././././././././././././././././././././././././././././././././././.][././././././././././././././././././././././././B/././././././././././././././././././././././././././././././././././././././.]
[n2lcn0104:1855097] MCW rank 42 bound to socket 0[core 40[hwt 0]]: [././././././././././././././././././././././././././././././././././././././././B/././././././././././././././././././././././.][./././././././././././././././././././././././././././././././././././././././././././././././././././././././././././././././.]
[n2lcn0104:1855109] MCW rank 54 bound to socket 1[core 88[hwt 0]]: [./././././././././././././././././././././././././././././././././././././././././././././././././././././././././././././././.][././././././././././././././././././././././././B/././././././././././././././././././././././././././././././././././././././.]
[n2lcn0104:1855097] MCW rank 42 bound to socket 0[core 40[hwt 0]]: [././././././././././././././././././././././././././././././././././././././././B/././././././././././././././././././././././.][./././././././././././././././././././././././././././././././././././././././././././././././././././././././././././././././.]
[n2lcn0104:1855093] MCW rank 38 bound to socket 0[core 24[hwt 0]]: [././././././././././././././././././././././././B/././././././././././././././././././././././././././././././././././././././.][./././././././././././././././././././././././././././././././././././././././././././././././././././././././././././././././.]
[n2lcn0104:1855094] MCW rank 39 bound to socket 0[core 28[hwt 0]]: [././././././././././././././././././././././././././././B/././././././././././././././././././././././././././././././././././.][./././././././././././././././././././././././././././././././././././././././././././././././././././././././././././././././.]
[n2lcn0104:1855100] MCW rank 45 bound to socket 0[core 52[hwt 0]]: [././././././././././././././././././././././././././././././././././././././././././././././././././././B/././././././././././.][./././././././././././././././././././././././././././././././././././././././././././././././././././././././././././././././.]
[n2lcn0104:1855093] MCW rank 38 bound to socket 0[core 24[hwt 0]]: [././././././././././././././././././././././././B/././././././././././././././././././././././././././././././././././././././.][./././././././././././././././././././././././././././././././././././././././././././././././././././././././././././././././.]
[n2lcn0104:1855094] MCW rank 39 bound to socket 0[core 28[hwt 0]]: [././././././././././././././././././././././././././././B/././././././././././././././././././././././././././././././././././.][./././././././././././././././././././././././././././././././././././././././././././././././././././././././././././././././.]
[n2lcn0104:1855100] MCW rank 45 bound to socket 0[core 52[hwt 0]]: [././././././././././././././././././././././././././././././././././././././././././././././././././././B/././././././././././.][./././././././././././././././././././././././././././././././././././././././././././././././././././././././././././././././.]
[n2lcn0104:1855091] MCW rank 36 bound to socket 0[core 16[hwt 0]]: [././././././././././././././././B/././././././././././././././././././././././././././././././././././././././././././././././.][./././././././././././././././././././././././././././././././././././././././././././././././././././././././././././././././.]
[n2lcn0104:1855118] MCW rank 63 bound to socket 1[core 124[hwt 0]]: [./././././././././././././././././././././././././././././././././././././././././././././././././././././././././././././././.][././././././././././././././././././././././././././././././././././././././././././././././././././././././././././././B/././.]
[n2lcn0104:1855091] MCW rank 36 bound to socket 0[core 16[hwt 0]]: [././././././././././././././././B/././././././././././././././././././././././././././././././././././././././././././././././.][./././././././././././././././././././././././././././././././././././././././././././././././././././././././././././././././.]
[n2lcn0104:1855118] MCW rank 63 bound to socket 1[core 124[hwt 0]]: [./././././././././././././././././././././././././././././././././././././././././././././././././././././././././././././././.][././././././././././././././././././././././././././././././././././././././././././././././././././././././././././././B/././.]
[n2lcn0104:1855103] MCW rank 48 bound to socket 1[core 64[hwt 0]]: [./././././././././././././././././././././././././././././././././././././././././././././././././././././././././././././././.][B/././././././././././././././././././././././././././././././././././././././././././././././././././././././././././././././.]
[n2lcn0104:1855103] MCW rank 48 bound to socket 1[core 64[hwt 0]]: [./././././././././././././././././././././././././././././././././././././././././././././././././././././././././././././././.][B/././././././././././././././././././././././././././././././././././././././././././././././././././././././././././././././.]
[n2lcn0104:1855104] MCW rank 49 bound to socket 1[core 68[hwt 0]]: [./././././././././././././././././././././././././././././././././././././././././././././././././././././././././././././././.][././././B/././././././././././././././././././././././././././././././././././././././././././././././././././././././././././.]
[n2lcn0104:1855104] MCW rank 49 bound to socket 1[core 68[hwt 0]]: [./././././././././././././././././././././././././././././././././././././././././././././././././././././././././././././././.][././././B/././././././././././././././././././././././././././././././././././././././././././././././././././././././././././.]
[n2lcn0104:1855114] MCW rank 59 bound to socket 1[core 108[hwt 0]]: [./././././././././././././././././././././././././././././././././././././././././././././././././././././././././././././././.][././././././././././././././././././././././././././././././././././././././././././././B/././././././././././././././././././.]
[n2lcn0104:1855115] MCW rank 60 bound to socket 1[core 112[hwt 0]]: [./././././././././././././././././././././././././././././././././././././././././././././././././././././././././././././././.][././././././././././././././././././././././././././././././././././././././././././././././././B/././././././././././././././.]
[n2lcn0104:1855101] MCW rank 46 bound to socket 0[core 56[hwt 0]]: [././././././././././././././././././././././././././././././././././././././././././././././././././././././././B/././././././.][./././././././././././././././././././././././././././././././././././././././././././././././././././././././././././././././.]
[n2lcn0104:1855107] MCW rank 52 bound to socket 1[core 80[hwt 0]]: [./././././././././././././././././././././././././././././././././././././././././././././././././././././././././././././././.][././././././././././././././././B/././././././././././././././././././././././././././././././././././././././././././././././.]
[n2lcn0104:1855112] MCW rank 57 bound to socket 1[core 100[hwt 0]]: [./././././././././././././././././././././././././././././././././././././././././././././././././././././././././././././././.][././././././././././././././././././././././././././././././././././././B/././././././././././././././././././././././././././.]
[n2lcn0104:1855114] MCW rank 59 bound to socket 1[core 108[hwt 0]]: [./././././././././././././././././././././././././././././././././././././././././././././././././././././././././././././././.][././././././././././././././././././././././././././././././././././././././././././././B/././././././././././././././././././.]
[n2lcn0104:1855115] MCW rank 60 bound to socket 1[core 112[hwt 0]]: [./././././././././././././././././././././././././././././././././././././././././././././././././././././././././././././././.][././././././././././././././././././././././././././././././././././././././././././././././././B/././././././././././././././.]
[n2lcn0104:1855087] MCW rank 32 bound to socket 0[core 0[hwt 0]]: [B/././././././././././././././././././././././././././././././././././././././././././././././././././././././././././././././.][./././././././././././././././././././././././././././././././././././././././././././././././././././././././././././././././.]
[n2lcn0104:1855101] MCW rank 46 bound to socket 0[core 56[hwt 0]]: [././././././././././././././././././././././././././././././././././././././././././././././././././././././././B/././././././.][./././././././././././././././././././././././././././././././././././././././././././././././././././././././././././././././.]
[n2lcn0129:1786628] MCW rank 737 bound to socket 0[core 4[hwt 0]]: [././././B/././././././././././././././././././././././././././././././././././././././././././././././././././././././././././.][./././././././././././././././././././././././././././././././././././././././././././././././././././././././././././././././.]
[n2lcn0104:1855107] MCW rank 52 bound to socket 1[core 80[hwt 0]]: [./././././././././././././././././././././././././././././././././././././././././././././././././././././././././././././././.][././././././././././././././././B/././././././././././././././././././././././././././././././././././././././././././././././.]
[n2lcn0129:1786627] MCW rank 736 bound to socket 0[core 0[hwt 0]]: [B/././././././././././././././././././././././././././././././././././././././././././././././././././././././././././././././.][./././././././././././././././././././././././././././././././././././././././././././././././././././././././././././././././.]
[n2lcn0104:1855112] MCW rank 57 bound to socket 1[core 100[hwt 0]]: [./././././././././././././././././././././././././././././././././././././././././././././././././././././././././././././././.][././././././././././././././././././././././././././././././././././././B/././././././././././././././././././././././././././.]
[n2lcn0104:1855087] MCW rank 32 bound to socket 0[core 0[hwt 0]]: [B/././././././././././././././././././././././././././././././././././././././././././././././././././././././././././././././.][./././././././././././././././././././././././././././././././././././././././././././././././././././././././././././././././.]
[n2lcn0129:1786628] MCW rank 737 bound to socket 0[core 4[hwt 0]]: [././././B/././././././././././././././././././././././././././././././././././././././././././././././././././././././././././.][./././././././././././././././././././././././././././././././././././././././././././././././././././././././././././././././.]
[n2lcn0129:1786627] MCW rank 736 bound to socket 0[core 0[hwt 0]]: [B/././././././././././././././././././././././././././././././././././././././././././././././././././././././././././././././.][./././././././././././././././././././././././././././././././././././././././././././././././././././././././././././././././.]
[n2lcn0104:1855110] MCW rank 55 bound to socket 1[core 92[hwt 0]]: [./././././././././././././././././././././././././././././././././././././././././././././././././././././././././././././././.][././././././././././././././././././././././././././././B/././././././././././././././././././././././././././././././././././.]
[n2lcn0104:1855110] MCW rank 55 bound to socket 1[core 92[hwt 0]]: [./././././././././././././././././././././././././././././././././././././././././././././././././././././././././././././././.][././././././././././././././././././././././././././././B/././././././././././././././././././././././././././././././././././.]
[n2lcn0135:2575681] MCW rank 936 bound to socket 0[core 32[hwt 0]]: [././././././././././././././././././././././././././././././././B/././././././././././././././././././././././././././././././.][./././././././././././././././././././././././././././././././././././././././././././././././././././././././././././././././.]
[n2lcn0135:2575682] MCW rank 937 bound to socket 0[core 36[hwt 0]]: [././././././././././././././././././././././././././././././././././././B/././././././././././././././././././././././././././.][./././././././././././././././././././././././././././././././././././././././././././././././././././././././././././././././.]
[n2lcn0135:2575679] MCW rank 934 bound to socket 0[core 24[hwt 0]]: [././././././././././././././././././././././././B/././././././././././././././././././././././././././././././././././././././.][./././././././././././././././././././././././././././././././././././././././././././././././././././././././././././././././.]
[n2lcn0135:2575681] MCW rank 936 bound to socket 0[core 32[hwt 0]]: [././././././././././././././././././././././././././././././././B/././././././././././././././././././././././././././././././.][./././././././././././././././././././././././././././././././././././././././././././././././././././././././././././././././.]
[n2lcn0135:2575682] MCW rank 937 bound to socket 0[core 36[hwt 0]]: [././././././././././././././././././././././././././././././././././././B/././././././././././././././././././././././././././.][./././././././././././././././././././././././././././././././././././././././././././././././././././././././././././././././.]
[n2lcn0135:2575679] MCW rank 934 bound to socket 0[core 24[hwt 0]]: [././././././././././././././././././././././././B/././././././././././././././././././././././././././././././././././././././.][./././././././././././././././././././././././././././././././././././././././././././././././././././././././././././././././.]
[n2lcn0135:2575678] MCW rank 933 bound to socket 0[core 20[hwt 0]]: [././././././././././././././././././././B/././././././././././././././././././././././././././././././././././././././././././.][./././././././././././././././././././././././././././././././././././././././././././././././././././././././././././././././.]
[n2lcn0135:2575685] MCW rank 940 bound to socket 0[core 48[hwt 0]]: [././././././././././././././././././././././././././././././././././././././././././././././././B/././././././././././././././.][./././././././././././././././././././././././././././././././././././././././././././././././././././././././././././././././.]
[n2lcn0135:2575678] MCW rank 933 bound to socket 0[core 20[hwt 0]]: [././././././././././././././././././././B/././././././././././././././././././././././././././././././././././././././././././.][./././././././././././././././././././././././././././././././././././././././././././././././././././././././././././././././.]
[n2lcn0135:2575690] MCW rank 945 bound to socket 1[core 68[hwt 0]]: [./././././././././././././././././././././././././././././././././././././././././././././././././././././././././././././././.][././././B/././././././././././././././././././././././././././././././././././././././././././././././././././././././././././.]
[n2lcn0135:2575691] MCW rank 946 bound to socket 1[core 72[hwt 0]]: [./././././././././././././././././././././././././././././././././././././././././././././././././././././././././././././././.][././././././././B/././././././././././././././././././././././././././././././././././././././././././././././././././././././.]
[n2lcn0135:2575685] MCW rank 940 bound to socket 0[core 48[hwt 0]]: [././././././././././././././././././././././././././././././././././././././././././././././././B/././././././././././././././.][./././././././././././././././././././././././././././././././././././././././././././././././././././././././././././././././.]
[n2lcn0135:2575690] MCW rank 945 bound to socket 1[core 68[hwt 0]]: [./././././././././././././././././././././././././././././././././././././././././././././././././././././././././././././././.][././././B/././././././././././././././././././././././././././././././././././././././././././././././././././././././././././.]
[n2lcn0135:2575691] MCW rank 946 bound to socket 1[core 72[hwt 0]]: [./././././././././././././././././././././././././././././././././././././././././././././././././././././././././././././././.][././././././././B/././././././././././././././././././././././././././././././././././././././././././././././././././././././.]
[n2lcn0135:2575683] MCW rank 938 bound to socket 0[core 40[hwt 0]]: [././././././././././././././././././././././././././././././././././././././././B/././././././././././././././././././././././.][./././././././././././././././././././././././././././././././././././././././././././././././././././././././././././././././.]
[n2lcn0135:2575683] MCW rank 938 bound to socket 0[core 40[hwt 0]]: [././././././././././././././././././././././././././././././././././././././././B/././././././././././././././././././././././.][./././././././././././././././././././././././././././././././././././././././././././././././././././././././././././././././.]
[n2lcn0135:2575688] MCW rank 943 bound to socket 0[core 60[hwt 0]]: [././././././././././././././././././././././././././././././././././././././././././././././././././././././././././././B/././.][./././././././././././././././././././././././././././././././././././././././././././././././././././././././././././././././.]
[n2lcn0135:2575688] MCW rank 943 bound to socket 0[core 60[hwt 0]]: [././././././././././././././././././././././././././././././././././././././././././././././././././././././././././././B/././.][./././././././././././././././././././././././././././././././././././././././././././././././././././././././././././././././.]
[n2lcn0124:1790602] MCW rank 649 bound to socket 0[core 36[hwt 0]]: [././././././././././././././././././././././././././././././././././././B/././././././././././././././././././././././././././.][./././././././././././././././././././././././././././././././././././././././././././././././././././././././././././././././.]
[n2lcn0124:1790602] MCW rank 649 bound to socket 0[core 36[hwt 0]]: [././././././././././././././././././././././././././././././././././././B/././././././././././././././././././././././././././.][./././././././././././././././././././././././././././././././././././././././././././././././././././././././././././././././.]
[n2lcn0124:1790601] MCW rank 648 bound to socket 0[core 32[hwt 0]]: [././././././././././././././././././././././././././././././././B/././././././././././././././././././././././././././././././.][./././././././././././././././././././././././././././././././././././././././././././././././././././././././././././././././.]
[n2lcn0124:1790601] MCW rank 648 bound to socket 0[core 32[hwt 0]]: [././././././././././././././././././././././././././././././././B/././././././././././././././././././././././././././././././.][./././././././././././././././././././././././././././././././././././././././././././././././././././././././././././././././.]
[n2lcn0124:1790624] MCW rank 671 bound to socket 1[core 124[hwt 0]]: [./././././././././././././././././././././././././././././././././././././././././././././././././././././././././././././././.][././././././././././././././././././././././././././././././././././././././././././././././././././././././././././././B/././.]
[n2lcn0124:1790611] MCW rank 658 bound to socket 1[core 72[hwt 0]]: [./././././././././././././././././././././././././././././././././././././././././././././././././././././././././././././././.][././././././././B/././././././././././././././././././././././././././././././././././././././././././././././././././././././.]
[n2lcn0124:1790612] MCW rank 659 bound to socket 1[core 76[hwt 0]]: [./././././././././././././././././././././././././././././././././././././././././././././././././././././././././././././././.][././././././././././././B/././././././././././././././././././././././././././././././././././././././././././././././././././.]
[n2lcn0124:1790624] MCW rank 671 bound to socket 1[core 124[hwt 0]]: [./././././././././././././././././././././././././././././././././././././././././././././././././././././././././././././././.][././././././././././././././././././././././././././././././././././././././././././././././././././././././././././././B/././.]
[n2lcn0124:1790611] MCW rank 658 bound to socket 1[core 72[hwt 0]]: [./././././././././././././././././././././././././././././././././././././././././././././././././././././././././././././././.][././././././././B/././././././././././././././././././././././././././././././././././././././././././././././././././././././.]
[n2lcn0124:1790612] MCW rank 659 bound to socket 1[core 76[hwt 0]]: [./././././././././././././././././././././././././././././././././././././././././././././././././././././././././././././././.][././././././././././././B/././././././././././././././././././././././././././././././././././././././././././././././././././.]
[n2lcn0135:2575701] MCW rank 956 bound to socket 1[core 112[hwt 0]]: [./././././././././././././././././././././././././././././././././././././././././././././././././././././././././././././././.][././././././././././././././././././././././././././././././././././././././././././././././././B/././././././././././././././.]
[n2lcn0135:2575695] MCW rank 950 bound to socket 1[core 88[hwt 0]]: [./././././././././././././././././././././././././././././././././././././././././././././././././././././././././././././././.][././././././././././././././././././././././././B/././././././././././././././././././././././././././././././././././././././.]
[n2lcn0135:2575701] MCW rank 956 bound to socket 1[core 112[hwt 0]]: [./././././././././././././././././././././././././././././././././././././././././././././././././././././././././././././././.][././././././././././././././././././././././././././././././././././././././././././././././././B/././././././././././././././.]
[n2lcn0135:2575695] MCW rank 950 bound to socket 1[core 88[hwt 0]]: [./././././././././././././././././././././././././././././././././././././././././././././././././././././././././././././././.][././././././././././././././././././././././././B/././././././././././././././././././././././././././././././././././././././.]
[n2lcn0124:1790599] MCW rank 646 bound to socket 0[core 24[hwt 0]]: [././././././././././././././././././././././././B/././././././././././././././././././././././././././././././././././././././.][./././././././././././././././././././././././././././././././././././././././././././././././././././././././././././././././.]
[n2lcn0124:1790614] MCW rank 661 bound to socket 1[core 84[hwt 0]]: [./././././././././././././././././././././././././././././././././././././././././././././././././././././././././././././././.][././././././././././././././././././././B/././././././././././././././././././././././././././././././././././././././././././.]
[n2lcn0124:1790599] MCW rank 646 bound to socket 0[core 24[hwt 0]]: [././././././././././././././././././././././././B/././././././././././././././././././././././././././././././././././././././.][./././././././././././././././././././././././././././././././././././././././././././././././././././././././././././././././.]
[n2lcn0124:1790614] MCW rank 661 bound to socket 1[core 84[hwt 0]]: [./././././././././././././././././././././././././././././././././././././././././././././././././././././././././././././././.][././././././././././././././././././././B/././././././././././././././././././././././././././././././././././././././././././.]
[n2lcn0124:1790610] MCW rank 657 bound to socket 1[core 68[hwt 0]]: [./././././././././././././././././././././././././././././././././././././././././././././././././././././././././././././././.][././././B/././././././././././././././././././././././././././././././././././././././././././././././././././././././././././.]
[n2lcn0124:1790619] MCW rank 666 bound to socket 1[core 104[hwt 0]]: [./././././././././././././././././././././././././././././././././././././././././././././././././././././././././././././././.][././././././././././././././././././././././././././././././././././././././././B/././././././././././././././././././././././.]
[n2lcn0124:1790610] MCW rank 657 bound to socket 1[core 68[hwt 0]]: [./././././././././././././././././././././././././././././././././././././././././././././././././././././././././././././././.][././././B/././././././././././././././././././././././././././././././././././././././././././././././././././././././././././.]
[n2lcn0124:1790619] MCW rank 666 bound to socket 1[core 104[hwt 0]]: [./././././././././././././././././././././././././././././././././././././././././././././././././././././././././././././././.][././././././././././././././././././././././././././././././././././././././././B/././././././././././././././././././././././.]
[n2lcn0124:1790617] MCW rank 664 bound to socket 1[core 96[hwt 0]]: [./././././././././././././././././././././././././././././././././././././././././././././././././././././././././././././././.][././././././././././././././././././././././././././././././././B/././././././././././././././././././././././././././././././.]
[n2lcn0124:1790617] MCW rank 664 bound to socket 1[core 96[hwt 0]]: [./././././././././././././././././././././././././././././././././././././././././././././././././././././././././././././././.][././././././././././././././././././././././././././././././././B/././././././././././././././././././././././././././././././.]
[n2lcn0130:867804] MCW rank 791 bound to socket 1[core 92[hwt 0]]: [./././././././././././././././././././././././././././././././././././././././././././././././././././././././././././././././.][././././././././././././././././././././././././././././B/././././././././././././././././././././././././././././././././././.]
[n2lcn0130:867803] MCW rank 790 bound to socket 1[core 88[hwt 0]]: [./././././././././././././././././././././././././././././././././././././././././././././././././././././././././././././././.][././././././././././././././././././././././././B/././././././././././././././././././././././././././././././././././././././.]
[n2lcn0130:867804] MCW rank 791 bound to socket 1[core 92[hwt 0]]: [./././././././././././././././././././././././././././././././././././././././././././././././././././././././././././././././.][././././././././././././././././././././././././././././B/././././././././././././././././././././././././././././././././././.]
[n2lcn0130:867803] MCW rank 790 bound to socket 1[core 88[hwt 0]]: [./././././././././././././././././././././././././././././././././././././././././././././././././././././././././././././././.][././././././././././././././././././././././././B/././././././././././././././././././././././././././././././././././././././.]
[n2lcn0124:1790596] MCW rank 643 bound to socket 0[core 12[hwt 0]]: [././././././././././././B/././././././././././././././././././././././././././././././././././././././././././././././././././.][./././././././././././././././././././././././././././././././././././././././././././././././././././././././././././././././.]
[n2lcn0124:1790596] MCW rank 643 bound to socket 0[core 12[hwt 0]]: [././././././././././././B/././././././././././././././././././././././././././././././././././././././././././././././././././.][./././././././././././././././././././././././././././././././././././././././././././././././././././././././././././././././.]
[n2lcn0124:1790593] MCW rank 640 bound to socket 0[core 0[hwt 0]]: [B/././././././././././././././././././././././././././././././././././././././././././././././././././././././././././././././.][./././././././././././././././././././././././././././././././././././././././././././././././././././././././././././././././.]
[n2lcn0124:1790593] MCW rank 640 bound to socket 0[core 0[hwt 0]]: [B/././././././././././././././././././././././././././././././././././././././././././././././././././././././././././././././.][./././././././././././././././././././././././././././././././././././././././././././././././././././././././././././././././.]
[n2lcn0124:1790600] MCW rank 647 bound to socket 0[core 28[hwt 0]]: [././././././././././././././././././././././././././././B/././././././././././././././././././././././././././././././././././.][./././././././././././././././././././././././././././././././././././././././././././././././././././././././././././././././.]
[n2lcn0124:1790600] MCW rank 647 bound to socket 0[core 28[hwt 0]]: [././././././././././././././././././././././././././././B/././././././././././././././././././././././././././././././././././.][./././././././././././././././././././././././././././././././././././././././././././././././././././././././././././././././.]
[n2lcn0124:1790613] MCW rank 660 bound to socket 1[core 80[hwt 0]]: [./././././././././././././././././././././././././././././././././././././././././././././././././././././././././././././././.][././././././././././././././././B/././././././././././././././././././././././././././././././././././././././././././././././.]
[n2lcn0124:1790613] MCW rank 660 bound to socket 1[core 80[hwt 0]]: [./././././././././././././././././././././././././././././././././././././././././././././././././././././././././././././././.][././././././././././././././././B/././././././././././././././././././././././././././././././././././././././././././././././.]
[n2lcn0130:867789] MCW rank 776 bound to socket 0[core 32[hwt 0]]: [././././././././././././././././././././././././././././././././B/././././././././././././././././././././././././././././././.][./././././././././././././././././././././././././././././././././././././././././././././././././././././././././././././././.]
[n2lcn0130:867789] MCW rank 776 bound to socket 0[core 32[hwt 0]]: [././././././././././././././././././././././././././././././././B/././././././././././././././././././././././././././././././.][./././././././././././././././././././././././././././././././././././././././././././././././././././././././././././././././.]
[n2lcn0130:867791] MCW rank 778 bound to socket 0[core 40[hwt 0]]: [././././././././././././././././././././././././././././././././././././././././B/././././././././././././././././././././././.][./././././././././././././././././././././././././././././././././././././././././././././././././././././././././././././././.]
[n2lcn0130:867791] MCW rank 778 bound to socket 0[core 40[hwt 0]]: [././././././././././././././././././././././././././././././././././././././././B/././././././././././././././././././././././.][./././././././././././././././././././././././././././././././././././././././././././././././././././././././././././././././.]
[n2lcn0130:867785] MCW rank 772 bound to socket 0[core 16[hwt 0]]: [././././././././././././././././B/././././././././././././././././././././././././././././././././././././././././././././././.][./././././././././././././././././././././././././././././././././././././././././././././././././././././././././././././././.]
[n2lcn0130:867786] MCW rank 773 bound to socket 0[core 20[hwt 0]]: [././././././././././././././././././././B/././././././././././././././././././././././././././././././././././././././././././.][./././././././././././././././././././././././././././././././././././././././././././././././././././././././././././././././.]
[n2lcn0130:867785] MCW rank 772 bound to socket 0[core 16[hwt 0]]: [././././././././././././././././B/././././././././././././././././././././././././././././././././././././././././././././././.][./././././././././././././././././././././././././././././././././././././././././././././././././././././././././././././././.]
[n2lcn0130:867786] MCW rank 773 bound to socket 0[core 20[hwt 0]]: [././././././././././././././././././././B/././././././././././././././././././././././././././././././././././././././././././.][./././././././././././././././././././././././././././././././././././././././././././././././././././././././././././././././.]
[n2lcn0130:867790] MCW rank 777 bound to socket 0[core 36[hwt 0]]: [././././././././././././././././././././././././././././././././././././B/././././././././././././././././././././././././././.][./././././././././././././././././././././././././././././././././././././././././././././././././././././././././././././././.]
[n2lcn0130:867792] MCW rank 779 bound to socket 0[core 44[hwt 0]]: [././././././././././././././././././././././././././././././././././././././././././././B/././././././././././././././././././.][./././././././././././././././././././././././././././././././././././././././././././././././././././././././././././././././.]
[n2lcn0130:867790] MCW rank 777 bound to socket 0[core 36[hwt 0]]: [././././././././././././././././././././././././././././././././././././B/././././././././././././././././././././././././././.][./././././././././././././././././././././././././././././././././././././././././././././././././././././././././././././././.]
[n2lcn0130:867792] MCW rank 779 bound to socket 0[core 44[hwt 0]]: [././././././././././././././././././././././././././././././././././././././././././././B/././././././././././././././././././.][./././././././././././././././././././././././././././././././././././././././././././././././././././././././././././././././.]
[n2lcn0130:867796] MCW rank 783 bound to socket 0[core 60[hwt 0]]: [././././././././././././././././././././././././././././././././././././././././././././././././././././././././././././B/././.][./././././././././././././././././././././././././././././././././././././././././././././././././././././././././././././././.]
[n2lcn0130:867796] MCW rank 783 bound to socket 0[core 60[hwt 0]]: [././././././././././././././././././././././././././././././././././././././././././././././././././././././././././././B/././.][./././././././././././././././././././././././././././././././././././././././././././././././././././././././././././././././.]
[n2lcn0130:867794] MCW rank 781 bound to socket 0[core 52[hwt 0]]: [././././././././././././././././././././././././././././././././././././././././././././././././././././B/././././././././././.][./././././././././././././././././././././././././././././././././././././././././././././././././././././././././././././././.]
[n2lcn0130:867793] MCW rank 780 bound to socket 0[core 48[hwt 0]]: [././././././././././././././././././././././././././././././././././././././././././././././././B/././././././././././././././.][./././././././././././././././././././././././././././././././././././././././././././././././././././././././././././././././.]
[n2lcn0130:867787] MCW rank 774 bound to socket 0[core 24[hwt 0]]: [././././././././././././././././././././././././B/././././././././././././././././././././././././././././././././././././././.][./././././././././././././././././././././././././././././././././././././././././././././././././././././././././././././././.]
[n2lcn0130:867788] MCW rank 775 bound to socket 0[core 28[hwt 0]]: [././././././././././././././././././././././././././././B/././././././././././././././././././././././././././././././././././.][./././././././././././././././././././././././././././././././././././././././././././././././././././././././././././././././.]
[n2lcn0130:867794] MCW rank 781 bound to socket 0[core 52[hwt 0]]: [././././././././././././././././././././././././././././././././././././././././././././././././././././B/././././././././././.][./././././././././././././././././././././././././././././././././././././././././././././././././././././././././././././././.]
[n2lcn0130:867793] MCW rank 780 bound to socket 0[core 48[hwt 0]]: [././././././././././././././././././././././././././././././././././././././././././././././././B/././././././././././././././.][./././././././././././././././././././././././././././././././././././././././././././././././././././././././././././././././.]
[n2lcn0130:867787] MCW rank 774 bound to socket 0[core 24[hwt 0]]: [././././././././././././././././././././././././B/././././././././././././././././././././././././././././././././././././././.][./././././././././././././././././././././././././././././././././././././././././././././././././././././././././././././././.]
[n2lcn0130:867788] MCW rank 775 bound to socket 0[core 28[hwt 0]]: [././././././././././././././././././././././././././././B/././././././././././././././././././././././././././././././././././.][./././././././././././././././././././././././././././././././././././././././././././././././././././././././././././././././.]
[n2lcn0130:867798] MCW rank 785 bound to socket 1[core 68[hwt 0]]: [./././././././././././././././././././././././././././././././././././././././././././././././././././././././././././././././.][././././B/././././././././././././././././././././././././././././././././././././././././././././././././././././././././././.]
[n2lcn0130:867808] MCW rank 795 bound to socket 1[core 108[hwt 0]]: [./././././././././././././././././././././././././././././././././././././././././././././././././././././././././././././././.][././././././././././././././././././././././././././././././././././././././././././././B/././././././././././././././././././.]
[n2lcn0130:867798] MCW rank 785 bound to socket 1[core 68[hwt 0]]: [./././././././././././././././././././././././././././././././././././././././././././././././././././././././././././././././.][././././B/././././././././././././././././././././././././././././././././././././././././././././././././././././././././././.]
[n2lcn0130:867808] MCW rank 795 bound to socket 1[core 108[hwt 0]]: [./././././././././././././././././././././././././././././././././././././././././././././././././././././././././././././././.][././././././././././././././././././././././././././././././././././././././././././././B/././././././././././././././././././.]
[n2lcn0130:867806] MCW rank 793 bound to socket 1[core 100[hwt 0]]: [./././././././././././././././././././././././././././././././././././././././././././././././././././././././././././././././.][././././././././././././././././././././././././././././././././././././B/././././././././././././././././././././././././././.]
[n2lcn0130:867812] MCW rank 799 bound to socket 1[core 124[hwt 0]]: [./././././././././././././././././././././././././././././././././././././././././././././././././././././././././././././././.][././././././././././././././././././././././././././././././././././././././././././././././././././././././././././././B/././.]
[n2lcn0130:867806] MCW rank 793 bound to socket 1[core 100[hwt 0]]: [./././././././././././././././././././././././././././././././././././././././././././././././././././././././././././././././.][././././././././././././././././././././././././././././././././././././B/././././././././././././././././././././././././././.]
[n2lcn0130:867812] MCW rank 799 bound to socket 1[core 124[hwt 0]]: [./././././././././././././././././././././././././././././././././././././././././././././././././././././././././././././././.][././././././././././././././././././././././././././././././././././././././././././././././././././././././././././././B/././.]
[n2lcn0130:867802] MCW rank 789 bound to socket 1[core 84[hwt 0]]: [./././././././././././././././././././././././././././././././././././././././././././././././././././././././././././././././.][././././././././././././././././././././B/././././././././././././././././././././././././././././././././././././././././././.]
[n2lcn0130:867802] MCW rank 789 bound to socket 1[core 84[hwt 0]]: [./././././././././././././././././././././././././././././././././././././././././././././././././././././././././././././././.][././././././././././././././././././././B/././././././././././././././././././././././././././././././././././././././././././.]
[n2lcn0130:867800] MCW rank 787 bound to socket 1[core 76[hwt 0]]: [./././././././././././././././././././././././././././././././././././././././././././././././././././././././././././././././.][././././././././././././B/././././././././././././././././././././././././././././././././././././././././././././././././././.]
[n2lcn0130:867810] MCW rank 797 bound to socket 1[core 116[hwt 0]]: [./././././././././././././././././././././././././././././././././././././././././././././././././././././././././././././././.][././././././././././././././././././././././././././././././././././././././././././././././././././././B/././././././././././.]
[n2lcn0130:867800] MCW rank 787 bound to socket 1[core 76[hwt 0]]: [./././././././././././././././././././././././././././././././././././././././././././././././././././././././././././././././.][././././././././././././B/././././././././././././././././././././././././././././././././././././././././././././././././././.]
[n2lcn0130:867810] MCW rank 797 bound to socket 1[core 116[hwt 0]]: [./././././././././././././././././././././././././././././././././././././././././././././././././././././././././././././././.][././././././././././././././././././././././././././././././././././././././././././././././././././././B/././././././././././.]
[n2lcn0130:867805] MCW rank 792 bound to socket 1[core 96[hwt 0]]: [./././././././././././././././././././././././././././././././././././././././././././././././././././././././././././././././.][././././././././././././././././././././././././././././././././B/././././././././././././././././././././././././././././././.]
[n2lcn0130:867799] MCW rank 786 bound to socket 1[core 72[hwt 0]]: [./././././././././././././././././././././././././././././././././././././././././././././././././././././././././././././././.][././././././././B/././././././././././././././././././././././././././././././././././././././././././././././././././././././.]
[n2lcn0130:867805] MCW rank 792 bound to socket 1[core 96[hwt 0]]: [./././././././././././././././././././././././././././././././././././././././././././././././././././././././././././././././.][././././././././././././././././././././././././././././././././B/././././././././././././././././././././././././././././././.]
[n2lcn0130:867799] MCW rank 786 bound to socket 1[core 72[hwt 0]]: [./././././././././././././././././././././././././././././././././././././././././././././././././././././././././././././././.][././././././././B/././././././././././././././././././././././././././././././././././././././././././././././././././././././.]
[n2lcn0130:867801] MCW rank 788 bound to socket 1[core 80[hwt 0]]: [./././././././././././././././././././././././././././././././././././././././././././././././././././././././././././././././.][././././././././././././././././B/././././././././././././././././././././././././././././././././././././././././././././././.]
[n2lcn0130:867797] MCW rank 784 bound to socket 1[core 64[hwt 0]]: [./././././././././././././././././././././././././././././././././././././././././././././././././././././././././././././././.][B/././././././././././././././././././././././././././././././././././././././././././././././././././././././././././././././.]
[n2lcn0130:867801] MCW rank 788 bound to socket 1[core 80[hwt 0]]: [./././././././././././././././././././././././././././././././././././././././././././././././././././././././././././././././.][././././././././././././././././B/././././././././././././././././././././././././././././././././././././././././././././././.]
[n2lcn0130:867797] MCW rank 784 bound to socket 1[core 64[hwt 0]]: [./././././././././././././././././././././././././././././././././././././././././././././././././././././././././././././././.][B/././././././././././././././././././././././././././././././././././././././././././././././././././././././././././././././.]
[n2lcn0130:867795] MCW rank 782 bound to socket 0[core 56[hwt 0]]: [././././././././././././././././././././././././././././././././././././././././././././././././././././././././B/././././././.][./././././././././././././././././././././././././././././././././././././././././././././././././././././././././././././././.]
[n2lcn0130:867795] MCW rank 782 bound to socket 0[core 56[hwt 0]]: [././././././././././././././././././././././././././././././././././././././././././././././././././././././././B/././././././.][./././././././././././././././././././././././././././././././././././././././././././././././././././././././././././././././.]
[n2lcn0130:867811] MCW rank 798 bound to socket 1[core 120[hwt 0]]: [./././././././././././././././././././././././././././././././././././././././././././././././././././././././././././././././.][././././././././././././././././././././././././././././././././././././././././././././././././././././././././B/././././././.]
[n2lcn0130:867809] MCW rank 796 bound to socket 1[core 112[hwt 0]]: [./././././././././././././././././././././././././././././././././././././././././././././././././././././././././././././././.][././././././././././././././././././././././././././././././././././././././././././././././././B/././././././././././././././.]
[n2lcn0130:867811] MCW rank 798 bound to socket 1[core 120[hwt 0]]: [./././././././././././././././././././././././././././././././././././././././././././././././././././././././././././././././.][././././././././././././././././././././././././././././././././././././././././././././././././././././././././B/././././././.]
[n2lcn0130:867807] MCW rank 794 bound to socket 1[core 104[hwt 0]]: [./././././././././././././././././././././././././././././././././././././././././././././././././././././././././././././././.][././././././././././././././././././././././././././././././././././././././././B/././././././././././././././././././././././.]
[n2lcn0130:867809] MCW rank 796 bound to socket 1[core 112[hwt 0]]: [./././././././././././././././././././././././././././././././././././././././././././././././././././././././././././././././.][././././././././././././././././././././././././././././././././././././././././././././././././B/././././././././././././././.]
[n2lcn0130:867807] MCW rank 794 bound to socket 1[core 104[hwt 0]]: [./././././././././././././././././././././././././././././././././././././././././././././././././././././././././././././././.][././././././././././././././././././././././././././././././././././././././././B/././././././././././././././././././././././.]
[n2lcn0130:867782] MCW rank 769 bound to socket 0[core 4[hwt 0]]: [././././B/././././././././././././././././././././././././././././././././././././././././././././././././././././././././././.][./././././././././././././././././././././././././././././././././././././././././././././././././././././././././././././././.]
[n2lcn0130:867781] MCW rank 768 bound to socket 0[core 0[hwt 0]]: [B/././././././././././././././././././././././././././././././././././././././././././././././././././././././././././././././.][./././././././././././././././././././././././././././././././././././././././././././././././././././././././././././././././.]
[n2lcn0130:867782] MCW rank 769 bound to socket 0[core 4[hwt 0]]: [././././B/././././././././././././././././././././././././././././././././././././././././././././././././././././././././././.][./././././././././././././././././././././././././././././././././././././././././././././././././././././././././././././././.]
[n2lcn0130:867781] MCW rank 768 bound to socket 0[core 0[hwt 0]]: [B/././././././././././././././././././././././././././././././././././././././././././././././././././././././././././././././.][./././././././././././././././././././././././././././././././././././././././././././././././././././././././././././././././.]
[n2lcn0130:867783] MCW rank 770 bound to socket 0[core 8[hwt 0]]: [././././././././B/././././././././././././././././././././././././././././././././././././././././././././././././././././././.][./././././././././././././././././././././././././././././././././././././././././././././././././././././././././././././././.]
[n2lcn0130:867784] MCW rank 771 bound to socket 0[core 12[hwt 0]]: [././././././././././././B/././././././././././././././././././././././././././././././././././././././././././././././././././.][./././././././././././././././././././././././././././././././././././././././././././././././././././././././././././././././.]
[n2lcn0130:867783] MCW rank 770 bound to socket 0[core 8[hwt 0]]: [././././././././B/././././././././././././././././././././././././././././././././././././././././././././././././././././././.][./././././././././././././././././././././././././././././././././././././././././././././././././././././././././././././././.]
[n2lcn0130:867784] MCW rank 771 bound to socket 0[core 12[hwt 0]]: [././././././././././././B/././././././././././././././././././././././././././././././././././././././././././././././././././.][./././././././././././././././././././././././././././././././././././././././././././././././././././././././././././././././.]
[n2lcn0125:361452] MCW rank 691 bound to socket 1[core 76[hwt 0]]: [./././././././././././././././././././././././././././././././././././././././././././././././././././././././././././././././.][././././././././././././B/././././././././././././././././././././././././././././././././././././././././././././././././././.]
[n2lcn0125:361451] MCW rank 690 bound to socket 1[core 72[hwt 0]]: [./././././././././././././././././././././././././././././././././././././././././././././././././././././././././././././././.][././././././././B/././././././././././././././././././././././././././././././././././././././././././././././././././././././.]
[n2lcn0125:361452] MCW rank 691 bound to socket 1[core 76[hwt 0]]: [./././././././././././././././././././././././././././././././././././././././././././././././././././././././././././././././.][././././././././././././B/././././././././././././././././././././././././././././././././././././././././././././././././././.]
[n2lcn0125:361451] MCW rank 690 bound to socket 1[core 72[hwt 0]]: [./././././././././././././././././././././././././././././././././././././././././././././././././././././././././././././././.][././././././././B/././././././././././././././././././././././././././././././././././././././././././././././././././././././.]
[n2lcn0125:361444] MCW rank 683 bound to socket 0[core 44[hwt 0]]: [././././././././././././././././././././././././././././././././././././././././././././B/././././././././././././././././././.][./././././././././././././././././././././././././././././././././././././././././././././././././././././././././././././././.]
[n2lcn0125:361444] MCW rank 683 bound to socket 0[core 44[hwt 0]]: [././././././././././././././././././././././././././././././././././././././././././././B/././././././././././././././././././.][./././././././././././././././././././././././././././././././././././././././././././././././././././././././././././././././.]
[n2lcn0125:361436] MCW rank 675 bound to socket 0[core 12[hwt 0]]: [././././././././././././B/././././././././././././././././././././././././././././././././././././././././././././././././././.][./././././././././././././././././././././././././././././././././././././././././././././././././././././././././././././././.]
[n2lcn0125:361436] MCW rank 675 bound to socket 0[core 12[hwt 0]]: [././././././././././././B/././././././././././././././././././././././././././././././././././././././././././././././././././.][./././././././././././././././././././././././././././././././././././././././././././././././././././././././././././././././.]
[n2lcn0125:361441] MCW rank 680 bound to socket 0[core 32[hwt 0]]: [././././././././././././././././././././././././././././././././B/././././././././././././././././././././././././././././././.][./././././././././././././././././././././././././././././././././././././././././././././././././././././././././././././././.]
[n2lcn0125:361441] MCW rank 680 bound to socket 0[core 32[hwt 0]]: [././././././././././././././././././././././././././././././././B/././././././././././././././././././././././././././././././.][./././././././././././././././././././././././././././././././././././././././././././././././././././././././././././././././.]
[n2lcn0125:361450] MCW rank 689 bound to socket 1[core 68[hwt 0]]: [./././././././././././././././././././././././././././././././././././././././././././././././././././././././././././././././.][././././B/././././././././././././././././././././././././././././././././././././././././././././././././././././././././././.]
[n2lcn0125:361450] MCW rank 689 bound to socket 1[core 68[hwt 0]]: [./././././././././././././././././././././././././././././././././././././././././././././././././././././././././././././././.][././././B/././././././././././././././././././././././././././././././././././././././././././././././././././././././././././.]
[n2lcn0125:361448] MCW rank 687 bound to socket 0[core 60[hwt 0]]: [././././././././././././././././././././././././././././././././././././././././././././././././././././././././././././B/././.][./././././././././././././././././././././././././././././././././././././././././././././././././././././././././././././././.]
[n2lcn0125:361458] MCW rank 697 bound to socket 1[core 100[hwt 0]]: [./././././././././././././././././././././././././././././././././././././././././././././././././././././././././././././././.][././././././././././././././././././././././././././././././././././././B/././././././././././././././././././././././././././.]
[n2lcn0125:361448] MCW rank 687 bound to socket 0[core 60[hwt 0]]: [././././././././././././././././././././././././././././././././././././././././././././././././././././././././././././B/././.][./././././././././././././././././././././././././././././././././././././././././././././././././././././././././././././././.]
[n2lcn0125:361458] MCW rank 697 bound to socket 1[core 100[hwt 0]]: [./././././././././././././././././././././././././././././././././././././././././././././././././././././././././././././././.][././././././././././././././././././././././././././././././././././././B/././././././././././././././././././././././././././.]
[n2lcn0125:361456] MCW rank 695 bound to socket 1[core 92[hwt 0]]: [./././././././././././././././././././././././././././././././././././././././././././././././././././././././././././././././.][././././././././././././././././././././././././././././B/././././././././././././././././././././././././././././././././././.]
[n2lcn0125:361456] MCW rank 695 bound to socket 1[core 92[hwt 0]]: [./././././././././././././././././././././././././././././././././././././././././././././././././././././././././././././././.][././././././././././././././././././././././././././././B/././././././././././././././././././././././././././././././././././.]
[n2lcn0125:361454] MCW rank 693 bound to socket 1[core 84[hwt 0]]: [./././././././././././././././././././././././././././././././././././././././././././././././././././././././././././././././.][././././././././././././././././././././B/././././././././././././././././././././././././././././././././././././././././././.]
[n2lcn0125:361454] MCW rank 693 bound to socket 1[core 84[hwt 0]]: [./././././././././././././././././././././././././././././././././././././././././././././././././././././././././././././././.][././././././././././././././././././././B/././././././././././././././././././././././././././././././././././././././././././.]
[n2lcn0125:361445] MCW rank 684 bound to socket 0[core 48[hwt 0]]: [././././././././././././././././././././././././././././././././././././././././././././././././B/././././././././././././././.][./././././././././././././././././././././././././././././././././././././././././././././././././././././././././././././././.]
[n2lcn0125:361445] MCW rank 684 bound to socket 0[core 48[hwt 0]]: [././././././././././././././././././././././././././././././././././././././././././././././././B/././././././././././././././.][./././././././././././././././././././././././././././././././././././././././././././././././././././././././././././././././.]
[n2lcn0125:361434] MCW rank 673 bound to socket 0[core 4[hwt 0]]: [././././B/././././././././././././././././././././././././././././././././././././././././././././././././././././././././././.][./././././././././././././././././././././././././././././././././././././././././././././././././././././././././././././././.]
[n2lcn0125:361434] MCW rank 673 bound to socket 0[core 4[hwt 0]]: [././././B/././././././././././././././././././././././././././././././././././././././././././././././././././././././././././.][./././././././././././././././././././././././././././././././././././././././././././././././././././././././././././././././.]
[n2lcn0125:361460] MCW rank 699 bound to socket 1[core 108[hwt 0]]: [./././././././././././././././././././././././././././././././././././././././././././././././././././././././././././././././.][././././././././././././././././././././././././././././././././././././././././././././B/././././././././././././././././././.]
[n2lcn0125:361460] MCW rank 699 bound to socket 1[core 108[hwt 0]]: [./././././././././././././././././././././././././././././././././././././././././././././././././././././././././././././././.][././././././././././././././././././././././././././././././././././././././././././././B/././././././././././././././././././.]
[n2lcn0103.ab2021.local:4026051] MCW rank 25 bound to socket 1[core 100[hwt 0]]: [./././././././././././././././././././././././././././././././././././././././././././././././././././././././././././././././.][././././././././././././././././././././././././././././././././././././B/././././././././././././././././././././././././././.]
[n2lcn0103.ab2021.local:4026036] MCW rank 10 bound to socket 0[core 40[hwt 0]]: [././././././././././././././././././././././././././././././././././././././././B/././././././././././././././././././././././.][./././././././././././././././././././././././././././././././././././././././././././././././././././././././././././././././.]
[n2lcn0103.ab2021.local:4026051] MCW rank 25 bound to socket 1[core 100[hwt 0]]: [./././././././././././././././././././././././././././././././././././././././././././././././././././././././././././././././.][././././././././././././././././././././././././././././././././././././B/././././././././././././././././././././././././././.]
[n2lcn0103.ab2021.local:4026036] MCW rank 10 bound to socket 0[core 40[hwt 0]]: [././././././././././././././././././././././././././././././././././././././././B/././././././././././././././././././././././.][./././././././././././././././././././././././././././././././././././././././././././././././././././././././././././././././.]
[n2lcn0123.ab2021.local:2394434] MCW rank 617 bound to socket 0[core 36[hwt 0]]: [././././././././././././././././././././././././././././././././././././B/././././././././././././././././././././././././././.][./././././././././././././././././././././././././././././././././././././././././././././././././././././././././././././././.]
[n2lcn0123.ab2021.local:2394434] MCW rank 617 bound to socket 0[core 36[hwt 0]]: [././././././././././././././././././././././././././././././././././././B/././././././././././././././././././././././././././.][./././././././././././././././././././././././././././././././././././././././././././././././././././././././././././././././.]
[n2lcn0125:361440] MCW rank 679 bound to socket 0[core 28[hwt 0]]: [././././././././././././././././././././././././././././B/././././././././././././././././././././././././././././././././././.][./././././././././././././././././././././././././././././././././././././././././././././././././././././././././././././././.]
[n2lcn0125:361440] MCW rank 679 bound to socket 0[core 28[hwt 0]]: [././././././././././././././././././././././././././././B/././././././././././././././././././././././././././././././././././.][./././././././././././././././././././././././././././././././././././././././././././././././././././././././././././././././.]
[n2lcn0125:361463] MCW rank 702 bound to socket 1[core 120[hwt 0]]: [./././././././././././././././././././././././././././././././././././././././././././././././././././././././././././././././.][././././././././././././././././././././././././././././././././././././././././././././././././././././././././B/././././././.]
[n2lcn0125:361464] MCW rank 703 bound to socket 1[core 124[hwt 0]]: [./././././././././././././././././././././././././././././././././././././././././././././././././././././././././././././././.][././././././././././././././././././././././././././././././././././././././././././././././././././././././././././././B/././.]
[n2lcn0125:361463] MCW rank 702 bound to socket 1[core 120[hwt 0]]: [./././././././././././././././././././././././././././././././././././././././././././././././././././././././././././././././.][././././././././././././././././././././././././././././././././././././././././././././././././././././././././B/././././././.]
[n2lcn0125:361464] MCW rank 703 bound to socket 1[core 124[hwt 0]]: [./././././././././././././././././././././././././././././././././././././././././././././././././././././././././././././././.][././././././././././././././././././././././././././././././././././././././././././././././././././././././././././././B/././.]
[n2lcn0125:361442] MCW rank 681 bound to socket 0[core 36[hwt 0]]: [././././././././././././././././././././././././././././././././././././B/././././././././././././././././././././././././././.][./././././././././././././././././././././././././././././././././././././././././././././././././././././././././././././././.]
[n2lcn0125:361442] MCW rank 681 bound to socket 0[core 36[hwt 0]]: [././././././././././././././././././././././././././././././././././././B/././././././././././././././././././././././././././.][./././././././././././././././././././././././././././././././././././././././././././././././././././././././././././././././.]
[n2lcn0125:361449] MCW rank 688 bound to socket 1[core 64[hwt 0]]: [./././././././././././././././././././././././././././././././././././././././././././././././././././././././././././././././.][B/././././././././././././././././././././././././././././././././././././././././././././././././././././././././././././././.]
[n2lcn0125:361457] MCW rank 696 bound to socket 1[core 96[hwt 0]]: [./././././././././././././././././././././././././././././././././././././././././././././././././././././././././././././././.][././././././././././././././././././././././././././././././././B/././././././././././././././././././././././././././././././.]
[n2lcn0125:361449] MCW rank 688 bound to socket 1[core 64[hwt 0]]: [./././././././././././././././././././././././././././././././././././././././././././././././././././././././././././././././.][B/././././././././././././././././././././././././././././././././././././././././././././././././././././././././././././././.]
[n2lcn0125:361457] MCW rank 696 bound to socket 1[core 96[hwt 0]]: [./././././././././././././././././././././././././././././././././././././././././././././././././././././././././././././././.][././././././././././././././././././././././././././././././././B/././././././././././././././././././././././././././././././.]
[n2lcn0125:361433] MCW rank 672 bound to socket 0[core 0[hwt 0]]: [B/././././././././././././././././././././././././././././././././././././././././././././././././././././././././././././././.][./././././././././././././././././././././././././././././././././././././././././././././././././././././././././././././././.]
[n2lcn0125:361433] MCW rank 672 bound to socket 0[core 0[hwt 0]]: [B/././././././././././././././././././././././././././././././././././././././././././././././././././././././././././././././.][./././././././././././././././././././././././././././././././././././././././././././././././././././././././././././././././.]
[n2lcn0125:361447] MCW rank 686 bound to socket 0[core 56[hwt 0]]: [././././././././././././././././././././././././././././././././././././././././././././././././././././././././B/././././././.][./././././././././././././././././././././././././././././././././././././././././././././././././././././././././././././././.]
[n2lcn0125:361447] MCW rank 686 bound to socket 0[core 56[hwt 0]]: [././././././././././././././././././././././././././././././././././././././././././././././././././././././././B/././././././.][./././././././././././././././././././././././././././././././././././././././././././././././././././././././././././././././.]
[n2lcn0125:361446] MCW rank 685 bound to socket 0[core 52[hwt 0]]: [././././././././././././././././././././././././././././././././././././././././././././././././././././B/././././././././././.][./././././././././././././././././././././././././././././././././././././././././././././././././././././././././././././././.]
[n2lcn0125:361446] MCW rank 685 bound to socket 0[core 52[hwt 0]]: [././././././././././././././././././././././././././././././././././././././././././././././././././././B/././././././././././.][./././././././././././././././././././././././././././././././././././././././././././././././././././././././././././././././.]
[n2lcn0125:361453] MCW rank 692 bound to socket 1[core 80[hwt 0]]: [./././././././././././././././././././././././././././././././././././././././././././././././././././././././././././././././.][././././././././././././././././B/././././././././././././././././././././././././././././././././././././././././././././././.]
[n2lcn0125:361455] MCW rank 694 bound to socket 1[core 88[hwt 0]]: [./././././././././././././././././././././././././././././././././././././././././././././././././././././././././././././././.][././././././././././././././././././././././././B/././././././././././././././././././././././././././././././././././././././.]
[n2lcn0125:361455] MCW rank 694 bound to socket 1[core 88[hwt 0]]: [./././././././././././././././././././././././././././././././././././././././././././././././././././././././././././././././.][././././././././././././././././././././././././B/././././././././././././././././././././././././././././././././././././././.]
[n2lcn0125:361453] MCW rank 692 bound to socket 1[core 80[hwt 0]]: [./././././././././././././././././././././././././././././././././././././././././././././././././././././././././././././././.][././././././././././././././././B/././././././././././././././././././././././././././././././././././././././././././././././.]
[n2lcn0125:361461] MCW rank 700 bound to socket 1[core 112[hwt 0]]: [./././././././././././././././././././././././././././././././././././././././././././././././././././././././././././././././.][././././././././././././././././././././././././././././././././././././././././././././././././B/././././././././././././././.]
[n2lcn0125:361461] MCW rank 700 bound to socket 1[core 112[hwt 0]]: [./././././././././././././././././././././././././././././././././././././././././././././././././././././././././././././././.][././././././././././././././././././././././././././././././././././././././././././././././././B/././././././././././././././.]
[n2lcn0123.ab2021.local:2394429] MCW rank 612 bound to socket 0[core 16[hwt 0]]: [././././././././././././././././B/././././././././././././././././././././././././././././././././././././././././././././././.][./././././././././././././././././././././././././././././././././././././././././././././././././././././././././././././././.]
[n2lcn0123.ab2021.local:2394437] MCW rank 620 bound to socket 0[core 48[hwt 0]]: [././././././././././././././././././././././././././././././././././././././././././././././././B/././././././././././././././.][./././././././././././././././././././././././././././././././././././././././././././././././././././././././././././././././.]
[n2lcn0123.ab2021.local:2394429] MCW rank 612 bound to socket 0[core 16[hwt 0]]: [././././././././././././././././B/././././././././././././././././././././././././././././././././././././././././././././././.][./././././././././././././././././././././././././././././././././././././././././././././././././././././././././././././././.]
[n2lcn0123.ab2021.local:2394430] MCW rank 613 bound to socket 0[core 20[hwt 0]]: [././././././././././././././././././././B/././././././././././././././././././././././././././././././././././././././././././.][./././././././././././././././././././././././././././././././././././././././././././././././././././././././././././././././.]
[n2lcn0123.ab2021.local:2394437] MCW rank 620 bound to socket 0[core 48[hwt 0]]: [././././././././././././././././././././././././././././././././././././././././././././././././B/././././././././././././././.][./././././././././././././././././././././././././././././././././././././././././././././././././././././././././././././././.]
[n2lcn0123.ab2021.local:2394430] MCW rank 613 bound to socket 0[core 20[hwt 0]]: [././././././././././././././././././././B/././././././././././././././././././././././././././././././././././././././././././.][./././././././././././././././././././././././././././././././././././././././././././././././././././././././././././././././.]
[n2lcn0123.ab2021.local:2394436] MCW rank 619 bound to socket 0[core 44[hwt 0]]: [././././././././././././././././././././././././././././././././././././././././././././B/././././././././././././././././././.][./././././././././././././././././././././././././././././././././././././././././././././././././././././././././././././././.]
[n2lcn0123.ab2021.local:2394436] MCW rank 619 bound to socket 0[core 44[hwt 0]]: [././././././././././././././././././././././././././././././././././././././././././././B/././././././././././././././././././.][./././././././././././././././././././././././././././././././././././././././././././././././././././././././././././././././.]
[n2lcn0123.ab2021.local:2394439] MCW rank 622 bound to socket 0[core 56[hwt 0]]: [././././././././././././././././././././././././././././././././././././././././././././././././././././././././B/././././././.][./././././././././././././././././././././././././././././././././././././././././././././././././././././././././././././././.]
[n2lcn0123.ab2021.local:2394440] MCW rank 623 bound to socket 0[core 60[hwt 0]]: [././././././././././././././././././././././././././././././././././././././././././././././././././././././././././././B/././.][./././././././././././././././././././././././././././././././././././././././././././././././././././././././././././././././.]
[n2lcn0123.ab2021.local:2394439] MCW rank 622 bound to socket 0[core 56[hwt 0]]: [././././././././././././././././././././././././././././././././././././././././././././././././././././././././B/././././././.][./././././././././././././././././././././././././././././././././././././././././././././././././././././././././././././././.]
[n2lcn0123.ab2021.local:2394440] MCW rank 623 bound to socket 0[core 60[hwt 0]]: [././././././././././././././././././././././././././././././././././././././././././././././././././././././././././././B/././.][./././././././././././././././././././././././././././././././././././././././././././././././././././././././././././././././.]
[n2lcn0123.ab2021.local:2394435] MCW rank 618 bound to socket 0[core 40[hwt 0]]: [././././././././././././././././././././././././././././././././././././././././B/././././././././././././././././././././././.][./././././././././././././././././././././././././././././././././././././././././././././././././././././././././././././././.]
[n2lcn0123.ab2021.local:2394438] MCW rank 621 bound to socket 0[core 52[hwt 0]]: [././././././././././././././././././././././././././././././././././././././././././././././././././././B/././././././././././.][./././././././././././././././././././././././././././././././././././././././././././././././././././././././././././././././.]
[n2lcn0123.ab2021.local:2394435] MCW rank 618 bound to socket 0[core 40[hwt 0]]: [././././././././././././././././././././././././././././././././././././././././B/././././././././././././././././././././././.][./././././././././././././././././././././././././././././././././././././././././././././././././././././././././././././././.]
[n2lcn0123.ab2021.local:2394438] MCW rank 621 bound to socket 0[core 52[hwt 0]]: [././././././././././././././././././././././././././././././././././././././././././././././././././././B/././././././././././.][./././././././././././././././././././././././././././././././././././././././././././././././././././././././././././././././.]
[n2lcn0123.ab2021.local:2394443] MCW rank 626 bound to socket 1[core 72[hwt 0]]: [./././././././././././././././././././././././././././././././././././././././././././././././././././././././././././././././.][././././././././B/././././././././././././././././././././././././././././././././././././././././././././././././././././././.]
[n2lcn0123.ab2021.local:2394444] MCW rank 627 bound to socket 1[core 76[hwt 0]]: [./././././././././././././././././././././././././././././././././././././././././././././././././././././././././././././././.][././././././././././././B/././././././././././././././././././././././././././././././././././././././././././././././././././.]
[n2lcn0123.ab2021.local:2394443] MCW rank 626 bound to socket 1[core 72[hwt 0]]: [./././././././././././././././././././././././././././././././././././././././././././././././././././././././././././././././.][././././././././B/././././././././././././././././././././././././././././././././././././././././././././././././././././././.]
[n2lcn0123.ab2021.local:2394452] MCW rank 635 bound to socket 1[core 108[hwt 0]]: [./././././././././././././././././././././././././././././././././././././././././././././././././././././././././././././././.][././././././././././././././././././././././././././././././././././././././././././././B/././././././././././././././././././.]
[n2lcn0123.ab2021.local:2394444] MCW rank 627 bound to socket 1[core 76[hwt 0]]: [./././././././././././././././././././././././././././././././././././././././././././././././././././././././././././././././.][././././././././././././B/././././././././././././././././././././././././././././././././././././././././././././././././././.]
[n2lcn0123.ab2021.local:2394450] MCW rank 633 bound to socket 1[core 100[hwt 0]]: [./././././././././././././././././././././././././././././././././././././././././././././././././././././././././././././././.][././././././././././././././././././././././././././././././././././././B/././././././././././././././././././././././././././.]
[n2lcn0123.ab2021.local:2394452] MCW rank 635 bound to socket 1[core 108[hwt 0]]: [./././././././././././././././././././././././././././././././././././././././././././././././././././././././././././././././.][././././././././././././././././././././././././././././././././././././././././././././B/././././././././././././././././././.]
[n2lcn0123.ab2021.local:2394450] MCW rank 633 bound to socket 1[core 100[hwt 0]]: [./././././././././././././././././././././././././././././././././././././././././././././././././././././././././././././././.][././././././././././././././././././././././././././././././././././././B/././././././././././././././././././././././././././.]
[n2lcn0123.ab2021.local:2394432] MCW rank 615 bound to socket 0[core 28[hwt 0]]: [././././././././././././././././././././././././././././B/././././././././././././././././././././././././././././././././././.][./././././././././././././././././././././././././././././././././././././././././././././././././././././././././././././././.]
[n2lcn0123.ab2021.local:2394441] MCW rank 624 bound to socket 1[core 64[hwt 0]]: [./././././././././././././././././././././././././././././././././././././././././././././././././././././././././././././././.][B/././././././././././././././././././././././././././././././././././././././././././././././././././././././././././././././.]
[n2lcn0123.ab2021.local:2394432] MCW rank 615 bound to socket 0[core 28[hwt 0]]: [././././././././././././././././././././././././././././B/././././././././././././././././././././././././././././././././././.][./././././././././././././././././././././././././././././././././././././././././././././././././././././././././././././././.]
[n2lcn0123.ab2021.local:2394442] MCW rank 625 bound to socket 1[core 68[hwt 0]]: [./././././././././././././././././././././././././././././././././././././././././././././././././././././././././././././././.][././././B/././././././././././././././././././././././././././././././././././././././././././././././././././././././././././.]
[n2lcn0123.ab2021.local:2394451] MCW rank 634 bound to socket 1[core 104[hwt 0]]: [./././././././././././././././././././././././././././././././././././././././././././././././././././././././././././././././.][././././././././././././././././././././././././././././././././././././././././B/././././././././././././././././././././././.]
[n2lcn0123.ab2021.local:2394441] MCW rank 624 bound to socket 1[core 64[hwt 0]]: [./././././././././././././././././././././././././././././././././././././././././././././././././././././././././././././././.][B/././././././././././././././././././././././././././././././././././././././././././././././././././././././././././././././.]
[n2lcn0123.ab2021.local:2394442] MCW rank 625 bound to socket 1[core 68[hwt 0]]: [./././././././././././././././././././././././././././././././././././././././././././././././././././././././././././././././.][././././B/././././././././././././././././././././././././././././././././././././././././././././././././././././././././././.]
[n2lcn0123.ab2021.local:2394451] MCW rank 634 bound to socket 1[core 104[hwt 0]]: [./././././././././././././././././././././././././././././././././././././././././././././././././././././././././././././././.][././././././././././././././././././././././././././././././././././././././././B/././././././././././././././././././././././.]
[n2lcn0123.ab2021.local:2394449] MCW rank 632 bound to socket 1[core 96[hwt 0]]: [./././././././././././././././././././././././././././././././././././././././././././././././././././././././././././././././.][././././././././././././././././././././././././././././././././B/././././././././././././././././././././././././././././././.]
[n2lcn0123.ab2021.local:2394449] MCW rank 632 bound to socket 1[core 96[hwt 0]]: [./././././././././././././././././././././././././././././././././././././././././././././././././././././././././././././././.][././././././././././././././././././././././././././././././././B/././././././././././././././././././././././././././././././.]
[n2lcn0123.ab2021.local:2394454] MCW rank 637 bound to socket 1[core 116[hwt 0]]: [./././././././././././././././././././././././././././././././././././././././././././././././././././././././././././././././.][././././././././././././././././././././././././././././././././././././././././././././././././././././B/././././././././././.]
[n2lcn0123.ab2021.local:2394453] MCW rank 636 bound to socket 1[core 112[hwt 0]]: [./././././././././././././././././././././././././././././././././././././././././././././././././././././././././././././././.][././././././././././././././././././././././././././././././././././././././././././././././././B/././././././././././././././.]
[n2lcn0123.ab2021.local:2394448] MCW rank 631 bound to socket 1[core 92[hwt 0]]: [./././././././././././././././././././././././././././././././././././././././././././././././././././././././././././././././.][././././././././././././././././././././././././././././B/././././././././././././././././././././././././././././././././././.]
[n2lcn0123.ab2021.local:2394446] MCW rank 629 bound to socket 1[core 84[hwt 0]]: [./././././././././././././././././././././././././././././././././././././././././././././././././././././././././././././././.][././././././././././././././././././././B/././././././././././././././././././././././././././././././././././././././././././.]
[n2lcn0123.ab2021.local:2394453] MCW rank 636 bound to socket 1[core 112[hwt 0]]: [./././././././././././././././././././././././././././././././././././././././././././././././././././././././././././././././.][././././././././././././././././././././././././././././././././././././././././././././././././B/././././././././././././././.]
[n2lcn0123.ab2021.local:2394454] MCW rank 637 bound to socket 1[core 116[hwt 0]]: [./././././././././././././././././././././././././././././././././././././././././././././././././././././././././././././././.][././././././././././././././././././././././././././././././././././././././././././././././././././././B/././././././././././.]
[n2lcn0123.ab2021.local:2394448] MCW rank 631 bound to socket 1[core 92[hwt 0]]: [./././././././././././././././././././././././././././././././././././././././././././././././././././././././././././././././.][././././././././././././././././././././././././././././B/././././././././././././././././././././././././././././././././././.]
[n2lcn0123.ab2021.local:2394446] MCW rank 629 bound to socket 1[core 84[hwt 0]]: [./././././././././././././././././././././././././././././././././././././././././././././././././././././././././././././././.][././././././././././././././././././././B/././././././././././././././././././././././././././././././././././././././././././.]
[n2lcn0123.ab2021.local:2394455] MCW rank 638 bound to socket 1[core 120[hwt 0]]: [./././././././././././././././././././././././././././././././././././././././././././././././././././././././././././././././.][././././././././././././././././././././././././././././././././././././././././././././././././././././././././B/././././././.]
[n2lcn0123.ab2021.local:2394455] MCW rank 638 bound to socket 1[core 120[hwt 0]]: [./././././././././././././././././././././././././././././././././././././././././././././././././././././././././././././././.][././././././././././././././././././././././././././././././././././././././././././././././././././././././././B/././././././.]
[n2lcn0123.ab2021.local:2394447] MCW rank 630 bound to socket 1[core 88[hwt 0]]: [./././././././././././././././././././././././././././././././././././././././././././././././././././././././././././././././.][././././././././././././././././././././././././B/././././././././././././././././././././././././././././././././././././././.]
[n2lcn0123.ab2021.local:2394447] MCW rank 630 bound to socket 1[core 88[hwt 0]]: [./././././././././././././././././././././././././././././././././././././././././././././././././././././././././././././././.][././././././././././././././././././././././././B/././././././././././././././././././././././././././././././././././././././.]
[n2lcn0123.ab2021.local:2394427] MCW rank 610 bound to socket 0[core 8[hwt 0]]: [././././././././B/././././././././././././././././././././././././././././././././././././././././././././././././././././././.][./././././././././././././././././././././././././././././././././././././././././././././././././././././././././././././././.]
[n2lcn0123.ab2021.local:2394427] MCW rank 610 bound to socket 0[core 8[hwt 0]]: [././././././././B/././././././././././././././././././././././././././././././././././././././././././././././././././././././.][./././././././././././././././././././././././././././././././././././././././././././././././././././././././././././././././.]
[n2lcn0125:361443] MCW rank 682 bound to socket 0[core 40[hwt 0]]: [././././././././././././././././././././././././././././././././././././././././B/././././././././././././././././././././././.][./././././././././././././././././././././././././././././././././././././././././././././././././././././././././././././././.]
[n2lcn0123.ab2021.local:2394425] MCW rank 608 bound to socket 0[core 0[hwt 0]]: [B/././././././././././././././././././././././././././././././././././././././././././././././././././././././././././././././.][./././././././././././././././././././././././././././././././././././././././././././././././././././././././././././././././.]
[n2lcn0125:361443] MCW rank 682 bound to socket 0[core 40[hwt 0]]: [././././././././././././././././././././././././././././././././././././././././B/././././././././././././././././././././././.][./././././././././././././././././././././././././././././././././././././././././././././././././././././././././././././././.]
[n2lcn0123.ab2021.local:2394425] MCW rank 608 bound to socket 0[core 0[hwt 0]]: [B/././././././././././././././././././././././././././././././././././././././././././././././././././././././././././././././.][./././././././././././././././././././././././././././././././././././././././././././././././././././././././././././././././.]
[n2lcn0123.ab2021.local:2394433] MCW rank 616 bound to socket 0[core 32[hwt 0]]: [././././././././././././././././././././././././././././././././B/././././././././././././././././././././././././././././././.][./././././././././././././././././././././././././././././././././././././././././././././././././././././././././././././././.]
[n2lcn0123.ab2021.local:2394431] MCW rank 614 bound to socket 0[core 24[hwt 0]]: [././././././././././././././././././././././././B/././././././././././././././././././././././././././././././././././././././.][./././././././././././././././././././././././././././././././././././././././././././././././././././././././././././././././.]
[n2lcn0123.ab2021.local:2394445] MCW rank 628 bound to socket 1[core 80[hwt 0]]: [./././././././././././././././././././././././././././././././././././././././././././././././././././././././././././././././.][././././././././././././././././B/././././././././././././././././././././././././././././././././././././././././././././././.]
[n2lcn0123.ab2021.local:2394456] MCW rank 639 bound to socket 1[core 124[hwt 0]]: [./././././././././././././././././././././././././././././././././././././././././././././././././././././././././././././././.][././././././././././././././././././././././././././././././././././././././././././././././././././././././././././././B/././.]
[n2lcn0123.ab2021.local:2394433] MCW rank 616 bound to socket 0[core 32[hwt 0]]: [././././././././././././././././././././././././././././././././B/././././././././././././././././././././././././././././././.][./././././././././././././././././././././././././././././././././././././././././././././././././././././././././././././././.]
[n2lcn0123.ab2021.local:2394431] MCW rank 614 bound to socket 0[core 24[hwt 0]]: [././././././././././././././././././././././././B/././././././././././././././././././././././././././././././././././././././.][./././././././././././././././././././././././././././././././././././././././././././././././././././././././././././././././.]
[n2lcn0123.ab2021.local:2394445] MCW rank 628 bound to socket 1[core 80[hwt 0]]: [./././././././././././././././././././././././././././././././././././././././././././././././././././././././././././././././.][././././././././././././././././B/././././././././././././././././././././././././././././././././././././././././././././././.]
[n2lcn0123.ab2021.local:2394456] MCW rank 639 bound to socket 1[core 124[hwt 0]]: [./././././././././././././././././././././././././././././././././././././././././././././././././././././././././././././././.][././././././././././././././././././././././././././././././././././././././././././././././././././././././././././././B/././.]
[n2lcn0123.ab2021.local:2394428] MCW rank 611 bound to socket 0[core 12[hwt 0]]: [././././././././././././B/././././././././././././././././././././././././././././././././././././././././././././././././././.][./././././././././././././././././././././././././././././././././././././././././././././././././././././././././././././././.]
[n2lcn0123.ab2021.local:2394426] MCW rank 609 bound to socket 0[core 4[hwt 0]]: [././././B/././././././././././././././././././././././././././././././././././././././././././././././././././././././././././.][./././././././././././././././././././././././././././././././././././././././././././././././././././././././././././././././.]
[n2lcn0123.ab2021.local:2394428] MCW rank 611 bound to socket 0[core 12[hwt 0]]: [././././././././././././B/././././././././././././././././././././././././././././././././././././././././././././././././././.][./././././././././././././././././././././././././././././././././././././././././././././././././././././././././././././././.]
[n2lcn0123.ab2021.local:2394426] MCW rank 609 bound to socket 0[core 4[hwt 0]]: [././././B/././././././././././././././././././././././././././././././././././././././././././././././././././././././././././.][./././././././././././././././././././././././././././././././././././././././././././././././././././././././././././././././.]
[n2lcn0125:361437] MCW rank 676 bound to socket 0[core 16[hwt 0]]: [././././././././././././././././B/././././././././././././././././././././././././././././././././././././././././././././././.][./././././././././././././././././././././././././././././././././././././././././././././././././././././././././././././././.]
[n2lcn0125:361438] MCW rank 677 bound to socket 0[core 20[hwt 0]]: [././././././././././././././././././././B/././././././././././././././././././././././././././././././././././././././././././.][./././././././././././././././././././././././././././././././././././././././././././././././././././././././././././././././.]
[n2lcn0125:361437] MCW rank 676 bound to socket 0[core 16[hwt 0]]: [././././././././././././././././B/././././././././././././././././././././././././././././././././././././././././././././././.][./././././././././././././././././././././././././././././././././././././././././././././././././././././././././././././././.]
[n2lcn0125:361438] MCW rank 677 bound to socket 0[core 20[hwt 0]]: [././././././././././././././././././././B/././././././././././././././././././././././././././././././././././././././././././.][./././././././././././././././././././././././././././././././././././././././././././././././././././././././././././././././.]
[n2lcn0125:361462] MCW rank 701 bound to socket 1[core 116[hwt 0]]: [./././././././././././././././././././././././././././././././././././././././././././././././././././././././././././././././.][././././././././././././././././././././././././././././././././././././././././././././././././././././B/././././././././././.]
[n2lcn0125:361462] MCW rank 701 bound to socket 1[core 116[hwt 0]]: [./././././././././././././././././././././././././././././././././././././././././././././././././././././././././././././././.][././././././././././././././././././././././././././././././././././././././././././././././././././././B/././././././././././.]
[n2lcn0125:361439] MCW rank 678 bound to socket 0[core 24[hwt 0]]: [././././././././././././././././././././././././B/././././././././././././././././././././././././././././././././././././././.][./././././././././././././././././././././././././././././././././././././././././././././././././././././././././././././././.]
[n2lcn0125:361435] MCW rank 674 bound to socket 0[core 8[hwt 0]]: [././././././././B/././././././././././././././././././././././././././././././././././././././././././././././././././././././.][./././././././././././././././././././././././././././././././././././././././././././././././././././././././././././././././.]
[n2lcn0125:361439] MCW rank 678 bound to socket 0[core 24[hwt 0]]: [././././././././././././././././././././././././B/././././././././././././././././././././././././././././././././././././././.][./././././././././././././././././././././././././././././././././././././././././././././././././././././././././././././././.]
[n2lcn0125:361435] MCW rank 674 bound to socket 0[core 8[hwt 0]]: [././././././././B/././././././././././././././././././././././././././././././././././././././././././././././././././././././.][./././././././././././././././././././././././././././././././././././././././././././././././././././././././././././././././.]
[n2lcn0125:361459] MCW rank 698 bound to socket 1[core 104[hwt 0]]: [./././././././././././././././././././././././././././././././././././././././././././././././././././././././././././././././.][././././././././././././././././././././././././././././././././././././././././B/././././././././././././././././././././././.]
[n2lcn0125:361459] MCW rank 698 bound to socket 1[core 104[hwt 0]]: [./././././././././././././././././././././././././././././././././././././././././././././././././././././././././././././././.][././././././././././././././././././././././././././././././././././././././././B/././././././././././././././././././././././.]
[n2lcn0103.ab2021.local:4026034] MCW rank 8 bound to socket 0[core 32[hwt 0]]: [././././././././././././././././././././././././././././././././B/././././././././././././././././././././././././././././././.][./././././././././././././././././././././././././././././././././././././././././././././././././././././././././././././././.]
[n2lcn0103.ab2021.local:4026034] MCW rank 8 bound to socket 0[core 32[hwt 0]]: [././././././././././././././././././././././././././././././././B/././././././././././././././././././././././././././././././.][./././././././././././././././././././././././././././././././././././././././././././././././././././././././././././././././.]
[n2lcn0103.ab2021.local:4026032] MCW rank 6 bound to socket 0[core 24[hwt 0]]: [././././././././././././././././././././././././B/././././././././././././././././././././././././././././././././././././././.][./././././././././././././././././././././././././././././././././././././././././././././././././././././././././././././././.]
[n2lcn0103.ab2021.local:4026032] MCW rank 6 bound to socket 0[core 24[hwt 0]]: [././././././././././././././././././././././././B/././././././././././././././././././././././././././././././././././././././.][./././././././././././././././././././././././././././././././././././././././././././././././././././././././././././././././.]
[n2lcn0103.ab2021.local:4026040] MCW rank 14 bound to socket 0[core 56[hwt 0]]: [././././././././././././././././././././././././././././././././././././././././././././././././././././././././B/././././././.][./././././././././././././././././././././././././././././././././././././././././././././././././././././././././././././././.]
[n2lcn0103.ab2021.local:4026041] MCW rank 15 bound to socket 0[core 60[hwt 0]]: [././././././././././././././././././././././././././././././././././././././././././././././././././././././././././././B/././.][./././././././././././././././././././././././././././././././././././././././././././././././././././././././././././././././.]
[n2lcn0103.ab2021.local:4026033] MCW rank 7 bound to socket 0[core 28[hwt 0]]: [././././././././././././././././././././././././././././B/././././././././././././././././././././././././././././././././././.][./././././././././././././././././././././././././././././././././././././././././././././././././././././././././././././././.]
[n2lcn0103.ab2021.local:4026035] MCW rank 9 bound to socket 0[core 36[hwt 0]]: [././././././././././././././././././././././././././././././././././././B/././././././././././././././././././././././././././.][./././././././././././././././././././././././././././././././././././././././././././././././././././././././././././././././.]
[n2lcn0103.ab2021.local:4026040] MCW rank 14 bound to socket 0[core 56[hwt 0]]: [././././././././././././././././././././././././././././././././././././././././././././././././././././././././B/././././././.][./././././././././././././././././././././././././././././././././././././././././././././././././././././././././././././././.]
[n2lcn0103.ab2021.local:4026041] MCW rank 15 bound to socket 0[core 60[hwt 0]]: [././././././././././././././././././././././././././././././././././././././././././././././././././././././././././././B/././.][./././././././././././././././././././././././././././././././././././././././././././././././././././././././././././././././.]
[n2lcn0103.ab2021.local:4026033] MCW rank 7 bound to socket 0[core 28[hwt 0]]: [././././././././././././././././././././././././././././B/././././././././././././././././././././././././././././././././././.][./././././././././././././././././././././././././././././././././././././././././././././././././././././././././././././././.]
[n2lcn0103.ab2021.local:4026035] MCW rank 9 bound to socket 0[core 36[hwt 0]]: [././././././././././././././././././././././././././././././././././././B/././././././././././././././././././././././././././.][./././././././././././././././././././././././././././././././././././././././././././././././././././././././././././././././.]
[n2lcn0103.ab2021.local:4026039] MCW rank 13 bound to socket 0[core 52[hwt 0]]: [././././././././././././././././././././././././././././././././././././././././././././././././././././B/././././././././././.][./././././././././././././././././././././././././././././././././././././././././././././././././././././././././././././././.]
[n2lcn0103.ab2021.local:4026038] MCW rank 12 bound to socket 0[core 48[hwt 0]]: [././././././././././././././././././././././././././././././././././././././././././././././././B/././././././././././././././.][./././././././././././././././././././././././././././././././././././././././././././././././././././././././././././././././.]
[n2lcn0103.ab2021.local:4026039] MCW rank 13 bound to socket 0[core 52[hwt 0]]: [././././././././././././././././././././././././././././././././././././././././././././././././././././B/././././././././././.][./././././././././././././././././././././././././././././././././././././././././././././././././././././././././././././././.]
[n2lcn0103.ab2021.local:4026038] MCW rank 12 bound to socket 0[core 48[hwt 0]]: [././././././././././././././././././././././././././././././././././././././././././././././././B/././././././././././././././.][./././././././././././././././././././././././././././././././././././././././././././././././././././././././././././././././.]
[n2lcn0103.ab2021.local:4026031] MCW rank 5 bound to socket 0[core 20[hwt 0]]: [././././././././././././././././././././B/././././././././././././././././././././././././././././././././././././././././././.][./././././././././././././././././././././././././././././././././././././././././././././././././././././././././././././././.]
[n2lcn0103.ab2021.local:4026031] MCW rank 5 bound to socket 0[core 20[hwt 0]]: [././././././././././././././././././././B/././././././././././././././././././././././././././././././././././././././././././.][./././././././././././././././././././././././././././././././././././././././././././././././././././././././././././././././.]
[n2lcn0103.ab2021.local:4026030] MCW rank 4 bound to socket 0[core 16[hwt 0]]: [././././././././././././././././B/././././././././././././././././././././././././././././././././././././././././././././././.][./././././././././././././././././././././././././././././././././././././././././././././././././././././././././././././././.]
[n2lcn0103.ab2021.local:4026030] MCW rank 4 bound to socket 0[core 16[hwt 0]]: [././././././././././././././././B/././././././././././././././././././././././././././././././././././././././././././././././.][./././././././././././././././././././././././././././././././././././././././././././././././././././././././././././././././.]
[n2lcn0103.ab2021.local:4026042] MCW rank 16 bound to socket 1[core 64[hwt 0]]: [./././././././././././././././././././././././././././././././././././././././././././././././././././././././././././././././.][B/././././././././././././././././././././././././././././././././././././././././././././././././././././././././././././././.]
[n2lcn0103.ab2021.local:4026043] MCW rank 17 bound to socket 1[core 68[hwt 0]]: [./././././././././././././././././././././././././././././././././././././././././././././././././././././././././././././././.][././././B/././././././././././././././././././././././././././././././././././././././././././././././././././././././././././.]
[n2lcn0103.ab2021.local:4026042] MCW rank 16 bound to socket 1[core 64[hwt 0]]: [./././././././././././././././././././././././././././././././././././././././././././././././././././././././././././././././.][B/././././././././././././././././././././././././././././././././././././././././././././././././././././././././././././././.]
[n2lcn0103.ab2021.local:4026043] MCW rank 17 bound to socket 1[core 68[hwt 0]]: [./././././././././././././././././././././././././././././././././././././././././././././././././././././././././././././././.][././././B/././././././././././././././././././././././././././././././././././././././././././././././././././././././././././.]
[n2lcn0103.ab2021.local:4026049] MCW rank 23 bound to socket 1[core 92[hwt 0]]: [./././././././././././././././././././././././././././././././././././././././././././././././././././././././././././././././.][././././././././././././././././././././././././././././B/././././././././././././././././././././././././././././././././././.]
[n2lcn0103.ab2021.local:4026055] MCW rank 29 bound to socket 1[core 116[hwt 0]]: [./././././././././././././././././././././././././././././././././././././././././././././././././././././././././././././././.][././././././././././././././././././././././././././././././././././././././././././././././././././././B/././././././././././.]
[n2lcn0103.ab2021.local:4026049] MCW rank 23 bound to socket 1[core 92[hwt 0]]: [./././././././././././././././././././././././././././././././././././././././././././././././././././././././././././././././.][././././././././././././././././././././././././././././B/././././././././././././././././././././././././././././././././././.]
[n2lcn0103.ab2021.local:4026057] MCW rank 31 bound to socket 1[core 124[hwt 0]]: [./././././././././././././././././././././././././././././././././././././././././././././././././././././././././././././././.][././././././././././././././././././././././././././././././././././././././././././././././././././././././././././././B/././.]
[n2lcn0103.ab2021.local:4026055] MCW rank 29 bound to socket 1[core 116[hwt 0]]: [./././././././././././././././././././././././././././././././././././././././././././././././././././././././././././././././.][././././././././././././././././././././././././././././././././././././././././././././././././././././B/././././././././././.]
[n2lcn0103.ab2021.local:4026057] MCW rank 31 bound to socket 1[core 124[hwt 0]]: [./././././././././././././././././././././././././././././././././././././././././././././././././././././././././././././././.][././././././././././././././././././././././././././././././././././././././././././././././././././././././././././././B/././.]
[n2lcn0103.ab2021.local:4026050] MCW rank 24 bound to socket 1[core 96[hwt 0]]: [./././././././././././././././././././././././././././././././././././././././././././././././././././././././././././././././.][././././././././././././././././././././././././././././././././B/././././././././././././././././././././././././././././././.]
[n2lcn0103.ab2021.local:4026050] MCW rank 24 bound to socket 1[core 96[hwt 0]]: [./././././././././././././././././././././././././././././././././././././././././././././././././././././././././././././././.][././././././././././././././././././././././././././././././././B/././././././././././././././././././././././././././././././.]
[n2lcn0103.ab2021.local:4026037] MCW rank 11 bound to socket 0[core 44[hwt 0]]: [././././././././././././././././././././././././././././././././././././././././././././B/././././././././././././././././././.][./././././././././././././././././././././././././././././././././././././././././././././././././././././././././././././././.]
[n2lcn0103.ab2021.local:4026037] MCW rank 11 bound to socket 0[core 44[hwt 0]]: [././././././././././././././././././././././././././././././././././././././././././././B/././././././././././././././././././.][./././././././././././././././././././././././././././././././././././././././././././././././././././././././././././././././.]
[n2lcn0103.ab2021.local:4026026] MCW rank 0 bound to socket 0[core 0[hwt 0]]: [B/././././././././././././././././././././././././././././././././././././././././././././././././././././././././././././././.][./././././././././././././././././././././././././././././././././././././././././././././././././././././././././././././././.]
[n2lcn0103.ab2021.local:4026027] MCW rank 1 bound to socket 0[core 4[hwt 0]]: [././././B/././././././././././././././././././././././././././././././././././././././././././././././././././././././././././.][./././././././././././././././././././././././././././././././././././././././././././././././././././././././././././././././.]
[n2lcn0103.ab2021.local:4026026] MCW rank 0 bound to socket 0[core 0[hwt 0]]: [B/././././././././././././././././././././././././././././././././././././././././././././././././././././././././././././././.][./././././././././././././././././././././././././././././././././././././././././././././././././././././././././././././././.]
[n2lcn0103.ab2021.local:4026027] MCW rank 1 bound to socket 0[core 4[hwt 0]]: [././././B/././././././././././././././././././././././././././././././././././././././././././././././././././././././././././.][./././././././././././././././././././././././././././././././././././././././././././././././././././././././././././././././.]
[n2lcn0103.ab2021.local:4026048] MCW rank 22 bound to socket 1[core 88[hwt 0]]: [./././././././././././././././././././././././././././././././././././././././././././././././././././././././././././././././.][././././././././././././././././././././././././B/././././././././././././././././././././././././././././././././././././././.]
[n2lcn0103.ab2021.local:4026054] MCW rank 28 bound to socket 1[core 112[hwt 0]]: [./././././././././././././././././././././././././././././././././././././././././././././././././././././././././././././././.][././././././././././././././././././././././././././././././././././././././././././././././././B/././././././././././././././.]
[n2lcn0103.ab2021.local:4026048] MCW rank 22 bound to socket 1[core 88[hwt 0]]: [./././././././././././././././././././././././././././././././././././././././././././././././././././././././././././././././.][././././././././././././././././././././././././B/././././././././././././././././././././././././././././././././././././././.]
[n2lcn0103.ab2021.local:4026054] MCW rank 28 bound to socket 1[core 112[hwt 0]]: [./././././././././././././././././././././././././././././././././././././././././././././././././././././././././././././././.][././././././././././././././././././././././././././././././././././././././././././././././././B/././././././././././././././.]
[n2lcn0103.ab2021.local:4026052] MCW rank 26 bound to socket 1[core 104[hwt 0]]: [./././././././././././././././././././././././././././././././././././././././././././././././././././././././././././././././.][././././././././././././././././././././././././././././././././././././././././B/././././././././././././././././././././././.]
[n2lcn0103.ab2021.local:4026053] MCW rank 27 bound to socket 1[core 108[hwt 0]]: [./././././././././././././././././././././././././././././././././././././././././././././././././././././././././././././././.][././././././././././././././././././././././././././././././././././././././././././././B/././././././././././././././././././.]
[n2lcn0103.ab2021.local:4026052] MCW rank 26 bound to socket 1[core 104[hwt 0]]: [./././././././././././././././././././././././././././././././././././././././././././././././././././././././././././././././.][././././././././././././././././././././././././././././././././././././././././B/././././././././././././././././././././././.]
[n2lcn0103.ab2021.local:4026053] MCW rank 27 bound to socket 1[core 108[hwt 0]]: [./././././././././././././././././././././././././././././././././././././././././././././././././././././././././././././././.][././././././././././././././././././././././././././././././././././././././././././././B/././././././././././././././././././.]
[n2lcn0103.ab2021.local:4026056] MCW rank 30 bound to socket 1[core 120[hwt 0]]: [./././././././././././././././././././././././././././././././././././././././././././././././././././././././././././././././.][././././././././././././././././././././././././././././././././././././././././././././././././././././././././B/././././././.]
[n2lcn0103.ab2021.local:4026046] MCW rank 20 bound to socket 1[core 80[hwt 0]]: [./././././././././././././././././././././././././././././././././././././././././././././././././././././././././././././././.][././././././././././././././././B/././././././././././././././././././././././././././././././././././././././././././././././.]
[n2lcn0103.ab2021.local:4026047] MCW rank 21 bound to socket 1[core 84[hwt 0]]: [./././././././././././././././././././././././././././././././././././././././././././././././././././././././././././././././.][././././././././././././././././././././B/././././././././././././././././././././././././././././././././././././././././././.]
[n2lcn0103.ab2021.local:4026056] MCW rank 30 bound to socket 1[core 120[hwt 0]]: [./././././././././././././././././././././././././././././././././././././././././././././././././././././././././././././././.][././././././././././././././././././././././././././././././././././././././././././././././././././././././././B/././././././.]
[n2lcn0103.ab2021.local:4026046] MCW rank 20 bound to socket 1[core 80[hwt 0]]: [./././././././././././././././././././././././././././././././././././././././././././././././././././././././././././././././.][././././././././././././././././B/././././././././././././././././././././././././././././././././././././././././././././././.]
[n2lcn0103.ab2021.local:4026047] MCW rank 21 bound to socket 1[core 84[hwt 0]]: [./././././././././././././././././././././././././././././././././././././././././././././././././././././././././././././././.][././././././././././././././././././././B/././././././././././././././././././././././././././././././././././././././././././.]
[n2lcn0103.ab2021.local:4026045] MCW rank 19 bound to socket 1[core 76[hwt 0]]: [./././././././././././././././././././././././././././././././././././././././././././././././././././././././././././././././.][././././././././././././B/././././././././././././././././././././././././././././././././././././././././././././././././././.]
[n2lcn0103.ab2021.local:4026028] MCW rank 2 bound to socket 0[core 8[hwt 0]]: [././././././././B/././././././././././././././././././././././././././././././././././././././././././././././././././././././.][./././././././././././././././././././././././././././././././././././././././././././././././././././././././././././././././.]
[n2lcn0103.ab2021.local:4026044] MCW rank 18 bound to socket 1[core 72[hwt 0]]: [./././././././././././././././././././././././././././././././././././././././././././././././././././././././././././././././.][././././././././B/././././././././././././././././././././././././././././././././././././././././././././././././././././././.]
[n2lcn0103.ab2021.local:4026045] MCW rank 19 bound to socket 1[core 76[hwt 0]]: [./././././././././././././././././././././././././././././././././././././././././././././././././././././././././././././././.][././././././././././././B/././././././././././././././././././././././././././././././././././././././././././././././././././.]
[n2lcn0103.ab2021.local:4026029] MCW rank 3 bound to socket 0[core 12[hwt 0]]: [././././././././././././B/././././././././././././././././././././././././././././././././././././././././././././././././././.][./././././././././././././././././././././././././././././././././././././././././././././././././././././././././././././././.]
[n2lcn0103.ab2021.local:4026028] MCW rank 2 bound to socket 0[core 8[hwt 0]]: [././././././././B/././././././././././././././././././././././././././././././././././././././././././././././././././././././.][./././././././././././././././././././././././././././././././././././././././././././././././././././././././././././././././.]
[n2lcn0103.ab2021.local:4026044] MCW rank 18 bound to socket 1[core 72[hwt 0]]: [./././././././././././././././././././././././././././././././././././././././././././././././././././././././././././././././.][././././././././B/././././././././././././././././././././././././././././././././././././././././././././././././././././././.]
[n2lcn0103.ab2021.local:4026029] MCW rank 3 bound to socket 0[core 12[hwt 0]]: [././././././././././././B/././././././././././././././././././././././././././././././././././././././././././././././././././.][./././././././././././././././././././././././././././././././././././././././././././././././././././././././././././././././.]
[n2lcn0135:2575703] MCW rank 958 bound to socket 1[core 120[hwt 0]]: [./././././././././././././././././././././././././././././././././././././././././././././././././././././././././././././././.][././././././././././././././././././././././././././././././././././././././././././././././././././././././././B/././././././.]
[n2lcn0135:2575703] MCW rank 958 bound to socket 1[core 120[hwt 0]]: [./././././././././././././././././././././././././././././././././././././././././././././././././././././././././././././././.][././././././././././././././././././././././././././././././././././././././././././././././././././././././././B/././././././.]
[n2lcn0124:1790606] MCW rank 653 bound to socket 0[core 52[hwt 0]]: [././././././././././././././././././././././././././././././././././././././././././././././././././././B/././././././././././.][./././././././././././././././././././././././././././././././././././././././././././././././././././././././././././././././.]
[n2lcn0124:1790606] MCW rank 653 bound to socket 0[core 52[hwt 0]]: [././././././././././././././././././././././././././././././././././././././././././././././././././././B/././././././././././.][./././././././././././././././././././././././././././././././././././././././././././././././././././././././././././././././.]
[n2lcn0124:1790622] MCW rank 669 bound to socket 1[core 116[hwt 0]]: [./././././././././././././././././././././././././././././././././././././././././././././././././././././././././././././././.][././././././././././././././././././././././././././././././././././././././././././././././././././././B/././././././././././.]
[n2lcn0124:1790622] MCW rank 669 bound to socket 1[core 116[hwt 0]]: [./././././././././././././././././././././././././././././././././././././././././././././././././././././././././././././././.][././././././././././././././././././././././././././././././././././././././././././././././././././././B/././././././././././.]
[n2lcn0124:1790615] MCW rank 662 bound to socket 1[core 88[hwt 0]]: [./././././././././././././././././././././././././././././././././././././././././././././././././././././././././././././././.][././././././././././././././././././././././././B/././././././././././././././././././././././././././././././././././././././.]
[n2lcn0124:1790615] MCW rank 662 bound to socket 1[core 88[hwt 0]]: [./././././././././././././././././././././././././././././././././././././././././././././././././././././././././././././././.][././././././././././././././././././././././././B/././././././././././././././././././././././././././././././././././././././.]
[n2lcn0124:1790605] MCW rank 652 bound to socket 0[core 48[hwt 0]]: [././././././././././././././././././././././././././././././././././././././././././././././././B/././././././././././././././.][./././././././././././././././././././././././././././././././././././././././././././././././././././././././././././././././.]
[n2lcn0124:1790605] MCW rank 652 bound to socket 0[core 48[hwt 0]]: [././././././././././././././././././././././././././././././././././././././././././././././././B/././././././././././././././.][./././././././././././././././././././././././././././././././././././././././././././././././././././././././././././././././.]
[n2lcn0124:1790621] MCW rank 668 bound to socket 1[core 112[hwt 0]]: [./././././././././././././././././././././././././././././././././././././././././././././././././././././././././././././././.][././././././././././././././././././././././././././././././././././././././././././././././././B/././././././././././././././.]
[n2lcn0124:1790621] MCW rank 668 bound to socket 1[core 112[hwt 0]]: [./././././././././././././././././././././././././././././././././././././././././././././././././././././././././././././././.][././././././././././././././././././././././././././././././././././././././././././././././././B/././././././././././././././.]
[n2lcn0124:1790604] MCW rank 651 bound to socket 0[core 44[hwt 0]]: [././././././././././././././././././././././././././././././././././././././././././././B/././././././././././././././././././.][./././././././././././././././././././././././././././././././././././././././././././././././././././././././././././././././.]
[n2lcn0124:1790604] MCW rank 651 bound to socket 0[core 44[hwt 0]]: [././././././././././././././././././././././././././././././././././././././././././././B/././././././././././././././././././.][./././././././././././././././././././././././././././././././././././././././././././././././././././././././././././././././.]
[n2lcn0135:2575684] MCW rank 939 bound to socket 0[core 44[hwt 0]]: [././././././././././././././././././././././././././././././././././././././././././././B/././././././././././././././././././.][./././././././././././././././././././././././././././././././././././././././././././././././././././././././././././././././.]
[n2lcn0135:2575684] MCW rank 939 bound to socket 0[core 44[hwt 0]]: [././././././././././././././././././././././././././././././././././././././././././././B/././././././././././././././././././.][./././././././././././././././././././././././././././././././././././././././././././././././././././././././././././././././.]
[n2lcn0135:2575697] MCW rank 952 bound to socket 1[core 96[hwt 0]]: [./././././././././././././././././././././././././././././././././././././././././././././././././././././././././././././././.][././././././././././././././././././././././././././././././././B/././././././././././././././././././././././././././././././.]
[n2lcn0135:2575697] MCW rank 952 bound to socket 1[core 96[hwt 0]]: [./././././././././././././././././././././././././././././././././././././././././././././././././././././././././././././././.][././././././././././././././././././././././././././././././././B/././././././././././././././././././././././././././././././.]
[n2lcn0135:2575674] MCW rank 929 bound to socket 0[core 4[hwt 0]]: [././././B/././././././././././././././././././././././././././././././././././././././././././././././././././././././././././.][./././././././././././././././././././././././././././././././././././././././././././././././././././././././././././././././.]
[n2lcn0135:2575674] MCW rank 929 bound to socket 0[core 4[hwt 0]]: [././././B/././././././././././././././././././././././././././././././././././././././././././././././././././././././././././.][./././././././././././././././././././././././././././././././././././././././././././././././././././././././././././././././.]
[n2lcn0135:2575680] MCW rank 935 bound to socket 0[core 28[hwt 0]]: [././././././././././././././././././././././././././././B/././././././././././././././././././././././././././././././././././.][./././././././././././././././././././././././././././././././././././././././././././././././././././././././././././././././.]
[n2lcn0135:2575680] MCW rank 935 bound to socket 0[core 28[hwt 0]]: [././././././././././././././././././././././././././././B/././././././././././././././././././././././././././././././././././.][./././././././././././././././././././././././././././././././././././././././././././././././././././././././././././././././.]
[n2lcn0135:2575693] MCW rank 948 bound to socket 1[core 80[hwt 0]]: [./././././././././././././././././././././././././././././././././././././././././././././././././././././././././././././././.][././././././././././././././././B/././././././././././././././././././././././././././././././././././././././././././././././.]
[n2lcn0135:2575693] MCW rank 948 bound to socket 1[core 80[hwt 0]]: [./././././././././././././././././././././././././././././././././././././././././././././././././././././././././././././././.][././././././././././././././././B/././././././././././././././././././././././././././././././././././././././././././././././.]
[n2lcn0135:2575687] MCW rank 942 bound to socket 0[core 56[hwt 0]]: [././././././././././././././././././././././././././././././././././././././././././././././././././././././././B/././././././.][./././././././././././././././././././././././././././././././././././././././././././././././././././././././././././././././.]
[n2lcn0135:2575692] MCW rank 947 bound to socket 1[core 76[hwt 0]]: [./././././././././././././././././././././././././././././././././././././././././././././././././././././././././././././././.][././././././././././././B/././././././././././././././././././././././././././././././././././././././././././././././././././.]
[n2lcn0135:2575687] MCW rank 942 bound to socket 0[core 56[hwt 0]]: [././././././././././././././././././././././././././././././././././././././././././././././././././././././././B/././././././.][./././././././././././././././././././././././././././././././././././././././././././././././././././././././././././././././.]
[n2lcn0135:2575692] MCW rank 947 bound to socket 1[core 76[hwt 0]]: [./././././././././././././././././././././././././././././././././././././././././././././././././././././././././././././././.][././././././././././././B/././././././././././././././././././././././././././././././././././././././././././././././././././.]
[n2lcn0135:2575675] MCW rank 930 bound to socket 0[core 8[hwt 0]]: [././././././././B/././././././././././././././././././././././././././././././././././././././././././././././././././././././.][./././././././././././././././././././././././././././././././././././././././././././././././././././././././././././././././.]
[n2lcn0135:2575675] MCW rank 930 bound to socket 0[core 8[hwt 0]]: [././././././././B/././././././././././././././././././././././././././././././././././././././././././././././././././././././.][./././././././././././././././././././././././././././././././././././././././././././././././././././././././././././././././.]
[n2lcn0124:1790609] MCW rank 656 bound to socket 1[core 64[hwt 0]]: [./././././././././././././././././././././././././././././././././././././././././././././././././././././././././././././././.][B/././././././././././././././././././././././././././././././././././././././././././././././././././././././././././././././.]
[n2lcn0124:1790609] MCW rank 656 bound to socket 1[core 64[hwt 0]]: [./././././././././././././././././././././././././././././././././././././././././././././././././././././././././././././././.][B/././././././././././././././././././././././././././././././././././././././././././././././././././././././././././././././.]
[n2lcn0124:1790597] MCW rank 644 bound to socket 0[core 16[hwt 0]]: [././././././././././././././././B/././././././././././././././././././././././././././././././././././././././././././././././.][./././././././././././././././././././././././././././././././././././././././././././././././././././././././././././././././.]
[n2lcn0124:1790597] MCW rank 644 bound to socket 0[core 16[hwt 0]]: [././././././././././././././././B/././././././././././././././././././././././././././././././././././././././././././././././.][./././././././././././././././././././././././././././././././././././././././././././././././././././././././././././././././.]
[n2lcn0135:2575699] MCW rank 954 bound to socket 1[core 104[hwt 0]]: [./././././././././././././././././././././././././././././././././././././././././././././././././././././././././././././././.][././././././././././././././././././././././././././././././././././././././././B/././././././././././././././././././././././.]
[n2lcn0135:2575699] MCW rank 954 bound to socket 1[core 104[hwt 0]]: [./././././././././././././././././././././././././././././././././././././././././././././././././././././././././././././././.][././././././././././././././././././././././././././././././././././././././././B/././././././././././././././././././././././.]
[n2lcn0135:2575700] MCW rank 955 bound to socket 1[core 108[hwt 0]]: [./././././././././././././././././././././././././././././././././././././././././././././././././././././././././././././././.][././././././././././././././././././././././././././././././././././././././././././././B/././././././././././././././././././.]
[n2lcn0135:2575700] MCW rank 955 bound to socket 1[core 108[hwt 0]]: [./././././././././././././././././././././././././././././././././././././././././././././././././././././././././././././././.][././././././././././././././././././././././././././././././././././././././././././././B/././././././././././././././././././.]
[n2lcn0135:2575694] MCW rank 949 bound to socket 1[core 84[hwt 0]]: [./././././././././././././././././././././././././././././././././././././././././././././././././././././././././././././././.][././././././././././././././././././././B/././././././././././././././././././././././././././././././././././././././././././.]
[n2lcn0135:2575677] MCW rank 932 bound to socket 0[core 16[hwt 0]]: [././././././././././././././././B/././././././././././././././././././././././././././././././././././././././././././././././.][./././././././././././././././././././././././././././././././././././././././././././././././././././././././././././././././.]
[n2lcn0135:2575698] MCW rank 953 bound to socket 1[core 100[hwt 0]]: [./././././././././././././././././././././././././././././././././././././././././././././././././././././././././././././././.][././././././././././././././././././././././././././././././././././././B/././././././././././././././././././././././././././.]
[n2lcn0135:2575694] MCW rank 949 bound to socket 1[core 84[hwt 0]]: [./././././././././././././././././././././././././././././././././././././././././././././././././././././././././././././././.][././././././././././././././././././././B/././././././././././././././././././././././././././././././././././././././././././.]
[n2lcn0135:2575677] MCW rank 932 bound to socket 0[core 16[hwt 0]]: [././././././././././././././././B/././././././././././././././././././././././././././././././././././././././././././././././.][./././././././././././././././././././././././././././././././././././././././././././././././././././././././././././././././.]
[n2lcn0135:2575673] MCW rank 928 bound to socket 0[core 0[hwt 0]]: [B/././././././././././././././././././././././././././././././././././././././././././././././././././././././././././././././.][./././././././././././././././././././././././././././././././././././././././././././././././././././././././././././././././.]
[n2lcn0135:2575698] MCW rank 953 bound to socket 1[core 100[hwt 0]]: [./././././././././././././././././././././././././././././././././././././././././././././././././././././././././././././././.][././././././././././././././././././././././././././././././././././././B/././././././././././././././././././././././././././.]
[n2lcn0135:2575673] MCW rank 928 bound to socket 0[core 0[hwt 0]]: [B/././././././././././././././././././././././././././././././././././././././././././././././././././././././././././././././.][./././././././././././././././././././././././././././././././././././././././././././././././././././././././././././././././.]
[n2lcn0135:2575686] MCW rank 941 bound to socket 0[core 52[hwt 0]]: [././././././././././././././././././././././././././././././././././././././././././././././././././././B/././././././././././.][./././././././././././././././././././././././././././././././././././././././././././././././././././././././././././././././.]
[n2lcn0135:2575686] MCW rank 941 bound to socket 0[core 52[hwt 0]]: [././././././././././././././././././././././././././././././././././././././././././././././././././././B/././././././././././.][./././././././././././././././././././././././././././././././././././././././././././././././././././././././././././././././.]
[n2lcn0135:2575696] MCW rank 951 bound to socket 1[core 92[hwt 0]]: [./././././././././././././././././././././././././././././././././././././././././././././././././././././././././././././././.][././././././././././././././././././././././././././././B/././././././././././././././././././././././././././././././././././.]
[n2lcn0135:2575696] MCW rank 951 bound to socket 1[core 92[hwt 0]]: [./././././././././././././././././././././././././././././././././././././././././././././././././././././././././././././././.][././././././././././././././././././././././././././././B/././././././././././././././././././././././././././././././././././.]
[n2lcn0135:2575676] MCW rank 931 bound to socket 0[core 12[hwt 0]]: [././././././././././././B/././././././././././././././././././././././././././././././././././././././././././././././././././.][./././././././././././././././././././././././././././././././././././././././././././././././././././././././././././././././.]
[n2lcn0135:2575689] MCW rank 944 bound to socket 1[core 64[hwt 0]]: [./././././././././././././././././././././././././././././././././././././././././././././././././././././././././././././././.][B/././././././././././././././././././././././././././././././././././././././././././././././././././././././././././././././.]
[n2lcn0135:2575676] MCW rank 931 bound to socket 0[core 12[hwt 0]]: [././././././././././././B/././././././././././././././././././././././././././././././././././././././././././././././././././.][./././././././././././././././././././././././././././././././././././././././././././././././././././././././././././././././.]
[n2lcn0135:2575689] MCW rank 944 bound to socket 1[core 64[hwt 0]]: [./././././././././././././././././././././././././././././././././././././././././././././././././././././././././././././././.][B/././././././././././././././././././././././././././././././././././././././././././././././././././././././././././././././.]
[n2lcn0135:2575704] MCW rank 959 bound to socket 1[core 124[hwt 0]]: [./././././././././././././././././././././././././././././././././././././././././././././././././././././././././././././././.][././././././././././././././././././././././././././././././././././././././././././././././././././././././././././././B/././.]
[n2lcn0135:2575704] MCW rank 959 bound to socket 1[core 124[hwt 0]]: [./././././././././././././././././././././././././././././././././././././././././././././././././././././././././././././././.][././././././././././././././././././././././././././././././././././././././././././././././././././././././././././././B/././.]
[n2lcn0135:2575702] MCW rank 957 bound to socket 1[core 116[hwt 0]]: [./././././././././././././././././././././././././././././././././././././././././././././././././././././././././././././././.][././././././././././././././././././././././././././././././././././././././././././././././././././././B/././././././././././.]
[n2lcn0135:2575702] MCW rank 957 bound to socket 1[core 116[hwt 0]]: [./././././././././././././././././././././././././././././././././././././././././././././././././././././././././././././././.][././././././././././././././././././././././././././././././././././././././././././././././././././././B/././././././././././.]
[n2lcn0124:1790607] MCW rank 654 bound to socket 0[core 56[hwt 0]]: [././././././././././././././././././././././././././././././././././././././././././././././././././././././././B/././././././.][./././././././././././././././././././././././././././././././././././././././././././././././././././././././././././././././.]
[n2lcn0124:1790607] MCW rank 654 bound to socket 0[core 56[hwt 0]]: [././././././././././././././././././././././././././././././././././././././././././././././././././././././././B/././././././.][./././././././././././././././././././././././././././././././././././././././././././././././././././././././././././././././.]
[n2lcn0124:1790620] MCW rank 667 bound to socket 1[core 108[hwt 0]]: [./././././././././././././././././././././././././././././././././././././././././././././././././././././././././././././././.][././././././././././././././././././././././././././././././././././././././././././././B/././././././././././././././././././.]
[n2lcn0124:1790620] MCW rank 667 bound to socket 1[core 108[hwt 0]]: [./././././././././././././././././././././././././././././././././././././././././././././././././././././././././././././././.][././././././././././././././././././././././././././././././././././././././././././././B/././././././././././././././././././.]
[n2lcn0124:1790616] MCW rank 663 bound to socket 1[core 92[hwt 0]]: [./././././././././././././././././././././././././././././././././././././././././././././././././././././././././././././././.][././././././././././././././././././././././././././././B/././././././././././././././././././././././././././././././././././.]
[n2lcn0124:1790616] MCW rank 663 bound to socket 1[core 92[hwt 0]]: [./././././././././././././././././././././././././././././././././././././././././././././././././././././././././././././././.][././././././././././././././././././././././././././././B/././././././././././././././././././././././././././././././././././.]
[n2lcn0124:1790603] MCW rank 650 bound to socket 0[core 40[hwt 0]]: [././././././././././././././././././././././././././././././././././././././././B/././././././././././././././././././././././.][./././././././././././././././././././././././././././././././././././././././././././././././././././././././././././././././.]
[n2lcn0124:1790603] MCW rank 650 bound to socket 0[core 40[hwt 0]]: [././././././././././././././././././././././././././././././././././././././././B/././././././././././././././././././././././.][./././././././././././././././././././././././././././././././././././././././././././././././././././././././././././././././.]
[n2lcn0124:1790608] MCW rank 655 bound to socket 0[core 60[hwt 0]]: [././././././././././././././././././././././././././././././././././././././././././././././././././././././././././././B/././.][./././././././././././././././././././././././././././././././././././././././././././././././././././././././././././././././.]
[n2lcn0124:1790608] MCW rank 655 bound to socket 0[core 60[hwt 0]]: [././././././././././././././././././././././././././././././././././././././././././././././././././././././././././././B/././.][./././././././././././././././././././././././././././././././././././././././././././././././././././././././././././././././.]
[n2lcn0124:1790618] MCW rank 665 bound to socket 1[core 100[hwt 0]]: [./././././././././././././././././././././././././././././././././././././././././././././././././././././././././././././././.][././././././././././././././././././././././././././././././././././././B/././././././././././././././././././././././././././.]
[n2lcn0124:1790618] MCW rank 665 bound to socket 1[core 100[hwt 0]]: [./././././././././././././././././././././././././././././././././././././././././././././././././././././././././././././././.][././././././././././././././././././././././././././././././././././././B/././././././././././././././././././././././././././.]
[n2lcn0124:1790598] MCW rank 645 bound to socket 0[core 20[hwt 0]]: [././././././././././././././././././././B/././././././././././././././././././././././././././././././././././././././././././.][./././././././././././././././././././././././././././././././././././././././././././././././././././././././././././././././.]
[n2lcn0124:1790598] MCW rank 645 bound to socket 0[core 20[hwt 0]]: [././././././././././././././././././././B/././././././././././././././././././././././././././././././././././././././././././.][./././././././././././././././././././././././././././././././././././././././././././././././././././././././././././././././.]
[n2lcn0124:1790594] MCW rank 641 bound to socket 0[core 4[hwt 0]]: [././././B/././././././././././././././././././././././././././././././././././././././././././././././././././././././././././.][./././././././././././././././././././././././././././././././././././././././././././././././././././././././././././././././.]
[n2lcn0124:1790594] MCW rank 641 bound to socket 0[core 4[hwt 0]]: [././././B/././././././././././././././././././././././././././././././././././././././././././././././././././././././././././.][./././././././././././././././././././././././././././././././././././././././././././././././././././././././././././././././.]
[n2lcn0124:1790623] MCW rank 670 bound to socket 1[core 120[hwt 0]]: [./././././././././././././././././././././././././././././././././././././././././././././././././././././././././././././././.][././././././././././././././././././././././././././././././././././././././././././././././././././././././././B/././././././.]
[n2lcn0124:1790623] MCW rank 670 bound to socket 1[core 120[hwt 0]]: [./././././././././././././././././././././././././././././././././././././././././././././././././././././././././././././././.][././././././././././././././././././././././././././././././././././././././././././././././././././././././././B/././././././.]
[n2lcn0124:1790595] MCW rank 642 bound to socket 0[core 8[hwt 0]]: [././././././././B/././././././././././././././././././././././././././././././././././././././././././././././././././././././.][./././././././././././././././././././././././././././././././././././././././././././././././././././././././././././././././.]
[n2lcn0124:1790595] MCW rank 642 bound to socket 0[core 8[hwt 0]]: [././././././././B/././././././././././././././././././././././././././././././././././././././././././././././././././././././.][./././././././././././././././././././././././././././././././././././././././././././././././././././././././././././././././.]
slurmstepd: error: Detected 1 oom_kill event in StepId=21822100.0. Some of the step tasks have been OOM Killed.
slurmstepd: error: Detected 1 oom_kill event in StepId=21822100.0. Some of the step tasks have been OOM Killed.
slurmstepd: error: Detected 1 oom_kill event in StepId=21822100.0. Some of the step tasks have been OOM Killed.
slurmstepd: error: Detected 2 oom_kill events in StepId=21822100.0. Some of the step tasks have been OOM Killed.
slurmstepd: error: Detected 1 oom_kill event in StepId=21822100.0. Some of the step tasks have been OOM Killed.
slurmstepd: error: Detected 1 oom_kill event in StepId=21822100.0. Some of the step tasks have been OOM Killed.
slurmstepd: error: Detected 1 oom_kill event in StepId=21822100.0. Some of the step tasks have been OOM Killed.
slurmstepd: error: Detected 1 oom_kill event in StepId=21822100.0. Some of the step tasks have been OOM Killed.
slurmstepd: error: Detected 1 oom_kill event in StepId=21822100.0. Some of the step tasks have been OOM Killed.
slurmstepd: error: Detected 1 oom_kill event in StepId=21822100.0. Some of the step tasks have been OOM Killed.
slurmstepd: error: Detected 1 oom_kill event in StepId=21822100.0. Some of the step tasks have been OOM Killed.
slurmstepd: error: Detected 1 oom_kill event in StepId=21822100.0. Some of the step tasks have been OOM Killed.
slurmstepd: error: Detected 1 oom_kill event in StepId=21822100.0. Some of the step tasks have been OOM Killed.
slurmstepd: error:  mpi/pmix_v4: _errhandler: n2lcn0132 [26]: pmixp_client_v2.c:212: Error handler invoked: status = -61, source = [slurm.pmix.21822100.0:858]
slurmstepd: error:  mpi/pmix_v4: _errhandler: n2lcn0135 [29]: pmixp_client_v2.c:212: Error handler invoked: status = -61, source = [slurm.pmix.21822100.0:944]
slurmstepd: error:  mpi/pmix_v4: _errhandler: n2lcn0117 [14]: pmixp_client_v2.c:212: Error handler invoked: status = -61, source = [slurm.pmix.21822100.0:460]
slurmstepd: error:  mpi/pmix_v4: _errhandler: n2lcn0118 [15]: pmixp_client_v2.c:212: Error handler invoked: status = -61, source = [slurm.pmix.21822100.0:486]
slurmstepd: error:  mpi/pmix_v4: _errhandler: n2lcn0111 [8]: pmixp_client_v2.c:212: Error handler invoked: status = -61, source = [slurm.pmix.21822100.0:276]
slurmstepd: error:  mpi/pmix_v4: _errhandler: n2lcn0122 [18]: pmixp_client_v2.c:212: Error handler invoked: status = -61, source = [slurm.pmix.21822100.0:588]
slurmstepd: error:  mpi/pmix_v4: _errhandler: n2lcn0108 [5]: pmixp_client_v2.c:212: Error handler invoked: status = -61, source = [slurm.pmix.21822100.0:178]
slurmstepd: error:  mpi/pmix_v4: _errhandler: n2lcn0106 [3]: pmixp_client_v2.c:212: Error handler invoked: status = -61, source = [slurm.pmix.21822100.0:98]
slurmstepd: error:  mpi/pmix_v4: _errhandler: n2lcn0112 [9]: pmixp_client_v2.c:212: Error handler invoked: status = -61, source = [slurm.pmix.21822100.0:306]
slurmstepd: error:  mpi/pmix_v4: _errhandler: n2lcn0133 [27]: pmixp_client_v2.c:212: Error handler invoked: status = -61, source = [slurm.pmix.21822100.0:880]
slurmstepd: error:  mpi/pmix_v4: _errhandler: n2lcn0134 [28]: pmixp_client_v2.c:212: Error handler invoked: status = -61, source = [slurm.pmix.21822100.0:922]
slurmstepd: error:  mpi/pmix_v4: _errhandler: n2lcn0121 [17]: pmixp_client_v2.c:212: Error handler invoked: status = -61, source = [slurm.pmix.21822100.0:568]
slurmstepd: error:  mpi/pmix_v4: _errhandler: n2lcn0114 [11]: pmixp_client_v2.c:212: Error handler invoked: status = -61, source = [slurm.pmix.21822100.0:368]
slurmstepd: error:  mpi/pmix_v4: _errhandler: n2lcn0125 [21]: pmixp_client_v2.c:212: Error handler invoked: status = -61, source = [slurm.pmix.21822100.0:692]
slurmstepd: error:  mpi/pmix_v4: _errhandler: n2lcn0136 [30]: pmixp_client_v2.c:212: Error handler invoked: status = -61, source = [slurm.pmix.21822100.0:966]
slurmstepd: error:  mpi/pmix_v4: _errhandler: n2lcn0119 [16]: pmixp_client_v2.c:212: Error handler invoked: status = -61, source = [slurm.pmix.21822100.0:540]
slurmstepd: error:  mpi/pmix_v4: _errhandler: n2lcn0124 [20]: pmixp_client_v2.c:212: Error handler invoked: status = -61, source = [slurm.pmix.21822100.0:652]
slurmstepd: error:  mpi/pmix_v4: _errhandler: n2lcn0116 [13]: pmixp_client_v2.c:212: Error handler invoked: status = -61, source = [slurm.pmix.21822100.0:432]
slurmstepd: error:  mpi/pmix_v4: _errhandler: n2lcn0131 [25]: pmixp_client_v2.c:212: Error handler invoked: status = -61, source = [slurm.pmix.21822100.0:800]
slurmstepd: error:  mpi/pmix_v4: _errhandler: n2lcn0126 [22]: pmixp_client_v2.c:212: Error handler invoked: status = -61, source = [slurm.pmix.21822100.0:720]
slurmstepd: error:  mpi/pmix_v4: _errhandler: n2lcn0113 [10]: pmixp_client_v2.c:212: Error handler invoked: status = -61, source = [slurm.pmix.21822100.0:336]
slurmstepd: error: *** STEP 21822100.0 ON n2lcn0103 CANCELLED AT 2025-04-05T06:35:29 ***
slurmstepd: error:  mpi/pmix_v4: _errhandler: n2lcn0137 [31]: pmixp_client_v2.c:212: Error handler invoked: status = -61, source = [slurm.pmix.21822100.0:1022]
slurmstepd: error: Detected 2 oom_kill events in StepId=21822100.0. Some of the step tasks have been OOM Killed.
slurmstepd: error: Detected 2 oom_kill events in StepId=21822100.0. Some of the step tasks have been OOM Killed.
slurmstepd: error: Detected 2 oom_kill events in StepId=21822100.0. Some of the step tasks have been OOM Killed.
slurmstepd: error: Detected 2 oom_kill events in StepId=21822100.0. Some of the step tasks have been OOM Killed.
slurmstepd: error: Detected 2 oom_kill events in StepId=21822100.0. Some of the step tasks have been OOM Killed.
slurmstepd: error: Detected 2 oom_kill events in StepId=21822100.0. Some of the step tasks have been OOM Killed.
slurmstepd: error: Detected 2 oom_kill events in StepId=21822100.0. Some of the step tasks have been OOM Killed.
slurmstepd: error: Detected 2 oom_kill events in StepId=21822100.0. Some of the step tasks have been OOM Killed.
slurmstepd: error: Detected 1 oom_kill event in StepId=21822100.0. Some of the step tasks have been OOM Killed.
slurmstepd: error:  mpi/pmix_v4: _errhandler: n2lcn0129 [23]: pmixp_client_v2.c:212: Error handler invoked: status = -61, source = [slurm.pmix.21822100.0:748]
srun: error: n2lcn0122: task 588: Out Of Memory
srun: Terminating StepId=21822100.0
srun: Job step aborted: Waiting up to 32 seconds for job step to finish.
slurmstepd: error:  mpi/pmix_v4: _errhandler: n2lcn0122 [18]: pmixp_client_v2.c:212: Error handler invoked: status = -61, source = [slurm.pmix.21822100.0:576]
slurmstepd: error: Detected 1 oom_kill event in StepId=21822100.0. Some of the step tasks have been OOM Killed.
slurmstepd: error: Detected 3 oom_kill events in StepId=21822100.0. Some of the step tasks have been OOM Killed.
slurmstepd: error: Detected 1 oom_kill event in StepId=21822100.0. Some of the step tasks have been OOM Killed.
slurmstepd: error:  mpi/pmix_v4: _errhandler: n2lcn0105 [2]: pmixp_client_v2.c:212: Error handler invoked: status = -61, source = [slurm.pmix.21822100.0:80]
slurmstepd: error: Detected 1 oom_kill event in StepId=21822100.0. Some of the step tasks have been OOM Killed.
slurmstepd: error:  mpi/pmix_v4: _errhandler: n2lcn0136 [30]: pmixp_client_v2.c:212: Error handler invoked: status = -61, source = [slurm.pmix.21822100.0:960]
slurmstepd: error: Detected 1 oom_kill event in StepId=21822100.0. Some of the step tasks have been OOM Killed.
slurmstepd: error:  mpi/pmix_v4: _errhandler: n2lcn0119 [16]: pmixp_client_v2.c:212: Error handler invoked: status = -61, source = [slurm.pmix.21822100.0:534]
slurmstepd: error: Detected 1 oom_kill event in StepId=21822100.0. Some of the step tasks have been OOM Killed.
slurmstepd: error: Detected 1 oom_kill event in StepId=21822100.0. Some of the step tasks have been OOM Killed.
srun: error: n2lcn0103: tasks 0-7,9-31: Killed
srun: error: n2lcn0103: task 8: Killed
srun: error: n2lcn0109: tasks 192-198,200-221,223: Killed
srun: error: n2lcn0109: tasks 199,222: Killed
slurmstepd: error: Detected 1 oom_kill event in StepId=21822100.0. Some of the step tasks have been OOM Killed.
