cpu-bind=MASK - n2lcn0101, task  0  0 [236826]: mask |BBBBBBBB|BBBBBBBB||BBBBBBBB|BBBBBBBB||BBBBBBBB|BBBBBBBB||BBBBBBBB|BBBBBBBB||||BBBBBBBB|BBBBBBBB||BBBBBBBB|BBBBBBBB||BBBBBBBB|BBBBBBBB||BBBBBBBB|BBBBBBBB|  set
The following modules were not unloaded:
  (Use "module --force purge" to unload all):

  1) pc2fs   2) slurm/23.11.5-1   3) DefaultModules
cpu-bind=MASK - n2lcn0121, task 112  0 [2705779]: mask |BBBBBBBB|BBBBBBBB||--------|--------||--------|--------||--------|--------||||--------|--------||--------|--------||--------|--------||--------|--------|  set
cpu-bind=MASK - n2lcn0130, task 176  0 [1001686]: mask |BBBBBBBB|BBBBBBBB||--------|--------||--------|--------||--------|--------||||--------|--------||--------|--------||--------|--------||--------|--------|  set
cpu-bind=MASK - n2lcn0121, task 113  1 [2705780]: mask |--------|--------||BBBBBBBB|BBBBBBBB||--------|--------||--------|--------||||--------|--------||--------|--------||--------|--------||--------|--------|  set
cpu-bind=MASK - n2lcn0130, task 177  1 [1001687]: mask |--------|--------||BBBBBBBB|BBBBBBBB||--------|--------||--------|--------||||--------|--------||--------|--------||--------|--------||--------|--------|  set
cpu-bind=MASK - n2lcn0121, task 114  2 [2705781]: mask |--------|--------||--------|--------||BBBBBBBB|BBBBBBBB||--------|--------||||--------|--------||--------|--------||--------|--------||--------|--------|  set
cpu-bind=MASK - n2lcn0130, task 178  2 [1001688]: mask |--------|--------||--------|--------||BBBBBBBB|BBBBBBBB||--------|--------||||--------|--------||--------|--------||--------|--------||--------|--------|  set
cpu-bind=MASK - n2lcn0121, task 115  3 [2705782]: mask |--------|--------||--------|--------||--------|--------||BBBBBBBB|BBBBBBBB||||--------|--------||--------|--------||--------|--------||--------|--------|  set
cpu-bind=MASK - n2lcn0130, task 179  3 [1001689]: mask |--------|--------||--------|--------||--------|--------||BBBBBBBB|BBBBBBBB||||--------|--------||--------|--------||--------|--------||--------|--------|  set
cpu-bind=MASK - n2lcn0121, task 116  4 [2705783]: mask |--------|--------||--------|--------||--------|--------||--------|--------||||BBBBBBBB|BBBBBBBB||--------|--------||--------|--------||--------|--------|  set
cpu-bind=MASK - n2lcn0121, task 117  5 [2705784]: mask |--------|--------||--------|--------||--------|--------||--------|--------||||--------|--------||BBBBBBBB|BBBBBBBB||--------|--------||--------|--------|  set
cpu-bind=MASK - n2lcn0130, task 180  4 [1001690]: mask |--------|--------||--------|--------||--------|--------||--------|--------||||BBBBBBBB|BBBBBBBB||--------|--------||--------|--------||--------|--------|  set
cpu-bind=MASK - n2lcn0121, task 118  6 [2705785]: mask |--------|--------||--------|--------||--------|--------||--------|--------||||--------|--------||--------|--------||BBBBBBBB|BBBBBBBB||--------|--------|  set
cpu-bind=MASK - n2lcn0130, task 181  5 [1001691]: mask |--------|--------||--------|--------||--------|--------||--------|--------||||--------|--------||BBBBBBBB|BBBBBBBB||--------|--------||--------|--------|  set
cpu-bind=MASK - n2lcn0130, task 182  6 [1001692]: mask |--------|--------||--------|--------||--------|--------||--------|--------||||--------|--------||--------|--------||BBBBBBBB|BBBBBBBB||--------|--------|  set
cpu-bind=MASK - n2lcn0102, task  8  0 [3405838]: mask |BBBBBBBB|BBBBBBBB||--------|--------||--------|--------||--------|--------||||--------|--------||--------|--------||--------|--------||--------|--------|  set
cpu-bind=MASK - n2lcn0114, task 80  0 [3962844]: mask |BBBBBBBB|BBBBBBBB||--------|--------||--------|--------||--------|--------||||--------|--------||--------|--------||--------|--------||--------|--------|  set
cpu-bind=MASK - n2lcn0121, task 119  7 [2705786]: mask |--------|--------||--------|--------||--------|--------||--------|--------||||--------|--------||--------|--------||--------|--------||BBBBBBBB|BBBBBBBB|  set
cpu-bind=MASK - n2lcn0126, task 144  0 [3577769]: mask |BBBBBBBB|BBBBBBBB||--------|--------||--------|--------||--------|--------||||--------|--------||--------|--------||--------|--------||--------|--------|  set
cpu-bind=MASK - n2lcn0129, task 168  0 [1916080]: mask |BBBBBBBB|BBBBBBBB||--------|--------||--------|--------||--------|--------||||--------|--------||--------|--------||--------|--------||--------|--------|  set
cpu-bind=MASK - n2lcn0131, task 184  0 [3715871]: mask |BBBBBBBB|BBBBBBBB||--------|--------||--------|--------||--------|--------||||--------|--------||--------|--------||--------|--------||--------|--------|  set
cpu-bind=MASK - n2lcn0130, task 183  7 [1001693]: mask |--------|--------||--------|--------||--------|--------||--------|--------||||--------|--------||--------|--------||--------|--------||BBBBBBBB|BBBBBBBB|  set
cpu-bind=MASK - n2lcn0133, task 200  0 [1315018]: mask |BBBBBBBB|BBBBBBBB||--------|--------||--------|--------||--------|--------||||--------|--------||--------|--------||--------|--------||--------|--------|  set
cpu-bind=MASK - n2lcn0106, task 24  0 [2922169]: mask |BBBBBBBB|BBBBBBBB||--------|--------||--------|--------||--------|--------||||--------|--------||--------|--------||--------|--------||--------|--------|  set
cpu-bind=MASK - n2lcn0128, task 160  0 [30657]: mask |BBBBBBBB|BBBBBBBB||--------|--------||--------|--------||--------|--------||||--------|--------||--------|--------||--------|--------||--------|--------|  set
cpu-bind=MASK - n2lcn0107, task 32  0 [983445]: mask |BBBBBBBB|BBBBBBBB||--------|--------||--------|--------||--------|--------||||--------|--------||--------|--------||--------|--------||--------|--------|  set
cpu-bind=MASK - n2lcn0105, task 16  0 [844659]: mask |BBBBBBBB|BBBBBBBB||--------|--------||--------|--------||--------|--------||||--------|--------||--------|--------||--------|--------||--------|--------|  set
cpu-bind=MASK - n2lcn0112, task 72  0 [3877969]: mask |BBBBBBBB|BBBBBBBB||--------|--------||--------|--------||--------|--------||||--------|--------||--------|--------||--------|--------||--------|--------|  set
cpu-bind=MASK - n2lcn0110, task 56  0 [3352967]: mask |BBBBBBBB|BBBBBBBB||--------|--------||--------|--------||--------|--------||||--------|--------||--------|--------||--------|--------||--------|--------|  set
cpu-bind=MASK - n2lcn0134, task 208  0 [1006995]: mask |BBBBBBBB|BBBBBBBB||--------|--------||--------|--------||--------|--------||||--------|--------||--------|--------||--------|--------||--------|--------|  set
cpu-bind=MASK - n2lcn0117, task 88  0 [758954]: mask |BBBBBBBB|BBBBBBBB||--------|--------||--------|--------||--------|--------||||--------|--------||--------|--------||--------|--------||--------|--------|  set
cpu-bind=MASK - n2lcn0111, task 64  0 [936949]: mask |BBBBBBBB|BBBBBBBB||--------|--------||--------|--------||--------|--------||||--------|--------||--------|--------||--------|--------||--------|--------|  set
cpu-bind=MASK - n2lcn0109, task 48  0 [1350563]: mask |BBBBBBBB|BBBBBBBB||--------|--------||--------|--------||--------|--------||||--------|--------||--------|--------||--------|--------||--------|--------|  set
cpu-bind=MASK - n2lcn0101, task  0  0 [237276]: mask |BBBBBBBB|BBBBBBBB||--------|--------||--------|--------||--------|--------||||--------|--------||--------|--------||--------|--------||--------|--------|  set
cpu-bind=MASK - n2lcn0102, task  9  1 [3405839]: mask |--------|--------||BBBBBBBB|BBBBBBBB||--------|--------||--------|--------||||--------|--------||--------|--------||--------|--------||--------|--------|  set
cpu-bind=MASK - n2lcn0102, task 10  2 [3405840]: mask |--------|--------||--------|--------||BBBBBBBB|BBBBBBBB||--------|--------||||--------|--------||--------|--------||--------|--------||--------|--------|  set
cpu-bind=MASK - n2lcn0102, task 11  3 [3405841]: mask |--------|--------||--------|--------||--------|--------||BBBBBBBB|BBBBBBBB||||--------|--------||--------|--------||--------|--------||--------|--------|  set
cpu-bind=MASK - n2lcn0102, task 12  4 [3405842]: mask |--------|--------||--------|--------||--------|--------||--------|--------||||BBBBBBBB|BBBBBBBB||--------|--------||--------|--------||--------|--------|  set
cpu-bind=MASK - n2lcn0102, task 13  5 [3405843]: mask |--------|--------||--------|--------||--------|--------||--------|--------||||--------|--------||BBBBBBBB|BBBBBBBB||--------|--------||--------|--------|  set
cpu-bind=MASK - n2lcn0102, task 14  6 [3405844]: mask |--------|--------||--------|--------||--------|--------||--------|--------||||--------|--------||--------|--------||BBBBBBBB|BBBBBBBB||--------|--------|  set
cpu-bind=MASK - n2lcn0102, task 15  7 [3405845]: mask |--------|--------||--------|--------||--------|--------||--------|--------||||--------|--------||--------|--------||--------|--------||BBBBBBBB|BBBBBBBB|  set
cpu-bind=MASK - n2lcn0118, task 96  0 [1330235]: mask |BBBBBBBB|BBBBBBBB||--------|--------||--------|--------||--------|--------||||--------|--------||--------|--------||--------|--------||--------|--------|  set
cpu-bind=MASK - n2lcn0101, task  1  1 [237277]: mask |--------|--------||BBBBBBBB|BBBBBBBB||--------|--------||--------|--------||||--------|--------||--------|--------||--------|--------||--------|--------|  set
cpu-bind=MASK - n2lcn0114, task 81  1 [3962845]: mask |--------|--------||BBBBBBBB|BBBBBBBB||--------|--------||--------|--------||||--------|--------||--------|--------||--------|--------||--------|--------|  set
cpu-bind=MASK - n2lcn0114, task 82  2 [3962846]: mask |--------|--------||--------|--------||BBBBBBBB|BBBBBBBB||--------|--------||||--------|--------||--------|--------||--------|--------||--------|--------|  set
cpu-bind=MASK - n2lcn0114, task 83  3 [3962847]: mask |--------|--------||--------|--------||--------|--------||BBBBBBBB|BBBBBBBB||||--------|--------||--------|--------||--------|--------||--------|--------|  set
cpu-bind=MASK - n2lcn0114, task 84  4 [3962848]: mask |--------|--------||--------|--------||--------|--------||--------|--------||||BBBBBBBB|BBBBBBBB||--------|--------||--------|--------||--------|--------|  set
cpu-bind=MASK - n2lcn0114, task 85  5 [3962849]: mask |--------|--------||--------|--------||--------|--------||--------|--------||||--------|--------||BBBBBBBB|BBBBBBBB||--------|--------||--------|--------|  set
cpu-bind=MASK - n2lcn0114, task 86  6 [3962850]: mask |--------|--------||--------|--------||--------|--------||--------|--------||||--------|--------||--------|--------||BBBBBBBB|BBBBBBBB||--------|--------|  set
cpu-bind=MASK - n2lcn0114, task 87  7 [3962851]: mask |--------|--------||--------|--------||--------|--------||--------|--------||||--------|--------||--------|--------||--------|--------||BBBBBBBB|BBBBBBBB|  set
cpu-bind=MASK - n2lcn0101, task  2  2 [237278]: mask |--------|--------||--------|--------||BBBBBBBB|BBBBBBBB||--------|--------||||--------|--------||--------|--------||--------|--------||--------|--------|  set
cpu-bind=MASK - n2lcn0101, task  3  3 [237279]: mask |--------|--------||--------|--------||--------|--------||BBBBBBBB|BBBBBBBB||||--------|--------||--------|--------||--------|--------||--------|--------|  set
cpu-bind=MASK - n2lcn0124, task 128  0 [1945955]: mask |BBBBBBBB|BBBBBBBB||--------|--------||--------|--------||--------|--------||||--------|--------||--------|--------||--------|--------||--------|--------|  set
cpu-bind=MASK - n2lcn0101, task  4  4 [237280]: mask |--------|--------||--------|--------||--------|--------||--------|--------||||BBBBBBBB|BBBBBBBB||--------|--------||--------|--------||--------|--------|  set
cpu-bind=MASK - n2lcn0126, task 145  1 [3577770]: mask |--------|--------||BBBBBBBB|BBBBBBBB||--------|--------||--------|--------||||--------|--------||--------|--------||--------|--------||--------|--------|  set
cpu-bind=MASK - n2lcn0126, task 146  2 [3577771]: mask |--------|--------||--------|--------||BBBBBBBB|BBBBBBBB||--------|--------||||--------|--------||--------|--------||--------|--------||--------|--------|  set
cpu-bind=MASK - n2lcn0126, task 147  3 [3577772]: mask |--------|--------||--------|--------||--------|--------||BBBBBBBB|BBBBBBBB||||--------|--------||--------|--------||--------|--------||--------|--------|  set
cpu-bind=MASK - n2lcn0126, task 148  4 [3577773]: mask |--------|--------||--------|--------||--------|--------||--------|--------||||BBBBBBBB|BBBBBBBB||--------|--------||--------|--------||--------|--------|  set
cpu-bind=MASK - n2lcn0126, task 149  5 [3577774]: mask |--------|--------||--------|--------||--------|--------||--------|--------||||--------|--------||BBBBBBBB|BBBBBBBB||--------|--------||--------|--------|  set
cpu-bind=MASK - n2lcn0126, task 150  6 [3577775]: mask |--------|--------||--------|--------||--------|--------||--------|--------||||--------|--------||--------|--------||BBBBBBBB|BBBBBBBB||--------|--------|  set
cpu-bind=MASK - n2lcn0126, task 151  7 [3577776]: mask |--------|--------||--------|--------||--------|--------||--------|--------||||--------|--------||--------|--------||--------|--------||BBBBBBBB|BBBBBBBB|  set
cpu-bind=MASK - n2lcn0129, task 169  1 [1916081]: mask |--------|--------||BBBBBBBB|BBBBBBBB||--------|--------||--------|--------||||--------|--------||--------|--------||--------|--------||--------|--------|  set
cpu-bind=MASK - n2lcn0129, task 170  2 [1916082]: mask |--------|--------||--------|--------||BBBBBBBB|BBBBBBBB||--------|--------||||--------|--------||--------|--------||--------|--------||--------|--------|  set
cpu-bind=MASK - n2lcn0129, task 171  3 [1916083]: mask |--------|--------||--------|--------||--------|--------||BBBBBBBB|BBBBBBBB||||--------|--------||--------|--------||--------|--------||--------|--------|  set
cpu-bind=MASK - n2lcn0129, task 172  4 [1916084]: mask |--------|--------||--------|--------||--------|--------||--------|--------||||BBBBBBBB|BBBBBBBB||--------|--------||--------|--------||--------|--------|  set
cpu-bind=MASK - n2lcn0129, task 173  5 [1916085]: mask |--------|--------||--------|--------||--------|--------||--------|--------||||--------|--------||BBBBBBBB|BBBBBBBB||--------|--------||--------|--------|  set
cpu-bind=MASK - n2lcn0129, task 174  6 [1916086]: mask |--------|--------||--------|--------||--------|--------||--------|--------||||--------|--------||--------|--------||BBBBBBBB|BBBBBBBB||--------|--------|  set
cpu-bind=MASK - n2lcn0129, task 175  7 [1916087]: mask |--------|--------||--------|--------||--------|--------||--------|--------||||--------|--------||--------|--------||--------|--------||BBBBBBBB|BBBBBBBB|  set
cpu-bind=MASK - n2lcn0131, task 185  1 [3715872]: mask |--------|--------||BBBBBBBB|BBBBBBBB||--------|--------||--------|--------||||--------|--------||--------|--------||--------|--------||--------|--------|  set
cpu-bind=MASK - n2lcn0131, task 186  2 [3715873]: mask |--------|--------||--------|--------||BBBBBBBB|BBBBBBBB||--------|--------||||--------|--------||--------|--------||--------|--------||--------|--------|  set
cpu-bind=MASK - n2lcn0131, task 187  3 [3715874]: mask |--------|--------||--------|--------||--------|--------||BBBBBBBB|BBBBBBBB||||--------|--------||--------|--------||--------|--------||--------|--------|  set
cpu-bind=MASK - n2lcn0131, task 188  4 [3715875]: mask |--------|--------||--------|--------||--------|--------||--------|--------||||BBBBBBBB|BBBBBBBB||--------|--------||--------|--------||--------|--------|  set
cpu-bind=MASK - n2lcn0131, task 189  5 [3715876]: mask |--------|--------||--------|--------||--------|--------||--------|--------||||--------|--------||BBBBBBBB|BBBBBBBB||--------|--------||--------|--------|  set
cpu-bind=MASK - n2lcn0131, task 190  6 [3715877]: mask |--------|--------||--------|--------||--------|--------||--------|--------||||--------|--------||--------|--------||BBBBBBBB|BBBBBBBB||--------|--------|  set
cpu-bind=MASK - n2lcn0131, task 191  7 [3715878]: mask |--------|--------||--------|--------||--------|--------||--------|--------||||--------|--------||--------|--------||--------|--------||BBBBBBBB|BBBBBBBB|  set
cpu-bind=MASK - n2lcn0108, task 40  0 [2809806]: mask |BBBBBBBB|BBBBBBBB||--------|--------||--------|--------||--------|--------||||--------|--------||--------|--------||--------|--------||--------|--------|  set
cpu-bind=MASK - n2lcn0101, task  5  5 [237281]: mask |--------|--------||--------|--------||--------|--------||--------|--------||||--------|--------||BBBBBBBB|BBBBBBBB||--------|--------||--------|--------|  set
cpu-bind=MASK - n2lcn0133, task 201  1 [1315019]: mask |--------|--------||BBBBBBBB|BBBBBBBB||--------|--------||--------|--------||||--------|--------||--------|--------||--------|--------||--------|--------|  set
cpu-bind=MASK - n2lcn0133, task 202  2 [1315020]: mask |--------|--------||--------|--------||BBBBBBBB|BBBBBBBB||--------|--------||||--------|--------||--------|--------||--------|--------||--------|--------|  set
cpu-bind=MASK - n2lcn0133, task 203  3 [1315021]: mask |--------|--------||--------|--------||--------|--------||BBBBBBBB|BBBBBBBB||||--------|--------||--------|--------||--------|--------||--------|--------|  set
cpu-bind=MASK - n2lcn0133, task 204  4 [1315022]: mask |--------|--------||--------|--------||--------|--------||--------|--------||||BBBBBBBB|BBBBBBBB||--------|--------||--------|--------||--------|--------|  set
cpu-bind=MASK - n2lcn0133, task 205  5 [1315023]: mask |--------|--------||--------|--------||--------|--------||--------|--------||||--------|--------||BBBBBBBB|BBBBBBBB||--------|--------||--------|--------|  set
cpu-bind=MASK - n2lcn0133, task 206  6 [1315024]: mask |--------|--------||--------|--------||--------|--------||--------|--------||||--------|--------||--------|--------||BBBBBBBB|BBBBBBBB||--------|--------|  set
cpu-bind=MASK - n2lcn0133, task 207  7 [1315025]: mask |--------|--------||--------|--------||--------|--------||--------|--------||||--------|--------||--------|--------||--------|--------||BBBBBBBB|BBBBBBBB|  set
cpu-bind=MASK - n2lcn0101, task  6  6 [237282]: mask |--------|--------||--------|--------||--------|--------||--------|--------||||--------|--------||--------|--------||BBBBBBBB|BBBBBBBB||--------|--------|  set
cpu-bind=MASK - n2lcn0106, task 25  1 [2922170]: mask |--------|--------||BBBBBBBB|BBBBBBBB||--------|--------||--------|--------||||--------|--------||--------|--------||--------|--------||--------|--------|  set
cpu-bind=MASK - n2lcn0106, task 26  2 [2922171]: mask |--------|--------||--------|--------||BBBBBBBB|BBBBBBBB||--------|--------||||--------|--------||--------|--------||--------|--------||--------|--------|  set
cpu-bind=MASK - n2lcn0106, task 27  3 [2922172]: mask |--------|--------||--------|--------||--------|--------||BBBBBBBB|BBBBBBBB||||--------|--------||--------|--------||--------|--------||--------|--------|  set
cpu-bind=MASK - n2lcn0106, task 28  4 [2922173]: mask |--------|--------||--------|--------||--------|--------||--------|--------||||BBBBBBBB|BBBBBBBB||--------|--------||--------|--------||--------|--------|  set
cpu-bind=MASK - n2lcn0106, task 29  5 [2922174]: mask |--------|--------||--------|--------||--------|--------||--------|--------||||--------|--------||BBBBBBBB|BBBBBBBB||--------|--------||--------|--------|  set
cpu-bind=MASK - n2lcn0106, task 30  6 [2922175]: mask |--------|--------||--------|--------||--------|--------||--------|--------||||--------|--------||--------|--------||BBBBBBBB|BBBBBBBB||--------|--------|  set
cpu-bind=MASK - n2lcn0106, task 31  7 [2922176]: mask |--------|--------||--------|--------||--------|--------||--------|--------||||--------|--------||--------|--------||--------|--------||BBBBBBBB|BBBBBBBB|  set
cpu-bind=MASK - n2lcn0123, task 120  0 [2550578]: mask |BBBBBBBB|BBBBBBBB||--------|--------||--------|--------||--------|--------||||--------|--------||--------|--------||--------|--------||--------|--------|  set
cpu-bind=MASK - n2lcn0134, task 209  1 [1006996]: mask |--------|--------||BBBBBBBB|BBBBBBBB||--------|--------||--------|--------||||--------|--------||--------|--------||--------|--------||--------|--------|  set
cpu-bind=MASK - n2lcn0107, task 33  1 [983446]: mask |--------|--------||BBBBBBBB|BBBBBBBB||--------|--------||--------|--------||||--------|--------||--------|--------||--------|--------||--------|--------|  set
cpu-bind=MASK - n2lcn0134, task 210  2 [1006997]: mask |--------|--------||--------|--------||BBBBBBBB|BBBBBBBB||--------|--------||||--------|--------||--------|--------||--------|--------||--------|--------|  set
cpu-bind=MASK - n2lcn0107, task 34  2 [983447]: mask |--------|--------||--------|--------||BBBBBBBB|BBBBBBBB||--------|--------||||--------|--------||--------|--------||--------|--------||--------|--------|  set
cpu-bind=MASK - n2lcn0134, task 211  3 [1006998]: mask |--------|--------||--------|--------||--------|--------||BBBBBBBB|BBBBBBBB||||--------|--------||--------|--------||--------|--------||--------|--------|  set
cpu-bind=MASK - n2lcn0107, task 35  3 [983448]: mask |--------|--------||--------|--------||--------|--------||BBBBBBBB|BBBBBBBB||||--------|--------||--------|--------||--------|--------||--------|--------|  set
cpu-bind=MASK - n2lcn0134, task 212  4 [1006999]: mask |--------|--------||--------|--------||--------|--------||--------|--------||||BBBBBBBB|BBBBBBBB||--------|--------||--------|--------||--------|--------|  set
cpu-bind=MASK - n2lcn0107, task 36  4 [983449]: mask |--------|--------||--------|--------||--------|--------||--------|--------||||BBBBBBBB|BBBBBBBB||--------|--------||--------|--------||--------|--------|  set
cpu-bind=MASK - n2lcn0134, task 213  5 [1007000]: mask |--------|--------||--------|--------||--------|--------||--------|--------||||--------|--------||BBBBBBBB|BBBBBBBB||--------|--------||--------|--------|  set
cpu-bind=MASK - n2lcn0107, task 37  5 [983450]: mask |--------|--------||--------|--------||--------|--------||--------|--------||||--------|--------||BBBBBBBB|BBBBBBBB||--------|--------||--------|--------|  set
cpu-bind=MASK - n2lcn0134, task 214  6 [1007001]: mask |--------|--------||--------|--------||--------|--------||--------|--------||||--------|--------||--------|--------||BBBBBBBB|BBBBBBBB||--------|--------|  set
cpu-bind=MASK - n2lcn0107, task 38  6 [983451]: mask |--------|--------||--------|--------||--------|--------||--------|--------||||--------|--------||--------|--------||BBBBBBBB|BBBBBBBB||--------|--------|  set
cpu-bind=MASK - n2lcn0112, task 73  1 [3877970]: mask |--------|--------||BBBBBBBB|BBBBBBBB||--------|--------||--------|--------||||--------|--------||--------|--------||--------|--------||--------|--------|  set
cpu-bind=MASK - n2lcn0112, task 74  2 [3877971]: mask |--------|--------||--------|--------||BBBBBBBB|BBBBBBBB||--------|--------||||--------|--------||--------|--------||--------|--------||--------|--------|  set
cpu-bind=MASK - n2lcn0112, task 75  3 [3877972]: mask |--------|--------||--------|--------||--------|--------||BBBBBBBB|BBBBBBBB||||--------|--------||--------|--------||--------|--------||--------|--------|  set
cpu-bind=MASK - n2lcn0112, task 76  4 [3877973]: mask |--------|--------||--------|--------||--------|--------||--------|--------||||BBBBBBBB|BBBBBBBB||--------|--------||--------|--------||--------|--------|  set
cpu-bind=MASK - n2lcn0112, task 77  5 [3877974]: mask |--------|--------||--------|--------||--------|--------||--------|--------||||--------|--------||BBBBBBBB|BBBBBBBB||--------|--------||--------|--------|  set
cpu-bind=MASK - n2lcn0128, task 161  1 [30658]: mask |--------|--------||BBBBBBBB|BBBBBBBB||--------|--------||--------|--------||||--------|--------||--------|--------||--------|--------||--------|--------|  set
cpu-bind=MASK - n2lcn0112, task 78  6 [3877975]: mask |--------|--------||--------|--------||--------|--------||--------|--------||||--------|--------||--------|--------||BBBBBBBB|BBBBBBBB||--------|--------|  set
cpu-bind=MASK - n2lcn0128, task 162  2 [30659]: mask |--------|--------||--------|--------||BBBBBBBB|BBBBBBBB||--------|--------||||--------|--------||--------|--------||--------|--------||--------|--------|  set
cpu-bind=MASK - n2lcn0112, task 79  7 [3877976]: mask |--------|--------||--------|--------||--------|--------||--------|--------||||--------|--------||--------|--------||--------|--------||BBBBBBBB|BBBBBBBB|  set
cpu-bind=MASK - n2lcn0128, task 163  3 [30660]: mask |--------|--------||--------|--------||--------|--------||BBBBBBBB|BBBBBBBB||||--------|--------||--------|--------||--------|--------||--------|--------|  set
cpu-bind=MASK - n2lcn0128, task 164  4 [30661]: mask |--------|--------||--------|--------||--------|--------||--------|--------||||BBBBBBBB|BBBBBBBB||--------|--------||--------|--------||--------|--------|  set
cpu-bind=MASK - n2lcn0128, task 165  5 [30662]: mask |--------|--------||--------|--------||--------|--------||--------|--------||||--------|--------||BBBBBBBB|BBBBBBBB||--------|--------||--------|--------|  set
cpu-bind=MASK - n2lcn0128, task 166  6 [30663]: mask |--------|--------||--------|--------||--------|--------||--------|--------||||--------|--------||--------|--------||BBBBBBBB|BBBBBBBB||--------|--------|  set
cpu-bind=MASK - n2lcn0128, task 167  7 [30664]: mask |--------|--------||--------|--------||--------|--------||--------|--------||||--------|--------||--------|--------||--------|--------||BBBBBBBB|BBBBBBBB|  set
cpu-bind=MASK - n2lcn0107, task 39  7 [983452]: mask |--------|--------||--------|--------||--------|--------||--------|--------||||--------|--------||--------|--------||--------|--------||BBBBBBBB|BBBBBBBB|  set
cpu-bind=MASK - n2lcn0134, task 215  7 [1007002]: mask |--------|--------||--------|--------||--------|--------||--------|--------||||--------|--------||--------|--------||--------|--------||BBBBBBBB|BBBBBBBB|  set
cpu-bind=MASK - n2lcn0105, task 17  1 [844660]: mask |--------|--------||BBBBBBBB|BBBBBBBB||--------|--------||--------|--------||||--------|--------||--------|--------||--------|--------||--------|--------|  set
cpu-bind=MASK - n2lcn0105, task 18  2 [844661]: mask |--------|--------||--------|--------||BBBBBBBB|BBBBBBBB||--------|--------||||--------|--------||--------|--------||--------|--------||--------|--------|  set
cpu-bind=MASK - n2lcn0105, task 19  3 [844662]: mask |--------|--------||--------|--------||--------|--------||BBBBBBBB|BBBBBBBB||||--------|--------||--------|--------||--------|--------||--------|--------|  set
cpu-bind=MASK - n2lcn0105, task 20  4 [844663]: mask |--------|--------||--------|--------||--------|--------||--------|--------||||BBBBBBBB|BBBBBBBB||--------|--------||--------|--------||--------|--------|  set
cpu-bind=MASK - n2lcn0105, task 21  5 [844664]: mask |--------|--------||--------|--------||--------|--------||--------|--------||||--------|--------||BBBBBBBB|BBBBBBBB||--------|--------||--------|--------|  set
cpu-bind=MASK - n2lcn0105, task 22  6 [844665]: mask |--------|--------||--------|--------||--------|--------||--------|--------||||--------|--------||--------|--------||BBBBBBBB|BBBBBBBB||--------|--------|  set
cpu-bind=MASK - n2lcn0105, task 23  7 [844666]: mask |--------|--------||--------|--------||--------|--------||--------|--------||||--------|--------||--------|--------||--------|--------||BBBBBBBB|BBBBBBBB|  set
cpu-bind=MASK - n2lcn0117, task 89  1 [758955]: mask |--------|--------||BBBBBBBB|BBBBBBBB||--------|--------||--------|--------||||--------|--------||--------|--------||--------|--------||--------|--------|  set
cpu-bind=MASK - n2lcn0117, task 90  2 [758956]: mask |--------|--------||--------|--------||BBBBBBBB|BBBBBBBB||--------|--------||||--------|--------||--------|--------||--------|--------||--------|--------|  set
cpu-bind=MASK - n2lcn0117, task 91  3 [758957]: mask |--------|--------||--------|--------||--------|--------||BBBBBBBB|BBBBBBBB||||--------|--------||--------|--------||--------|--------||--------|--------|  set
cpu-bind=MASK - n2lcn0117, task 92  4 [758958]: mask |--------|--------||--------|--------||--------|--------||--------|--------||||BBBBBBBB|BBBBBBBB||--------|--------||--------|--------||--------|--------|  set
cpu-bind=MASK - n2lcn0117, task 93  5 [758959]: mask |--------|--------||--------|--------||--------|--------||--------|--------||||--------|--------||BBBBBBBB|BBBBBBBB||--------|--------||--------|--------|  set
cpu-bind=MASK - n2lcn0117, task 94  6 [758960]: mask |--------|--------||--------|--------||--------|--------||--------|--------||||--------|--------||--------|--------||BBBBBBBB|BBBBBBBB||--------|--------|  set
cpu-bind=MASK - n2lcn0117, task 95  7 [758961]: mask |--------|--------||--------|--------||--------|--------||--------|--------||||--------|--------||--------|--------||--------|--------||BBBBBBBB|BBBBBBBB|  set
cpu-bind=MASK - n2lcn0109, task 49  1 [1350564]: mask |--------|--------||BBBBBBBB|BBBBBBBB||--------|--------||--------|--------||||--------|--------||--------|--------||--------|--------||--------|--------|  set
cpu-bind=MASK - n2lcn0109, task 50  2 [1350565]: mask |--------|--------||--------|--------||BBBBBBBB|BBBBBBBB||--------|--------||||--------|--------||--------|--------||--------|--------||--------|--------|  set
cpu-bind=MASK - n2lcn0109, task 51  3 [1350566]: mask |--------|--------||--------|--------||--------|--------||BBBBBBBB|BBBBBBBB||||--------|--------||--------|--------||--------|--------||--------|--------|  set
cpu-bind=MASK - n2lcn0109, task 52  4 [1350567]: mask |--------|--------||--------|--------||--------|--------||--------|--------||||BBBBBBBB|BBBBBBBB||--------|--------||--------|--------||--------|--------|  set
cpu-bind=MASK - n2lcn0109, task 53  5 [1350568]: mask |--------|--------||--------|--------||--------|--------||--------|--------||||--------|--------||BBBBBBBB|BBBBBBBB||--------|--------||--------|--------|  set
cpu-bind=MASK - n2lcn0109, task 54  6 [1350569]: mask |--------|--------||--------|--------||--------|--------||--------|--------||||--------|--------||--------|--------||BBBBBBBB|BBBBBBBB||--------|--------|  set
cpu-bind=MASK - n2lcn0109, task 55  7 [1350570]: mask |--------|--------||--------|--------||--------|--------||--------|--------||||--------|--------||--------|--------||--------|--------||BBBBBBBB|BBBBBBBB|  set
cpu-bind=MASK - n2lcn0111, task 65  1 [936950]: mask |--------|--------||BBBBBBBB|BBBBBBBB||--------|--------||--------|--------||||--------|--------||--------|--------||--------|--------||--------|--------|  set
cpu-bind=MASK - n2lcn0111, task 66  2 [936951]: mask |--------|--------||--------|--------||BBBBBBBB|BBBBBBBB||--------|--------||||--------|--------||--------|--------||--------|--------||--------|--------|  set
cpu-bind=MASK - n2lcn0111, task 67  3 [936952]: mask |--------|--------||--------|--------||--------|--------||BBBBBBBB|BBBBBBBB||||--------|--------||--------|--------||--------|--------||--------|--------|  set
cpu-bind=MASK - n2lcn0111, task 68  4 [936953]: mask |--------|--------||--------|--------||--------|--------||--------|--------||||BBBBBBBB|BBBBBBBB||--------|--------||--------|--------||--------|--------|  set
cpu-bind=MASK - n2lcn0111, task 69  5 [936954]: mask |--------|--------||--------|--------||--------|--------||--------|--------||||--------|--------||BBBBBBBB|BBBBBBBB||--------|--------||--------|--------|  set
cpu-bind=MASK - n2lcn0111, task 70  6 [936955]: mask |--------|--------||--------|--------||--------|--------||--------|--------||||--------|--------||--------|--------||BBBBBBBB|BBBBBBBB||--------|--------|  set
cpu-bind=MASK - n2lcn0111, task 71  7 [936956]: mask |--------|--------||--------|--------||--------|--------||--------|--------||||--------|--------||--------|--------||--------|--------||BBBBBBBB|BBBBBBBB|  set
cpu-bind=MASK - n2lcn0110, task 57  1 [3352968]: mask |--------|--------||BBBBBBBB|BBBBBBBB||--------|--------||--------|--------||||--------|--------||--------|--------||--------|--------||--------|--------|  set
cpu-bind=MASK - n2lcn0110, task 58  2 [3352969]: mask |--------|--------||--------|--------||BBBBBBBB|BBBBBBBB||--------|--------||||--------|--------||--------|--------||--------|--------||--------|--------|  set
cpu-bind=MASK - n2lcn0110, task 59  3 [3352970]: mask |--------|--------||--------|--------||--------|--------||BBBBBBBB|BBBBBBBB||||--------|--------||--------|--------||--------|--------||--------|--------|  set
cpu-bind=MASK - n2lcn0110, task 60  4 [3352971]: mask |--------|--------||--------|--------||--------|--------||--------|--------||||BBBBBBBB|BBBBBBBB||--------|--------||--------|--------||--------|--------|  set
cpu-bind=MASK - n2lcn0110, task 61  5 [3352972]: mask |--------|--------||--------|--------||--------|--------||--------|--------||||--------|--------||BBBBBBBB|BBBBBBBB||--------|--------||--------|--------|  set
cpu-bind=MASK - n2lcn0110, task 62  6 [3352973]: mask |--------|--------||--------|--------||--------|--------||--------|--------||||--------|--------||--------|--------||BBBBBBBB|BBBBBBBB||--------|--------|  set
cpu-bind=MASK - n2lcn0110, task 63  7 [3352974]: mask |--------|--------||--------|--------||--------|--------||--------|--------||||--------|--------||--------|--------||--------|--------||BBBBBBBB|BBBBBBBB|  set
cpu-bind=MASK - n2lcn0101, task  7  7 [237283]: mask |--------|--------||--------|--------||--------|--------||--------|--------||||--------|--------||--------|--------||--------|--------||BBBBBBBB|BBBBBBBB|  set
cpu-bind=MASK - n2lcn0118, task 97  1 [1330236]: mask |--------|--------||BBBBBBBB|BBBBBBBB||--------|--------||--------|--------||||--------|--------||--------|--------||--------|--------||--------|--------|  set
cpu-bind=MASK - n2lcn0118, task 98  2 [1330237]: mask |--------|--------||--------|--------||BBBBBBBB|BBBBBBBB||--------|--------||||--------|--------||--------|--------||--------|--------||--------|--------|  set
cpu-bind=MASK - n2lcn0118, task 99  3 [1330238]: mask |--------|--------||--------|--------||--------|--------||BBBBBBBB|BBBBBBBB||||--------|--------||--------|--------||--------|--------||--------|--------|  set
cpu-bind=MASK - n2lcn0118, task 100  4 [1330239]: mask |--------|--------||--------|--------||--------|--------||--------|--------||||BBBBBBBB|BBBBBBBB||--------|--------||--------|--------||--------|--------|  set
cpu-bind=MASK - n2lcn0118, task 101  5 [1330240]: mask |--------|--------||--------|--------||--------|--------||--------|--------||||--------|--------||BBBBBBBB|BBBBBBBB||--------|--------||--------|--------|  set
cpu-bind=MASK - n2lcn0118, task 102  6 [1330241]: mask |--------|--------||--------|--------||--------|--------||--------|--------||||--------|--------||--------|--------||BBBBBBBB|BBBBBBBB||--------|--------|  set
cpu-bind=MASK - n2lcn0118, task 103  7 [1330242]: mask |--------|--------||--------|--------||--------|--------||--------|--------||||--------|--------||--------|--------||--------|--------||BBBBBBBB|BBBBBBBB|  set
cpu-bind=MASK - n2lcn0124, task 129  1 [1945956]: mask |--------|--------||BBBBBBBB|BBBBBBBB||--------|--------||--------|--------||||--------|--------||--------|--------||--------|--------||--------|--------|  set
cpu-bind=MASK - n2lcn0124, task 130  2 [1945957]: mask |--------|--------||--------|--------||BBBBBBBB|BBBBBBBB||--------|--------||||--------|--------||--------|--------||--------|--------||--------|--------|  set
cpu-bind=MASK - n2lcn0124, task 131  3 [1945958]: mask |--------|--------||--------|--------||--------|--------||BBBBBBBB|BBBBBBBB||||--------|--------||--------|--------||--------|--------||--------|--------|  set
cpu-bind=MASK - n2lcn0124, task 132  4 [1945959]: mask |--------|--------||--------|--------||--------|--------||--------|--------||||BBBBBBBB|BBBBBBBB||--------|--------||--------|--------||--------|--------|  set
cpu-bind=MASK - n2lcn0124, task 133  5 [1945960]: mask |--------|--------||--------|--------||--------|--------||--------|--------||||--------|--------||BBBBBBBB|BBBBBBBB||--------|--------||--------|--------|  set
cpu-bind=MASK - n2lcn0124, task 134  6 [1945961]: mask |--------|--------||--------|--------||--------|--------||--------|--------||||--------|--------||--------|--------||BBBBBBBB|BBBBBBBB||--------|--------|  set
cpu-bind=MASK - n2lcn0124, task 135  7 [1945962]: mask |--------|--------||--------|--------||--------|--------||--------|--------||||--------|--------||--------|--------||--------|--------||BBBBBBBB|BBBBBBBB|  set
cpu-bind=MASK - n2lcn0108, task 41  1 [2809807]: mask |--------|--------||BBBBBBBB|BBBBBBBB||--------|--------||--------|--------||||--------|--------||--------|--------||--------|--------||--------|--------|  set
cpu-bind=MASK - n2lcn0108, task 42  2 [2809808]: mask |--------|--------||--------|--------||BBBBBBBB|BBBBBBBB||--------|--------||||--------|--------||--------|--------||--------|--------||--------|--------|  set
cpu-bind=MASK - n2lcn0108, task 43  3 [2809809]: mask |--------|--------||--------|--------||--------|--------||BBBBBBBB|BBBBBBBB||||--------|--------||--------|--------||--------|--------||--------|--------|  set
cpu-bind=MASK - n2lcn0108, task 44  4 [2809810]: mask |--------|--------||--------|--------||--------|--------||--------|--------||||BBBBBBBB|BBBBBBBB||--------|--------||--------|--------||--------|--------|  set
cpu-bind=MASK - n2lcn0108, task 45  5 [2809811]: mask |--------|--------||--------|--------||--------|--------||--------|--------||||--------|--------||BBBBBBBB|BBBBBBBB||--------|--------||--------|--------|  set
cpu-bind=MASK - n2lcn0108, task 46  6 [2809812]: mask |--------|--------||--------|--------||--------|--------||--------|--------||||--------|--------||--------|--------||BBBBBBBB|BBBBBBBB||--------|--------|  set
cpu-bind=MASK - n2lcn0108, task 47  7 [2809813]: mask |--------|--------||--------|--------||--------|--------||--------|--------||||--------|--------||--------|--------||--------|--------||BBBBBBBB|BBBBBBBB|  set
cpu-bind=MASK - n2lcn0123, task 121  1 [2550579]: mask |--------|--------||BBBBBBBB|BBBBBBBB||--------|--------||--------|--------||||--------|--------||--------|--------||--------|--------||--------|--------|  set
cpu-bind=MASK - n2lcn0123, task 122  2 [2550580]: mask |--------|--------||--------|--------||BBBBBBBB|BBBBBBBB||--------|--------||||--------|--------||--------|--------||--------|--------||--------|--------|  set
cpu-bind=MASK - n2lcn0123, task 123  3 [2550581]: mask |--------|--------||--------|--------||--------|--------||BBBBBBBB|BBBBBBBB||||--------|--------||--------|--------||--------|--------||--------|--------|  set
cpu-bind=MASK - n2lcn0123, task 124  4 [2550582]: mask |--------|--------||--------|--------||--------|--------||--------|--------||||BBBBBBBB|BBBBBBBB||--------|--------||--------|--------||--------|--------|  set
cpu-bind=MASK - n2lcn0123, task 125  5 [2550583]: mask |--------|--------||--------|--------||--------|--------||--------|--------||||--------|--------||BBBBBBBB|BBBBBBBB||--------|--------||--------|--------|  set
cpu-bind=MASK - n2lcn0123, task 126  6 [2550584]: mask |--------|--------||--------|--------||--------|--------||--------|--------||||--------|--------||--------|--------||BBBBBBBB|BBBBBBBB||--------|--------|  set
cpu-bind=MASK - n2lcn0123, task 127  7 [2550585]: mask |--------|--------||--------|--------||--------|--------||--------|--------||||--------|--------||--------|--------||--------|--------||BBBBBBBB|BBBBBBBB|  set
cpu-bind=MASK - n2lcn0132, task 192  0 [659762]: mask |BBBBBBBB|BBBBBBBB||--------|--------||--------|--------||--------|--------||||--------|--------||--------|--------||--------|--------||--------|--------|  set
cpu-bind=MASK - n2lcn0127, task 152  0 [734002]: mask |BBBBBBBB|BBBBBBBB||--------|--------||--------|--------||--------|--------||||--------|--------||--------|--------||--------|--------||--------|--------|  set
cpu-bind=MASK - n2lcn0132, task 193  1 [659763]: mask |--------|--------||BBBBBBBB|BBBBBBBB||--------|--------||--------|--------||||--------|--------||--------|--------||--------|--------||--------|--------|  set
cpu-bind=MASK - n2lcn0132, task 194  2 [659764]: mask |--------|--------||--------|--------||BBBBBBBB|BBBBBBBB||--------|--------||||--------|--------||--------|--------||--------|--------||--------|--------|  set
cpu-bind=MASK - n2lcn0132, task 195  3 [659765]: mask |--------|--------||--------|--------||--------|--------||BBBBBBBB|BBBBBBBB||||--------|--------||--------|--------||--------|--------||--------|--------|  set
cpu-bind=MASK - n2lcn0132, task 196  4 [659766]: mask |--------|--------||--------|--------||--------|--------||--------|--------||||BBBBBBBB|BBBBBBBB||--------|--------||--------|--------||--------|--------|  set
cpu-bind=MASK - n2lcn0132, task 197  5 [659767]: mask |--------|--------||--------|--------||--------|--------||--------|--------||||--------|--------||BBBBBBBB|BBBBBBBB||--------|--------||--------|--------|  set
cpu-bind=MASK - n2lcn0132, task 198  6 [659768]: mask |--------|--------||--------|--------||--------|--------||--------|--------||||--------|--------||--------|--------||BBBBBBBB|BBBBBBBB||--------|--------|  set
cpu-bind=MASK - n2lcn0132, task 199  7 [659769]: mask |--------|--------||--------|--------||--------|--------||--------|--------||||--------|--------||--------|--------||--------|--------||BBBBBBBB|BBBBBBBB|  set
cpu-bind=MASK - n2lcn0127, task 153  1 [734003]: mask |--------|--------||BBBBBBBB|BBBBBBBB||--------|--------||--------|--------||||--------|--------||--------|--------||--------|--------||--------|--------|  set
cpu-bind=MASK - n2lcn0127, task 154  2 [734004]: mask |--------|--------||--------|--------||BBBBBBBB|BBBBBBBB||--------|--------||||--------|--------||--------|--------||--------|--------||--------|--------|  set
cpu-bind=MASK - n2lcn0127, task 155  3 [734005]: mask |--------|--------||--------|--------||--------|--------||BBBBBBBB|BBBBBBBB||||--------|--------||--------|--------||--------|--------||--------|--------|  set
cpu-bind=MASK - n2lcn0127, task 156  4 [734006]: mask |--------|--------||--------|--------||--------|--------||--------|--------||||BBBBBBBB|BBBBBBBB||--------|--------||--------|--------||--------|--------|  set
cpu-bind=MASK - n2lcn0127, task 157  5 [734007]: mask |--------|--------||--------|--------||--------|--------||--------|--------||||--------|--------||BBBBBBBB|BBBBBBBB||--------|--------||--------|--------|  set
cpu-bind=MASK - n2lcn0127, task 158  6 [734008]: mask |--------|--------||--------|--------||--------|--------||--------|--------||||--------|--------||--------|--------||BBBBBBBB|BBBBBBBB||--------|--------|  set
cpu-bind=MASK - n2lcn0127, task 159  7 [734009]: mask |--------|--------||--------|--------||--------|--------||--------|--------||||--------|--------||--------|--------||--------|--------||BBBBBBBB|BBBBBBBB|  set
cpu-bind=MASK - n2lcn0125, task 136  0 [526211]: mask |BBBBBBBB|BBBBBBBB||--------|--------||--------|--------||--------|--------||||--------|--------||--------|--------||--------|--------||--------|--------|  set
cpu-bind=MASK - n2lcn0125, task 137  1 [526212]: mask |--------|--------||BBBBBBBB|BBBBBBBB||--------|--------||--------|--------||||--------|--------||--------|--------||--------|--------||--------|--------|  set
cpu-bind=MASK - n2lcn0125, task 138  2 [526213]: mask |--------|--------||--------|--------||BBBBBBBB|BBBBBBBB||--------|--------||||--------|--------||--------|--------||--------|--------||--------|--------|  set
cpu-bind=MASK - n2lcn0125, task 139  3 [526214]: mask |--------|--------||--------|--------||--------|--------||BBBBBBBB|BBBBBBBB||||--------|--------||--------|--------||--------|--------||--------|--------|  set
cpu-bind=MASK - n2lcn0125, task 140  4 [526215]: mask |--------|--------||--------|--------||--------|--------||--------|--------||||BBBBBBBB|BBBBBBBB||--------|--------||--------|--------||--------|--------|  set
cpu-bind=MASK - n2lcn0125, task 141  5 [526216]: mask |--------|--------||--------|--------||--------|--------||--------|--------||||--------|--------||BBBBBBBB|BBBBBBBB||--------|--------||--------|--------|  set
cpu-bind=MASK - n2lcn0125, task 142  6 [526217]: mask |--------|--------||--------|--------||--------|--------||--------|--------||||--------|--------||--------|--------||BBBBBBBB|BBBBBBBB||--------|--------|  set
cpu-bind=MASK - n2lcn0125, task 143  7 [526218]: mask |--------|--------||--------|--------||--------|--------||--------|--------||||--------|--------||--------|--------||--------|--------||BBBBBBBB|BBBBBBBB|  set
cpu-bind=MASK - n2lcn0119, task 104  0 [4017564]: mask |BBBBBBBB|BBBBBBBB||--------|--------||--------|--------||--------|--------||||--------|--------||--------|--------||--------|--------||--------|--------|  set
cpu-bind=MASK - n2lcn0119, task 105  1 [4017565]: mask |--------|--------||BBBBBBBB|BBBBBBBB||--------|--------||--------|--------||||--------|--------||--------|--------||--------|--------||--------|--------|  set
cpu-bind=MASK - n2lcn0119, task 106  2 [4017566]: mask |--------|--------||--------|--------||BBBBBBBB|BBBBBBBB||--------|--------||||--------|--------||--------|--------||--------|--------||--------|--------|  set
cpu-bind=MASK - n2lcn0119, task 107  3 [4017567]: mask |--------|--------||--------|--------||--------|--------||BBBBBBBB|BBBBBBBB||||--------|--------||--------|--------||--------|--------||--------|--------|  set
cpu-bind=MASK - n2lcn0119, task 108  4 [4017568]: mask |--------|--------||--------|--------||--------|--------||--------|--------||||BBBBBBBB|BBBBBBBB||--------|--------||--------|--------||--------|--------|  set
cpu-bind=MASK - n2lcn0119, task 109  5 [4017569]: mask |--------|--------||--------|--------||--------|--------||--------|--------||||--------|--------||BBBBBBBB|BBBBBBBB||--------|--------||--------|--------|  set
cpu-bind=MASK - n2lcn0119, task 110  6 [4017570]: mask |--------|--------||--------|--------||--------|--------||--------|--------||||--------|--------||--------|--------||BBBBBBBB|BBBBBBBB||--------|--------|  set
cpu-bind=MASK - n2lcn0119, task 111  7 [4017571]: mask |--------|--------||--------|--------||--------|--------||--------|--------||||--------|--------||--------|--------||--------|--------||BBBBBBBB|BBBBBBBB|  set
[n2lcn0114.ab2021.local:3962845] MCW rank 81 bound to socket 0[core 16[hwt 0]]: [././././././././././././././././B/././././././././././././././././././././././././././././././././././././././././././././././.][./././././././././././././././././././././././././././././././././././././././././././././././././././././././././././././././.]
[n2lcn0114.ab2021.local:3962845] MCW rank 81 bound to socket 0[core 16[hwt 0]]: [././././././././././././././././B/././././././././././././././././././././././././././././././././././././././././././././././.][./././././././././././././././././././././././././././././././././././././././././././././././././././././././././././././././.]
[n2lcn0114.ab2021.local:3962846] MCW rank 82 bound to socket 0[core 32[hwt 0]]: [././././././././././././././././././././././././././././././././B/././././././././././././././././././././././././././././././.][./././././././././././././././././././././././././././././././././././././././././././././././././././././././././././././././.]
[n2lcn0114.ab2021.local:3962846] MCW rank 82 bound to socket 0[core 32[hwt 0]]: [././././././././././././././././././././././././././././././././B/././././././././././././././././././././././././././././././.][./././././././././././././././././././././././././././././././././././././././././././././././././././././././././././././././.]
[n2lcn0114.ab2021.local:3962847] MCW rank 83 bound to socket 0[core 48[hwt 0]]: [././././././././././././././././././././././././././././././././././././././././././././././././B/././././././././././././././.][./././././././././././././././././././././././././././././././././././././././././././././././././././././././././././././././.]
[n2lcn0114.ab2021.local:3962847] MCW rank 83 bound to socket 0[core 48[hwt 0]]: [././././././././././././././././././././././././././././././././././././././././././././././././B/././././././././././././././.][./././././././././././././././././././././././././././././././././././././././././././././././././././././././././././././././.]
[n2lcn0114.ab2021.local:3962848] MCW rank 84 bound to socket 1[core 64[hwt 0]]: [./././././././././././././././././././././././././././././././././././././././././././././././././././././././././././././././.][B/././././././././././././././././././././././././././././././././././././././././././././././././././././././././././././././.]
[n2lcn0114.ab2021.local:3962848] MCW rank 84 bound to socket 1[core 64[hwt 0]]: [./././././././././././././././././././././././././././././././././././././././././././././././././././././././././././././././.][B/././././././././././././././././././././././././././././././././././././././././././././././././././././././././././././././.]
[n2lcn0114.ab2021.local:3962851] MCW rank 87 bound to socket 1[core 112[hwt 0]]: [./././././././././././././././././././././././././././././././././././././././././././././././././././././././././././././././.][././././././././././././././././././././././././././././././././././././././././././././././././B/././././././././././././././.]
[n2lcn0114.ab2021.local:3962850] MCW rank 86 bound to socket 1[core 96[hwt 0]]: [./././././././././././././././././././././././././././././././././././././././././././././././././././././././././././././././.][././././././././././././././././././././././././././././././././B/././././././././././././././././././././././././././././././.]
[n2lcn0114.ab2021.local:3962851] MCW rank 87 bound to socket 1[core 112[hwt 0]]: [./././././././././././././././././././././././././././././././././././././././././././././././././././././././././././././././.][././././././././././././././././././././././././././././././././././././././././././././././././B/././././././././././././././.]
[n2lcn0114.ab2021.local:3962849] MCW rank 85 bound to socket 1[core 80[hwt 0]]: [./././././././././././././././././././././././././././././././././././././././././././././././././././././././././././././././.][././././././././././././././././B/././././././././././././././././././././././././././././././././././././././././././././././.]
[n2lcn0114.ab2021.local:3962844] MCW rank 80 bound to socket 0[core 0[hwt 0]]: [B/././././././././././././././././././././././././././././././././././././././././././././././././././././././././././././././.][./././././././././././././././././././././././././././././././././././././././././././././././././././././././././././././././.]
[n2lcn0114.ab2021.local:3962850] MCW rank 86 bound to socket 1[core 96[hwt 0]]: [./././././././././././././././././././././././././././././././././././././././././././././././././././././././././././././././.][././././././././././././././././././././././././././././././././B/././././././././././././././././././././././././././././././.]
[n2lcn0114.ab2021.local:3962849] MCW rank 85 bound to socket 1[core 80[hwt 0]]: [./././././././././././././././././././././././././././././././././././././././././././././././././././././././././././././././.][././././././././././././././././B/././././././././././././././././././././././././././././././././././././././././././././././.]
[n2lcn0114.ab2021.local:3962844] MCW rank 80 bound to socket 0[core 0[hwt 0]]: [B/././././././././././././././././././././././././././././././././././././././././././././././././././././././././././././././.][./././././././././././././././././././././././././././././././././././././././././././././././././././././././././././././././.]
[n2lcn0123.ab2021.local:2550579] MCW rank 121 bound to socket 0[core 16[hwt 0]]: [././././././././././././././././B/././././././././././././././././././././././././././././././././././././././././././././././.][./././././././././././././././././././././././././././././././././././././././././././././././././././././././././././././././.]
[n2lcn0123.ab2021.local:2550579] MCW rank 121 bound to socket 0[core 16[hwt 0]]: [././././././././././././././././B/././././././././././././././././././././././././././././././././././././././././././././././.][./././././././././././././././././././././././././././././././././././././././././././././././././././././././././././././././.]
[n2lcn0123.ab2021.local:2550581] MCW rank 123 bound to socket 0[core 48[hwt 0]]: [././././././././././././././././././././././././././././././././././././././././././././././././B/././././././././././././././.][./././././././././././././././././././././././././././././././././././././././././././././././././././././././././././././././.]
[n2lcn0123.ab2021.local:2550581] MCW rank 123 bound to socket 0[core 48[hwt 0]]: [././././././././././././././././././././././././././././././././././././././././././././././././B/././././././././././././././.][./././././././././././././././././././././././././././././././././././././././././././././././././././././././././././././././.]
[n2lcn0123.ab2021.local:2550582] MCW rank 124 bound to socket 1[core 64[hwt 0]]: [./././././././././././././././././././././././././././././././././././././././././././././././././././././././././././././././.][B/././././././././././././././././././././././././././././././././././././././././././././././././././././././././././././././.]
[n2lcn0123.ab2021.local:2550582] MCW rank 124 bound to socket 1[core 64[hwt 0]]: [./././././././././././././././././././././././././././././././././././././././././././././././././././././././././././././././.][B/././././././././././././././././././././././././././././././././././././././././././././././././././././././././././././././.]
[n2lcn0123.ab2021.local:2550578] MCW rank 120 bound to socket 0[core 0[hwt 0]]: [B/././././././././././././././././././././././././././././././././././././././././././././././././././././././././././././././.][./././././././././././././././././././././././././././././././././././././././././././././././././././././././././././././././.]
[n2lcn0123.ab2021.local:2550578] MCW rank 120 bound to socket 0[core 0[hwt 0]]: [B/././././././././././././././././././././././././././././././././././././././././././././././././././././././././././././././.][./././././././././././././././././././././././././././././././././././././././././././././././././././././././././././././././.]
[n2lcn0123.ab2021.local:2550583] MCW rank 125 bound to socket 1[core 80[hwt 0]]: [./././././././././././././././././././././././././././././././././././././././././././././././././././././././././././././././.][././././././././././././././././B/././././././././././././././././././././././././././././././././././././././././././././././.]
[n2lcn0123.ab2021.local:2550584] MCW rank 126 bound to socket 1[core 96[hwt 0]]: [./././././././././././././././././././././././././././././././././././././././././././././././././././././././././././././././.][././././././././././././././././././././././././././././././././B/././././././././././././././././././././././././././././././.]
[n2lcn0123.ab2021.local:2550585] MCW rank 127 bound to socket 1[core 112[hwt 0]]: [./././././././././././././././././././././././././././././././././././././././././././././././././././././././././././././././.][././././././././././././././././././././././././././././././././././././././././././././././././B/././././././././././././././.]
[n2lcn0123.ab2021.local:2550583] MCW rank 125 bound to socket 1[core 80[hwt 0]]: [./././././././././././././././././././././././././././././././././././././././././././././././././././././././././././././././.][././././././././././././././././B/././././././././././././././././././././././././././././././././././././././././././././././.]
[n2lcn0123.ab2021.local:2550584] MCW rank 126 bound to socket 1[core 96[hwt 0]]: [./././././././././././././././././././././././././././././././././././././././././././././././././././././././././././././././.][././././././././././././././././././././././././././././././././B/././././././././././././././././././././././././././././././.]
[n2lcn0123.ab2021.local:2550585] MCW rank 127 bound to socket 1[core 112[hwt 0]]: [./././././././././././././././././././././././././././././././././././././././././././././././././././././././././././././././.][././././././././././././././././././././././././././././././././././././././././././././././././B/././././././././././././././.]
[n2lcn0123.ab2021.local:2550580] MCW rank 122 bound to socket 0[core 32[hwt 0]]: [././././././././././././././././././././././././././././././././B/././././././././././././././././././././././././././././././.][./././././././././././././././././././././././././././././././././././././././././././././././././././././././././././././././.]
[n2lcn0123.ab2021.local:2550580] MCW rank 122 bound to socket 0[core 32[hwt 0]]: [././././././././././././././././././././././././././././././././B/././././././././././././././././././././././././././././././.][./././././././././././././././././././././././././././././././././././././././././././././././././././././././././././././././.]
[n2lcn0124:1945957] MCW rank 130 bound to socket 0[core 32[hwt 0]]: [././././././././././././././././././././././././././././././././B/././././././././././././././././././././././././././././././.][./././././././././././././././././././././././././././././././././././././././././././././././././././././././././././././././.]
[n2lcn0124:1945958] MCW rank 131 bound to socket 0[core 48[hwt 0]]: [././././././././././././././././././././././././././././././././././././././././././././././././B/././././././././././././././.][./././././././././././././././././././././././././././././././././././././././././././././././././././././././././././././././.]
[n2lcn0124:1945959] MCW rank 132 bound to socket 1[core 64[hwt 0]]: [./././././././././././././././././././././././././././././././././././././././././././././././././././././././././././././././.][B/././././././././././././././././././././././././././././././././././././././././././././././././././././././././././././././.]
[n2lcn0124:1945961] MCW rank 134 bound to socket 1[core 96[hwt 0]]: [./././././././././././././././././././././././././././././././././././././././././././././././././././././././././././././././.][././././././././././././././././././././././././././././././././B/././././././././././././././././././././././././././././././.]
[n2lcn0124:1945956] MCW rank 129 bound to socket 0[core 16[hwt 0]]: [././././././././././././././././B/././././././././././././././././././././././././././././././././././././././././././././././.][./././././././././././././././././././././././././././././././././././././././././././././././././././././././././././././././.]
[n2lcn0124:1945959] MCW rank 132 bound to socket 1[core 64[hwt 0]]: [./././././././././././././././././././././././././././././././././././././././././././././././././././././././././././././././.][B/././././././././././././././././././././././././././././././././././././././././././././././././././././././././././././././.]
[n2lcn0124:1945957] MCW rank 130 bound to socket 0[core 32[hwt 0]]: [././././././././././././././././././././././././././././././././B/././././././././././././././././././././././././././././././.][./././././././././././././././././././././././././././././././././././././././././././././././././././././././././././././././.]
[n2lcn0124:1945958] MCW rank 131 bound to socket 0[core 48[hwt 0]]: [././././././././././././././././././././././././././././././././././././././././././././././././B/././././././././././././././.][./././././././././././././././././././././././././././././././././././././././././././././././././././././././././././././././.]
[n2lcn0124:1945961] MCW rank 134 bound to socket 1[core 96[hwt 0]]: [./././././././././././././././././././././././././././././././././././././././././././././././././././././././././././././././.][././././././././././././././././././././././././././././././././B/././././././././././././././././././././././././././././././.]
[n2lcn0124:1945956] MCW rank 129 bound to socket 0[core 16[hwt 0]]: [././././././././././././././././B/././././././././././././././././././././././././././././././././././././././././././././././.][./././././././././././././././././././././././././././././././././././././././././././././././././././././././././././././././.]
[n2lcn0124:1945960] MCW rank 133 bound to socket 1[core 80[hwt 0]]: [./././././././././././././././././././././././././././././././././././././././././././././././././././././././././././././././.][././././././././././././././././B/././././././././././././././././././././././././././././././././././././././././././././././.]
[n2lcn0124:1945962] MCW rank 135 bound to socket 1[core 112[hwt 0]]: [./././././././././././././././././././././././././././././././././././././././././././././././././././././././././././././././.][././././././././././././././././././././././././././././././././././././././././././././././././B/././././././././././././././.]
[n2lcn0124:1945960] MCW rank 133 bound to socket 1[core 80[hwt 0]]: [./././././././././././././././././././././././././././././././././././././././././././././././././././././././././././././././.][././././././././././././././././B/././././././././././././././././././././././././././././././././././././././././././././././.]
[n2lcn0124:1945962] MCW rank 135 bound to socket 1[core 112[hwt 0]]: [./././././././././././././././././././././././././././././././././././././././././././././././././././././././././././././././.][././././././././././././././././././././././././././././././././././././././././././././././././B/././././././././././././././.]
[n2lcn0124:1945955] MCW rank 128 bound to socket 0[core 0[hwt 0]]: [B/././././././././././././././././././././././././././././././././././././././././././././././././././././././././././././././.][./././././././././././././././././././././././././././././././././././././././././././././././././././././././././././././././.]
[n2lcn0124:1945955] MCW rank 128 bound to socket 0[core 0[hwt 0]]: [B/././././././././././././././././././././././././././././././././././././././././././././././././././././././././././././././.][./././././././././././././././././././././././././././././././././././././././././././././././././././././././././././././././.]
[n2lcn0125:526211] MCW rank 136 bound to socket 0[core 0[hwt 0]]: [B/././././././././././././././././././././././././././././././././././././././././././././././././././././././././././././././.][./././././././././././././././././././././././././././././././././././././././././././././././././././././././././././././././.]
[n2lcn0125:526211] MCW rank 136 bound to socket 0[core 0[hwt 0]]: [B/././././././././././././././././././././././././././././././././././././././././././././././././././././././././././././././.][./././././././././././././././././././././././././././././././././././././././././././././././././././././././././././././././.]
[n2lcn0125:526212] MCW rank 137 bound to socket 0[core 16[hwt 0]]: [././././././././././././././././B/././././././././././././././././././././././././././././././././././././././././././././././.][./././././././././././././././././././././././././././././././././././././././././././././././././././././././././././././././.]
[n2lcn0125:526212] MCW rank 137 bound to socket 0[core 16[hwt 0]]: [././././././././././././././././B/././././././././././././././././././././././././././././././././././././././././././././././.][./././././././././././././././././././././././././././././././././././././././././././././././././././././././././././././././.]
[n2lcn0125:526213] MCW rank 138 bound to socket 0[core 32[hwt 0]]: [././././././././././././././././././././././././././././././././B/././././././././././././././././././././././././././././././.][./././././././././././././././././././././././././././././././././././././././././././././././././././././././././././././././.]
[n2lcn0125:526213] MCW rank 138 bound to socket 0[core 32[hwt 0]]: [././././././././././././././././././././././././././././././././B/././././././././././././././././././././././././././././././.][./././././././././././././././././././././././././././././././././././././././././././././././././././././././././././././././.]
[n2lcn0125:526214] MCW rank 139 bound to socket 0[core 48[hwt 0]]: [././././././././././././././././././././././././././././././././././././././././././././././././B/././././././././././././././.][./././././././././././././././././././././././././././././././././././././././././././././././././././././././././././././././.]
[n2lcn0125:526215] MCW rank 140 bound to socket 1[core 64[hwt 0]]: [./././././././././././././././././././././././././././././././././././././././././././././././././././././././././././././././.][B/././././././././././././././././././././././././././././././././././././././././././././././././././././././././././././././.]
[n2lcn0125:526216] MCW rank 141 bound to socket 1[core 80[hwt 0]]: [./././././././././././././././././././././././././././././././././././././././././././././././././././././././././././././././.][././././././././././././././././B/././././././././././././././././././././././././././././././././././././././././././././././.]
[n2lcn0125:526216] MCW rank 141 bound to socket 1[core 80[hwt 0]]: [./././././././././././././././././././././././././././././././././././././././././././././././././././././././././././././././.][././././././././././././././././B/././././././././././././././././././././././././././././././././././././././././././././././.]
[n2lcn0125:526217] MCW rank 142 bound to socket 1[core 96[hwt 0]]: [./././././././././././././././././././././././././././././././././././././././././././././././././././././././././././././././.][././././././././././././././././././././././././././././././././B/././././././././././././././././././././././././././././././.]
[n2lcn0125:526217] MCW rank 142 bound to socket 1[core 96[hwt 0]]: [./././././././././././././././././././././././././././././././././././././././././././././././././././././././././././././././.][././././././././././././././././././././././././././././././././B/././././././././././././././././././././././././././././././.]
[n2lcn0125:526215] MCW rank 140 bound to socket 1[core 64[hwt 0]]: [./././././././././././././././././././././././././././././././././././././././././././././././././././././././././././././././.][B/././././././././././././././././././././././././././././././././././././././././././././././././././././././././././././././.]
[n2lcn0125:526214] MCW rank 139 bound to socket 0[core 48[hwt 0]]: [././././././././././././././././././././././././././././././././././././././././././././././././B/././././././././././././././.][./././././././././././././././././././././././././././././././././././././././././././././././././././././././././././././././.]
[n2lcn0125:526218] MCW rank 143 bound to socket 1[core 112[hwt 0]]: [./././././././././././././././././././././././././././././././././././././././././././././././././././././././././././././././.][././././././././././././././././././././././././././././././././././././././././././././././././B/././././././././././././././.]
[n2lcn0125:526218] MCW rank 143 bound to socket 1[core 112[hwt 0]]: [./././././././././././././././././././././././././././././././././././././././././././././././././././././././././././././././.][././././././././././././././././././././././././././././././././././././././././././././././././B/././././././././././././././.]
[n2lcn0133.ab2021.local:1315021] MCW rank 203 bound to socket 0[core 48[hwt 0]]: [././././././././././././././././././././././././././././././././././././././././././././././././B/././././././././././././././.][./././././././././././././././././././././././././././././././././././././././././././././././././././././././././././././././.]
[n2lcn0133.ab2021.local:1315022] MCW rank 204 bound to socket 1[core 64[hwt 0]]: [./././././././././././././././././././././././././././././././././././././././././././././././././././././././././././././././.][B/././././././././././././././././././././././././././././././././././././././././././././././././././././././././././././././.]
[n2lcn0133.ab2021.local:1315018] MCW rank 200 bound to socket 0[core 0[hwt 0]]: [B/././././././././././././././././././././././././././././././././././././././././././././././././././././././././././././././.][./././././././././././././././././././././././././././././././././././././././././././././././././././././././././././././././.]
[n2lcn0133.ab2021.local:1315021] MCW rank 203 bound to socket 0[core 48[hwt 0]]: [././././././././././././././././././././././././././././././././././././././././././././././././B/././././././././././././././.][./././././././././././././././././././././././././././././././././././././././././././././././././././././././././././././././.]
[n2lcn0133.ab2021.local:1315024] MCW rank 206 bound to socket 1[core 96[hwt 0]]: [./././././././././././././././././././././././././././././././././././././././././././././././././././././././././././././././.][././././././././././././././././././././././././././././././././B/././././././././././././././././././././././././././././././.]
[n2lcn0133.ab2021.local:1315022] MCW rank 204 bound to socket 1[core 64[hwt 0]]: [./././././././././././././././././././././././././././././././././././././././././././././././././././././././././././././././.][B/././././././././././././././././././././././././././././././././././././././././././././././././././././././././././././././.]
[n2lcn0133.ab2021.local:1315019] MCW rank 201 bound to socket 0[core 16[hwt 0]]: [././././././././././././././././B/././././././././././././././././././././././././././././././././././././././././././././././.][./././././././././././././././././././././././././././././././././././././././././././././././././././././././././././././././.]
[n2lcn0133.ab2021.local:1315018] MCW rank 200 bound to socket 0[core 0[hwt 0]]: [B/././././././././././././././././././././././././././././././././././././././././././././././././././././././././././././././.][./././././././././././././././././././././././././././././././././././././././././././././././././././././././././././././././.]
[n2lcn0133.ab2021.local:1315020] MCW rank 202 bound to socket 0[core 32[hwt 0]]: [././././././././././././././././././././././././././././././././B/././././././././././././././././././././././././././././././.][./././././././././././././././././././././././././././././././././././././././././././././././././././././././././././././././.]
[n2lcn0133.ab2021.local:1315024] MCW rank 206 bound to socket 1[core 96[hwt 0]]: [./././././././././././././././././././././././././././././././././././././././././././././././././././././././././././././././.][././././././././././././././././././././././././././././././././B/././././././././././././././././././././././././././././././.]
[n2lcn0133.ab2021.local:1315019] MCW rank 201 bound to socket 0[core 16[hwt 0]]: [././././././././././././././././B/././././././././././././././././././././././././././././././././././././././././././././././.][./././././././././././././././././././././././././././././././././././././././././././././././././././././././././././././././.]
[n2lcn0133.ab2021.local:1315025] MCW rank 207 bound to socket 1[core 112[hwt 0]]: [./././././././././././././././././././././././././././././././././././././././././././././././././././././././././././././././.][././././././././././././././././././././././././././././././././././././././././././././././././B/././././././././././././././.]
[n2lcn0133.ab2021.local:1315020] MCW rank 202 bound to socket 0[core 32[hwt 0]]: [././././././././././././././././././././././././././././././././B/././././././././././././././././././././././././././././././.][./././././././././././././././././././././././././././././././././././././././././././././././././././././././././././././././.]
[n2lcn0133.ab2021.local:1315025] MCW rank 207 bound to socket 1[core 112[hwt 0]]: [./././././././././././././././././././././././././././././././././././././././././././././././././././././././././././././././.][././././././././././././././././././././././././././././././././././././././././././././././././B/././././././././././././././.]
[n2lcn0133.ab2021.local:1315023] MCW rank 205 bound to socket 1[core 80[hwt 0]]: [./././././././././././././././././././././././././././././././././././././././././././././././././././././././././././././././.][././././././././././././././././B/././././././././././././././././././././././././././././././././././././././././././././././.]
[n2lcn0133.ab2021.local:1315023] MCW rank 205 bound to socket 1[core 80[hwt 0]]: [./././././././././././././././././././././././././././././././././././././././././././././././././././././././././././././././.][././././././././././././././././B/././././././././././././././././././././././././././././././././././././././././././././././.]
[n2lcn0132:659767] MCW rank 197 bound to socket 1[core 80[hwt 0]]: [./././././././././././././././././././././././././././././././././././././././././././././././././././././././././././././././.][././././././././././././././././B/././././././././././././././././././././././././././././././././././././././././././././././.]
[n2lcn0132:659767] MCW rank 197 bound to socket 1[core 80[hwt 0]]: [./././././././././././././././././././././././././././././././././././././././././././././././././././././././././././././././.][././././././././././././././././B/././././././././././././././././././././././././././././././././././././././././././././././.]
[n2lcn0134:1007001] MCW rank 214 bound to socket 1[core 96[hwt 0]]: [./././././././././././././././././././././././././././././././././././././././././././././././././././././././././././././././.][././././././././././././././././././././././././././././././././B/././././././././././././././././././././././././././././././.]
[n2lcn0134:1006995] MCW rank 208 bound to socket 0[core 0[hwt 0]]: [B/././././././././././././././././././././././././././././././././././././././././././././././././././././././././././././././.][./././././././././././././././././././././././././././././././././././././././././././././././././././././././././././././././.]
[n2lcn0134:1006996] MCW rank 209 bound to socket 0[core 16[hwt 0]]: [././././././././././././././././B/././././././././././././././././././././././././././././././././././././././././././././././.][./././././././././././././././././././././././././././././././././././././././././././././././././././././././././././././././.]
[n2lcn0134:1006997] MCW rank 210 bound to socket 0[core 32[hwt 0]]: [././././././././././././././././././././././././././././././././B/././././././././././././././././././././././././././././././.][./././././././././././././././././././././././././././././././././././././././././././././././././././././././././././././././.]
[n2lcn0134:1007001] MCW rank 214 bound to socket 1[core 96[hwt 0]]: [./././././././././././././././././././././././././././././././././././././././././././././././././././././././././././././././.][././././././././././././././././././././././././././././././././B/././././././././././././././././././././././././././././././.]
[n2lcn0134:1006995] MCW rank 208 bound to socket 0[core 0[hwt 0]]: [B/././././././././././././././././././././././././././././././././././././././././././././././././././././././././././././././.][./././././././././././././././././././././././././././././././././././././././././././././././././././././././././././././././.]
[n2lcn0134:1006998] MCW rank 211 bound to socket 0[core 48[hwt 0]]: [././././././././././././././././././././././././././././././././././././././././././././././././B/././././././././././././././.][./././././././././././././././././././././././././././././././././././././././././././././././././././././././././././././././.]
[n2lcn0134:1006996] MCW rank 209 bound to socket 0[core 16[hwt 0]]: [././././././././././././././././B/././././././././././././././././././././././././././././././././././././././././././././././.][./././././././././././././././././././././././././././././././././././././././././././././././././././././././././././././././.]
[n2lcn0134:1006997] MCW rank 210 bound to socket 0[core 32[hwt 0]]: [././././././././././././././././././././././././././././././././B/././././././././././././././././././././././././././././././.][./././././././././././././././././././././././././././././././././././././././././././././././././././././././././././././././.]
[n2lcn0134:1006998] MCW rank 211 bound to socket 0[core 48[hwt 0]]: [././././././././././././././././././././././././././././././././././././././././././././././././B/././././././././././././././.][./././././././././././././././././././././././././././././././././././././././././././././././././././././././././././././././.]
[n2lcn0134:1006999] MCW rank 212 bound to socket 1[core 64[hwt 0]]: [./././././././././././././././././././././././././././././././././././././././././././././././././././././././././././././././.][B/././././././././././././././././././././././././././././././././././././././././././././././././././././././././././././././.]
[n2lcn0134:1006999] MCW rank 212 bound to socket 1[core 64[hwt 0]]: [./././././././././././././././././././././././././././././././././././././././././././././././././././././././././././././././.][B/././././././././././././././././././././././././././././././././././././././././././././././././././././././././././././././.]
[n2lcn0132:659766] MCW rank 196 bound to socket 1[core 64[hwt 0]]: [./././././././././././././././././././././././././././././././././././././././././././././././././././././././././././././././.][B/././././././././././././././././././././././././././././././././././././././././././././././././././././././././././././././.]
[n2lcn0132:659766] MCW rank 196 bound to socket 1[core 64[hwt 0]]: [./././././././././././././././././././././././././././././././././././././././././././././././././././././././././././././././.][B/././././././././././././././././././././././././././././././././././././././././././././././././././././././././././././././.]
[n2lcn0132:659765] MCW rank 195 bound to socket 0[core 48[hwt 0]]: [././././././././././././././././././././././././././././././././././././././././././././././././B/././././././././././././././.][./././././././././././././././././././././././././././././././././././././././././././././././././././././././././././././././.]
[n2lcn0132:659765] MCW rank 195 bound to socket 0[core 48[hwt 0]]: [././././././././././././././././././././././././././././././././././././././././././././././././B/././././././././././././././.][./././././././././././././././././././././././././././././././././././././././././././././././././././././././././././././././.]
[n2lcn0134:1007000] MCW rank 213 bound to socket 1[core 80[hwt 0]]: [./././././././././././././././././././././././././././././././././././././././././././././././././././././././././././././././.][././././././././././././././././B/././././././././././././././././././././././././././././././././././././././././././././././.]
[n2lcn0132:659768] MCW rank 198 bound to socket 1[core 96[hwt 0]]: [./././././././././././././././././././././././././././././././././././././././././././././././././././././././././././././././.][././././././././././././././././././././././././././././././././B/././././././././././././././././././././././././././././././.]
[n2lcn0134:1007002] MCW rank 215 bound to socket 1[core 112[hwt 0]]: [./././././././././././././././././././././././././././././././././././././././././././././././././././././././././././././././.][././././././././././././././././././././././././././././././././././././././././././././././././B/././././././././././././././.]
[n2lcn0134:1007000] MCW rank 213 bound to socket 1[core 80[hwt 0]]: [./././././././././././././././././././././././././././././././././././././././././././././././././././././././././././././././.][././././././././././././././././B/././././././././././././././././././././././././././././././././././././././././././././././.]
[n2lcn0134:1007002] MCW rank 215 bound to socket 1[core 112[hwt 0]]: [./././././././././././././././././././././././././././././././././././././././././././././././././././././././././././././././.][././././././././././././././././././././././././././././././././././././././././././././././././B/././././././././././././././.]
[n2lcn0132:659769] MCW rank 199 bound to socket 1[core 112[hwt 0]]: [./././././././././././././././././././././././././././././././././././././././././././././././././././././././././././././././.][././././././././././././././././././././././././././././././././././././././././././././././././B/././././././././././././././.]
[n2lcn0132:659768] MCW rank 198 bound to socket 1[core 96[hwt 0]]: [./././././././././././././././././././././././././././././././././././././././././././././././././././././././././././././././.][././././././././././././././././././././././././././././././././B/././././././././././././././././././././././././././././././.]
[n2lcn0132:659769] MCW rank 199 bound to socket 1[core 112[hwt 0]]: [./././././././././././././././././././././././././././././././././././././././././././././././././././././././././././././././.][././././././././././././././././././././././././././././././././././././././././././././././././B/././././././././././././././.]
[n2lcn0132:659763] MCW rank 193 bound to socket 0[core 16[hwt 0]]: [././././././././././././././././B/././././././././././././././././././././././././././././././././././././././././././././././.][./././././././././././././././././././././././././././././././././././././././././././././././././././././././././././././././.]
[n2lcn0132:659764] MCW rank 194 bound to socket 0[core 32[hwt 0]]: [././././././././././././././././././././././././././././././././B/././././././././././././././././././././././././././././././.][./././././././././././././././././././././././././././././././././././././././././././././././././././././././././././././././.]
[n2lcn0132:659762] MCW rank 192 bound to socket 0[core 0[hwt 0]]: [B/././././././././././././././././././././././././././././././././././././././././././././././././././././././././././././././.][./././././././././././././././././././././././././././././././././././././././././././././././././././././././././././././././.]
[n2lcn0132:659763] MCW rank 193 bound to socket 0[core 16[hwt 0]]: [././././././././././././././././B/././././././././././././././././././././././././././././././././././././././././././././././.][./././././././././././././././././././././././././././././././././././././././././././././././././././././././././././././././.]
[n2lcn0132:659764] MCW rank 194 bound to socket 0[core 32[hwt 0]]: [././././././././././././././././././././././././././././././././B/././././././././././././././././././././././././././././././.][./././././././././././././././././././././././././././././././././././././././././././././././././././././././././././././././.]
[n2lcn0132:659762] MCW rank 192 bound to socket 0[core 0[hwt 0]]: [B/././././././././././././././././././././././././././././././././././././././././././././././././././././././././././././././.][./././././././././././././././././././././././././././././././././././././././././././././././././././././././././././././././.]
[n2lcn0121:2705785] MCW rank 118 bound to socket 1[core 96[hwt 0]]: [./././././././././././././././././././././././././././././././././././././././././././././././././././././././././././././././.][././././././././././././././././././././././././././././././././B/././././././././././././././././././././././././././././././.]
[n2lcn0121:2705785] MCW rank 118 bound to socket 1[core 96[hwt 0]]: [./././././././././././././././././././././././././././././././././././././././././././././././././././././././././././././././.][././././././././././././././././././././././././././././././././B/././././././././././././././././././././././././././././././.]
[n2lcn0130:1001692] MCW rank 182 bound to socket 1[core 96[hwt 0]]: [./././././././././././././././././././././././././././././././././././././././././././././././././././././././././././././././.][././././././././././././././././././././././././././././././././B/././././././././././././././././././././././././././././././.]
[n2lcn0130:1001688] MCW rank 178 bound to socket 0[core 32[hwt 0]]: [././././././././././././././././././././././././././././././././B/././././././././././././././././././././././././././././././.][./././././././././././././././././././././././././././././././././././././././././././././././././././././././././././././././.]
[n2lcn0130:1001692] MCW rank 182 bound to socket 1[core 96[hwt 0]]: [./././././././././././././././././././././././././././././././././././././././././././././././././././././././././././././././.][././././././././././././././././././././././././././././././././B/././././././././././././././././././././././././././././././.]
[n2lcn0130:1001688] MCW rank 178 bound to socket 0[core 32[hwt 0]]: [././././././././././././././././././././././././././././././././B/././././././././././././././././././././././././././././././.][./././././././././././././././././././././././././././././././././././././././././././././././././././././././././././././././.]
[n2lcn0121:2705781] MCW rank 114 bound to socket 0[core 32[hwt 0]]: [././././././././././././././././././././././././././././././././B/././././././././././././././././././././././././././././././.][./././././././././././././././././././././././././././././././././././././././././././././././././././././././././././././././.]
[n2lcn0121:2705781] MCW rank 114 bound to socket 0[core 32[hwt 0]]: [././././././././././././././././././././././././././././././././B/././././././././././././././././././././././././././././././.][./././././././././././././././././././././././././././././././././././././././././././././././././././././././././././././././.]
[n2lcn0121:2705784] MCW rank 117 bound to socket 1[core 80[hwt 0]]: [./././././././././././././././././././././././././././././././././././././././././././././././././././././././././././././././.][././././././././././././././././B/././././././././././././././././././././././././././././././././././././././././././././././.]
[n2lcn0121:2705784] MCW rank 117 bound to socket 1[core 80[hwt 0]]: [./././././././././././././././././././././././././././././././././././././././././././././././././././././././././././././././.][././././././././././././././././B/././././././././././././././././././././././././././././././././././././././././././././././.]
[n2lcn0127:734004] MCW rank 154 bound to socket 0[core 32[hwt 0]]: [././././././././././././././././././././././././././././././././B/././././././././././././././././././././././././././././././.][./././././././././././././././././././././././././././././././././././././././././././././././././././././././././././././././.]
[n2lcn0127:734004] MCW rank 154 bound to socket 0[core 32[hwt 0]]: [././././././././././././././././././././././././././././././././B/././././././././././././././././././././././././././././././.][./././././././././././././././././././././././././././././././././././././././././././././././././././././././././././././././.]
[n2lcn0129:1916085] MCW rank 173 bound to socket 1[core 80[hwt 0]]: [./././././././././././././././././././././././././././././././././././././././././././././././././././././././././././././././.][././././././././././././././././B/././././././././././././././././././././././././././././././././././././././././././././././.]
[n2lcn0129:1916085] MCW rank 173 bound to socket 1[core 80[hwt 0]]: [./././././././././././././././././././././././././././././././././././././././././././././././././././././././././././././././.][././././././././././././././././B/././././././././././././././././././././././././././././././././././././././././././././././.]
[n2lcn0129:1916087] MCW rank 175 bound to socket 1[core 112[hwt 0]]: [./././././././././././././././././././././././././././././././././././././././././././././././././././././././././././././././.][././././././././././././././././././././././././././././././././././././././././././././././././B/././././././././././././././.]
[n2lcn0130:1001686] MCW rank 176 bound to socket 0[core 0[hwt 0]]: [B/././././././././././././././././././././././././././././././././././././././././././././././././././././././././././././././.][./././././././././././././././././././././././././././././././././././././././././././././././././././././././././././././././.]
[n2lcn0129:1916087] MCW rank 175 bound to socket 1[core 112[hwt 0]]: [./././././././././././././././././././././././././././././././././././././././././././././././././././././././././././././././.][././././././././././././././././././././././././././././././././././././././././././././././././B/././././././././././././././.]
[n2lcn0130:1001686] MCW rank 176 bound to socket 0[core 0[hwt 0]]: [B/././././././././././././././././././././././././././././././././././././././././././././././././././././././././././././././.][./././././././././././././././././././././././././././././././././././././././././././././././././././././././././././././././.]
[n2lcn0121:2705780] MCW rank 113 bound to socket 0[core 16[hwt 0]]: [././././././././././././././././B/././././././././././././././././././././././././././././././././././././././././././././././.][./././././././././././././././././././././././././././././././././././././././././././././././././././././././././././././././.]
[n2lcn0121:2705780] MCW rank 113 bound to socket 0[core 16[hwt 0]]: [././././././././././././././././B/././././././././././././././././././././././././././././././././././././././././././././././.][./././././././././././././././././././././././././././././././././././././././././././././././././././././././././././././././.]
[n2lcn0121:2705786] MCW rank 119 bound to socket 1[core 112[hwt 0]]: [./././././././././././././././././././././././././././././././././././././././././././././././././././././././././././././././.][././././././././././././././././././././././././././././././././././././././././././././././././B/././././././././././././././.]
[n2lcn0121:2705786] MCW rank 119 bound to socket 1[core 112[hwt 0]]: [./././././././././././././././././././././././././././././././././././././././././././././././././././././././././././././././.][././././././././././././././././././././././././././././././././././././././././././././././././B/././././././././././././././.]
[n2lcn0107:983449] MCW rank 36 bound to socket 1[core 64[hwt 0]]: [./././././././././././././././././././././././././././././././././././././././././././././././././././././././././././././././.][B/././././././././././././././././././././././././././././././././././././././././././././././././././././././././././././././.]
[n2lcn0107:983449] MCW rank 36 bound to socket 1[core 64[hwt 0]]: [./././././././././././././././././././././././././././././././././././././././././././././././././././././././././././././././.][B/././././././././././././././././././././././././././././././././././././././././././././././././././././././././././././././.]
[n2lcn0126.ab2021.local:3577769] MCW rank 144 bound to socket 0[core 0[hwt 0]]: [B/././././././././././././././././././././././././././././././././././././././././././././././././././././././././././././././.][./././././././././././././././././././././././././././././././././././././././././././././././././././././././././././././././.]
[n2lcn0126.ab2021.local:3577776] MCW rank 151 bound to socket 1[core 112[hwt 0]]: [./././././././././././././././././././././././././././././././././././././././././././././././././././././././././././././././.][././././././././././././././././././././././././././././././././././././././././././././././././B/././././././././././././././.]
[n2lcn0126.ab2021.local:3577776] MCW rank 151 bound to socket 1[core 112[hwt 0]]: [./././././././././././././././././././././././././././././././././././././././././././././././././././././././././././././././.][././././././././././././././././././././././././././././././././././././././././././././././././B/././././././././././././././.]
[n2lcn0126.ab2021.local:3577769] MCW rank 144 bound to socket 0[core 0[hwt 0]]: [B/././././././././././././././././././././././././././././././././././././././././././././././././././././././././././././././.][./././././././././././././././././././././././././././././././././././././././././././././././././././././././././././././././.]
[n2lcn0130:1001689] MCW rank 179 bound to socket 0[core 48[hwt 0]]: [././././././././././././././././././././././././././././././././././././././././././././././././B/././././././././././././././.][./././././././././././././././././././././././././././././././././././././././././././././././././././././././././././././././.]
[n2lcn0130:1001689] MCW rank 179 bound to socket 0[core 48[hwt 0]]: [././././././././././././././././././././././././././././././././././././././././././././././././B/././././././././././././././.][./././././././././././././././././././././././././././././././././././././././././././././././././././././././././././././././.]
[n2lcn0128.ab2021.local:30660] MCW rank 163 bound to socket 0[core 48[hwt 0]]: [././././././././././././././././././././././././././././././././././././././././././././././././B/././././././././././././././.][./././././././././././././././././././././././././././././././././././././././././././././././././././././././././././././././.]
[n2lcn0128.ab2021.local:30660] MCW rank 163 bound to socket 0[core 48[hwt 0]]: [././././././././././././././././././././././././././././././././././././././././././././././././B/././././././././././././././.][./././././././././././././././././././././././././././././././././././././././././././././././././././././././././././././././.]
[n2lcn0126.ab2021.local:3577772] MCW rank 147 bound to socket 0[core 48[hwt 0]]: [././././././././././././././././././././././././././././././././././././././././././././././././B/././././././././././././././.][./././././././././././././././././././././././././././././././././././././././././././././././././././././././././././././././.]
[n2lcn0126.ab2021.local:3577772] MCW rank 147 bound to socket 0[core 48[hwt 0]]: [././././././././././././././././././././././././././././././././././././././././././././././././B/././././././././././././././.][./././././././././././././././././././././././././././././././././././././././././././././././././././././././././././././././.]
[n2lcn0106:2922173] MCW rank 28 bound to socket 1[core 64[hwt 0]]: [./././././././././././././././././././././././././././././././././././././././././././././././././././././././././././././././.][B/././././././././././././././././././././././././././././././././././././././././././././././././././././././././././././././.]
[n2lcn0106:2922173] MCW rank 28 bound to socket 1[core 64[hwt 0]]: [./././././././././././././././././././././././././././././././././././././././././././././././././././././././././././././././.][B/././././././././././././././././././././././././././././././././././././././././././././././././././././././././././././././.]
[n2lcn0110:3352972] MCW rank 61 bound to socket 1[core 80[hwt 0]]: [./././././././././././././././././././././././././././././././././././././././././././././././././././././././././././././././.][././././././././././././././././B/././././././././././././././././././././././././././././././././././././././././././././././.]
[n2lcn0110:3352972] MCW rank 61 bound to socket 1[core 80[hwt 0]]: [./././././././././././././././././././././././././././././././././././././././././././././././././././././././././././././././.][././././././././././././././././B/././././././././././././././././././././././././././././././././././././././././././././././.]
[n2lcn0110:3352974] MCW rank 63 bound to socket 1[core 112[hwt 0]]: [./././././././././././././././././././././././././././././././././././././././././././././././././././././././././././././././.][././././././././././././././././././././././././././././././././././././././././././././././././B/././././././././././././././.]
[n2lcn0110:3352974] MCW rank 63 bound to socket 1[core 112[hwt 0]]: [./././././././././././././././././././././././././././././././././././././././././././././././././././././././././././././././.][././././././././././././././././././././././././././././././././././././././././././././././././B/././././././././././././././.]
[n2lcn0108.ab2021.local:2809810] MCW rank 44 bound to socket 1[core 64[hwt 0]]: [./././././././././././././././././././././././././././././././././././././././././././././././././././././././././././././././.][B/././././././././././././././././././././././././././././././././././././././././././././././././././././././././././././././.]
[n2lcn0108.ab2021.local:2809810] MCW rank 44 bound to socket 1[core 64[hwt 0]]: [./././././././././././././././././././././././././././././././././././././././././././././././././././././././././././././././.][B/././././././././././././././././././././././././././././././././././././././././././././././././././././././././././././././.]
[n2lcn0108.ab2021.local:2809811] MCW rank 45 bound to socket 1[core 80[hwt 0]]: [./././././././././././././././././././././././././././././././././././././././././././././././././././././././././././././././.][././././././././././././././././B/././././././././././././././././././././././././././././././././././././././././././././././.]
[n2lcn0108.ab2021.local:2809811] MCW rank 45 bound to socket 1[core 80[hwt 0]]: [./././././././././././././././././././././././././././././././././././././././././././././././././././././././././././././././.][././././././././././././././././B/././././././././././././././././././././././././././././././././././././././././././././././.]
[n2lcn0130:1001687] MCW rank 177 bound to socket 0[core 16[hwt 0]]: [././././././././././././././././B/././././././././././././././././././././././././././././././././././././././././././././././.][./././././././././././././././././././././././././././././././././././././././././././././././././././././././././././././././.]
[n2lcn0107:983447] MCW rank 34 bound to socket 0[core 32[hwt 0]]: [././././././././././././././././././././././././././././././././B/././././././././././././././././././././././././././././././.][./././././././././././././././././././././././././././././././././././././././././././././././././././././././././././././././.]
[n2lcn0130:1001687] MCW rank 177 bound to socket 0[core 16[hwt 0]]: [././././././././././././././././B/././././././././././././././././././././././././././././././././././././././././././././././.][./././././././././././././././././././././././././././././././././././././././././././././././././././././././././././././././.]
[n2lcn0130:1001693] MCW rank 183 bound to socket 1[core 112[hwt 0]]: [./././././././././././././././././././././././././././././././././././././././././././././././././././././././././././././././.][././././././././././././././././././././././././././././././././././././././././././././././././B/././././././././././././././.]
[n2lcn0130:1001693] MCW rank 183 bound to socket 1[core 112[hwt 0]]: [./././././././././././././././././././././././././././././././././././././././././././././././././././././././././././././././.][././././././././././././././././././././././././././././././././././././././././././././././././B/././././././././././././././.]
[n2lcn0107:983447] MCW rank 34 bound to socket 0[core 32[hwt 0]]: [././././././././././././././././././././././././././././././././B/././././././././././././././././././././././././././././././.][./././././././././././././././././././././././././././././././././././././././././././././././././././././././././././././././.]
[n2lcn0107:983448] MCW rank 35 bound to socket 0[core 48[hwt 0]]: [././././././././././././././././././././././././././././././././././././././././././././././././B/././././././././././././././.][./././././././././././././././././././././././././././././././././././././././././././././././././././././././././././././././.]
[n2lcn0117:758961] MCW rank 95 bound to socket 1[core 112[hwt 0]]: [./././././././././././././././././././././././././././././././././././././././././././././././././././././././././././././././.][././././././././././././././././././././././././././././././././././././././././././././././././B/././././././././././././././.]
[n2lcn0107:983451] MCW rank 38 bound to socket 1[core 96[hwt 0]]: [./././././././././././././././././././././././././././././././././././././././././././././././././././././././././././././././.][././././././././././././././././././././././././././././././././B/././././././././././././././././././././././././././././././.]
[n2lcn0107:983448] MCW rank 35 bound to socket 0[core 48[hwt 0]]: [././././././././././././././././././././././././././././././././././././././././././././././././B/././././././././././././././.][./././././././././././././././././././././././././././././././././././././././././././././././././././././././././././././././.]
[n2lcn0117:758961] MCW rank 95 bound to socket 1[core 112[hwt 0]]: [./././././././././././././././././././././././././././././././././././././././././././././././././././././././././././././././.][././././././././././././././././././././././././././././././././././././././././././././././././B/././././././././././././././.]
[n2lcn0107:983451] MCW rank 38 bound to socket 1[core 96[hwt 0]]: [./././././././././././././././././././././././././././././././././././././././././././././././././././././././././././././././.][././././././././././././././././././././././././././././././././B/././././././././././././././././././././././././././././././.]
[n2lcn0106:2922172] MCW rank 27 bound to socket 0[core 48[hwt 0]]: [././././././././././././././././././././././././././././././././././././././././././././././././B/././././././././././././././.][./././././././././././././././././././././././././././././././././././././././././././././././././././././././././././././././.]
[n2lcn0106:2922172] MCW rank 27 bound to socket 0[core 48[hwt 0]]: [././././././././././././././././././././././././././././././././././././././././././././././././B/././././././././././././././.][./././././././././././././././././././././././././././././././././././././././././././././././././././././././././././././././.]
[n2lcn0108.ab2021.local:2809809] MCW rank 43 bound to socket 0[core 48[hwt 0]]: [././././././././././././././././././././././././././././././././././././././././././././././././B/././././././././././././././.][./././././././././././././././././././././././././././././././././././././././././././././././././././././././././././././././.]
[n2lcn0105:844666] MCW rank 23 bound to socket 1[core 112[hwt 0]]: [./././././././././././././././././././././././././././././././././././././././././././././././././././././././././././././././.][././././././././././././././././././././././././././././././././././././././././././././././././B/././././././././././././././.]
[n2lcn0108.ab2021.local:2809809] MCW rank 43 bound to socket 0[core 48[hwt 0]]: [././././././././././././././././././././././././././././././././././././././././././././././././B/././././././././././././././.][./././././././././././././././././././././././././././././././././././././././././././././././././././././././././././././././.]
[n2lcn0105:844666] MCW rank 23 bound to socket 1[core 112[hwt 0]]: [./././././././././././././././././././././././././././././././././././././././././././././././././././././././././././././././.][././././././././././././././././././././././././././././././././././././././././././././././././B/././././././././././././././.]
[n2lcn0128.ab2021.local:30664] MCW rank 167 bound to socket 1[core 112[hwt 0]]: [./././././././././././././././././././././././././././././././././././././././././././././././././././././././././././././././.][././././././././././././././././././././././././././././././././././././././././././././././././B/././././././././././././././.]
[n2lcn0128.ab2021.local:30664] MCW rank 167 bound to socket 1[core 112[hwt 0]]: [./././././././././././././././././././././././././././././././././././././././././././././././././././././././././././././././.][././././././././././././././././././././././././././././././././././././././././././././././././B/././././././././././././././.]
[n2lcn0128.ab2021.local:30662] MCW rank 165 bound to socket 1[core 80[hwt 0]]: [./././././././././././././././././././././././././././././././././././././././././././././././././././././././././././././././.][././././././././././././././././B/././././././././././././././././././././././././././././././././././././././././././././././.]
[n2lcn0128.ab2021.local:30662] MCW rank 165 bound to socket 1[core 80[hwt 0]]: [./././././././././././././././././././././././././././././././././././././././././././././././././././././././././././././././.][././././././././././././././././B/././././././././././././././././././././././././././././././././././././././././././././././.]
[n2lcn0109:1350567] MCW rank 52 bound to socket 1[core 64[hwt 0]]: [./././././././././././././././././././././././././././././././././././././././././././././././././././././././././././././././.][B/././././././././././././././././././././././././././././././././././././././././././././././././././././././././././././././.]
[n2lcn0106:2922169] MCW rank 24 bound to socket 0[core 0[hwt 0]]: [B/././././././././././././././././././././././././././././././././././././././././././././././././././././././././././././././.][./././././././././././././././././././././././././././././././././././././././././././././././././././././././././././././././.]
[n2lcn0109:1350567] MCW rank 52 bound to socket 1[core 64[hwt 0]]: [./././././././././././././././././././././././././././././././././././././././././././././././././././././././././././././././.][B/././././././././././././././././././././././././././././././././././././././././././././././././././././././././././././././.]
[n2lcn0106:2922169] MCW rank 24 bound to socket 0[core 0[hwt 0]]: [B/././././././././././././././././././././././././././././././././././././././././././././././././././././././././././././././.][./././././././././././././././././././././././././././././././././././././././././././././././././././././././././././././././.]
[n2lcn0117:758959] MCW rank 93 bound to socket 1[core 80[hwt 0]]: [./././././././././././././././././././././././././././././././././././././././././././././././././././././././././././././././.][././././././././././././././././B/././././././././././././././././././././././././././././././././././././././././././././././.]
[n2lcn0117:758959] MCW rank 93 bound to socket 1[core 80[hwt 0]]: [./././././././././././././././././././././././././././././././././././././././././././././././././././././././././././././././.][././././././././././././././././B/././././././././././././././././././././././././././././././././././././././././././././././.]
[n2lcn0127:734009] MCW rank 159 bound to socket 1[core 112[hwt 0]]: [./././././././././././././././././././././././././././././././././././././././././././././././././././././././././././././././.][././././././././././././././././././././././././././././././././././././././././././././././././B/././././././././././././././.]
[n2lcn0127:734009] MCW rank 159 bound to socket 1[core 112[hwt 0]]: [./././././././././././././././././././././././././././././././././././././././././././././././././././././././././././././././.][././././././././././././././././././././././././././././././././././././././././././././././././B/././././././././././././././.]
[n2lcn0106:2922170] MCW rank 25 bound to socket 0[core 16[hwt 0]]: [././././././././././././././././B/././././././././././././././././././././././././././././././././././././././././././././././.][./././././././././././././././././././././././././././././././././././././././././././././././././././././././././././././././.]
[n2lcn0118:1330242] MCW rank 103 bound to socket 1[core 112[hwt 0]]: [./././././././././././././././././././././././././././././././././././././././././././././././././././././././././././././././.][././././././././././././././././././././././././././././././././././././././././././././././././B/././././././././././././././.]
[n2lcn0106:2922170] MCW rank 25 bound to socket 0[core 16[hwt 0]]: [././././././././././././././././B/././././././././././././././././././././././././././././././././././././././././././././././.][./././././././././././././././././././././././././././././././././././././././././././././././././././././././././././././././.]
[n2lcn0118:1330241] MCW rank 102 bound to socket 1[core 96[hwt 0]]: [./././././././././././././././././././././././././././././././././././././././././././././././././././././././././././././././.][././././././././././././././././././././././././././././././././B/././././././././././././././././././././././././././././././.]
[n2lcn0118:1330242] MCW rank 103 bound to socket 1[core 112[hwt 0]]: [./././././././././././././././././././././././././././././././././././././././././././././././././././././././././././././././.][././././././././././././././././././././././././././././././././././././././././././././././././B/././././././././././././././.]
[n2lcn0118:1330236] MCW rank 97 bound to socket 0[core 16[hwt 0]]: [././././././././././././././././B/././././././././././././././././././././././././././././././././././././././././././././././.][./././././././././././././././././././././././././././././././././././././././././././././././././././././././././././././././.]
[n2lcn0118:1330237] MCW rank 98 bound to socket 0[core 32[hwt 0]]: [././././././././././././././././././././././././././././././././B/././././././././././././././././././././././././././././././.][./././././././././././././././././././././././././././././././././././././././././././././././././././././././././././././././.]
[n2lcn0118:1330241] MCW rank 102 bound to socket 1[core 96[hwt 0]]: [./././././././././././././././././././././././././././././././././././././././././././././././././././././././././././././././.][././././././././././././././././././././././././././././././././B/././././././././././././././././././././././././././././././.]
[n2lcn0118:1330236] MCW rank 97 bound to socket 0[core 16[hwt 0]]: [././././././././././././././././B/././././././././././././././././././././././././././././././././././././././././././././././.][./././././././././././././././././././././././././././././././././././././././././././././././././././././././././././././././.]
[n2lcn0118:1330237] MCW rank 98 bound to socket 0[core 32[hwt 0]]: [././././././././././././././././././././././././././././././././B/././././././././././././././././././././././././././././././.][./././././././././././././././././././././././././././././././././././././././././././././././././././././././././././././././.]
[n2lcn0130:1001690] MCW rank 180 bound to socket 1[core 64[hwt 0]]: [./././././././././././././././././././././././././././././././././././././././././././././././././././././././././././././././.][B/././././././././././././././././././././././././././././././././././././././././././././././././././././././././././././././.]
[n2lcn0130:1001691] MCW rank 181 bound to socket 1[core 80[hwt 0]]: [./././././././././././././././././././././././././././././././././././././././././././././././././././././././././././././././.][././././././././././././././././B/././././././././././././././././././././././././././././././././././././././././././././././.]
[n2lcn0130:1001690] MCW rank 180 bound to socket 1[core 64[hwt 0]]: [./././././././././././././././././././././././././././././././././././././././././././././././././././././././././././././././.][B/././././././././././././././././././././././././././././././././././././././././././././././././././././././././././././././.]
[n2lcn0130:1001691] MCW rank 181 bound to socket 1[core 80[hwt 0]]: [./././././././././././././././././././././././././././././././././././././././././././././././././././././././././././././././.][././././././././././././././././B/././././././././././././././././././././././././././././././././././././././././././././././.]
[n2lcn0102:3405839] MCW rank 9 bound to socket 0[core 16[hwt 0]]: [././././././././././././././././B/././././././././././././././././././././././././././././././././././././././././././././././.][./././././././././././././././././././././././././././././././././././././././././././././././././././././././././././././././.]
[n2lcn0102:3405839] MCW rank 9 bound to socket 0[core 16[hwt 0]]: [././././././././././././././././B/././././././././././././././././././././././././././././././././././././././././././././././.][./././././././././././././././././././././././././././././././././././././././././././././././././././././././././././././././.]
[n2lcn0121:2705782] MCW rank 115 bound to socket 0[core 48[hwt 0]]: [././././././././././././././././././././././././././././././././././././././././././././././././B/././././././././././././././.][./././././././././././././././././././././././././././././././././././././././././././././././././././././././././././././././.]
[n2lcn0121:2705782] MCW rank 115 bound to socket 0[core 48[hwt 0]]: [././././././././././././././././././././././././././././././././././././././././././././././././B/././././././././././././././.][./././././././././././././././././././././././././././././././././././././././././././././././././././././././././././././././.]
[n2lcn0121:2705783] MCW rank 116 bound to socket 1[core 64[hwt 0]]: [./././././././././././././././././././././././././././././././././././././././././././././././././././././././././././././././.][B/././././././././././././././././././././././././././././././././././././././././././././././././././././././././././././././.]
[n2lcn0121:2705779] MCW rank 112 bound to socket 0[core 0[hwt 0]]: [B/././././././././././././././././././././././././././././././././././././././././././././././././././././././././././././././.][./././././././././././././././././././././././././././././././././././././././././././././././././././././././././././././././.]
[n2lcn0121:2705783] MCW rank 116 bound to socket 1[core 64[hwt 0]]: [./././././././././././././././././././././././././././././././././././././././././././././././././././././././././././././././.][B/././././././././././././././././././././././././././././././././././././././././././././././././././././././././././././././.]
[n2lcn0121:2705779] MCW rank 112 bound to socket 0[core 0[hwt 0]]: [B/././././././././././././././././././././././././././././././././././././././././././././././././././././././././././././././.][./././././././././././././././././././././././././././././././././././././././././././././././././././././././././././././././.]
[n2lcn0129:1916086] MCW rank 174 bound to socket 1[core 96[hwt 0]]: [./././././././././././././././././././././././././././././././././././././././././././././././././././././././././././././././.][././././././././././././././././././././././././././././././././B/././././././././././././././././././././././././././././././.]
[n2lcn0129:1916086] MCW rank 174 bound to socket 1[core 96[hwt 0]]: [./././././././././././././././././././././././././././././././././././././././././././././././././././././././././././././././.][././././././././././././././././././././././././././././././././B/././././././././././././././././././././././././././././././.]
[n2lcn0119:4017564] MCW rank 104 bound to socket 0[core 0[hwt 0]]: [B/././././././././././././././././././././././././././././././././././././././././././././././././././././././././././././././.][./././././././././././././././././././././././././././././././././././././././././././././././././././././././././././././././.]
[n2lcn0119:4017564] MCW rank 104 bound to socket 0[core 0[hwt 0]]: [B/././././././././././././././././././././././././././././././././././././././././././././././././././././././././././././././.][./././././././././././././././././././././././././././././././././././././././././././././././././././././././././././././././.]
[n2lcn0129:1916080] MCW rank 168 bound to socket 0[core 0[hwt 0]]: [B/././././././././././././././././././././././././././././././././././././././././././././././././././././././././././././././.][./././././././././././././././././././././././././././././././././././././././././././././././././././././././././././././././.]
[n2lcn0129:1916084] MCW rank 172 bound to socket 1[core 64[hwt 0]]: [./././././././././././././././././././././././././././././././././././././././././././././././././././././././././././././././.][B/././././././././././././././././././././././././././././././././././././././././././././././././././././././././././././././.]
[n2lcn0129:1916080] MCW rank 168 bound to socket 0[core 0[hwt 0]]: [B/././././././././././././././././././././././././././././././././././././././././././././././././././././././././././././././.][./././././././././././././././././././././././././././././././././././././././././././././././././././././././././././././././.]
[n2lcn0129:1916081] MCW rank 169 bound to socket 0[core 16[hwt 0]]: [././././././././././././././././B/././././././././././././././././././././././././././././././././././././././././././././././.][./././././././././././././././././././././././././././././././././././././././././././././././././././././././././././././././.]
[n2lcn0129:1916084] MCW rank 172 bound to socket 1[core 64[hwt 0]]: [./././././././././././././././././././././././././././././././././././././././././././././././././././././././././././././././.][B/././././././././././././././././././././././././././././././././././././././././././././././././././././././././././././././.]
[n2lcn0129:1916081] MCW rank 169 bound to socket 0[core 16[hwt 0]]: [././././././././././././././././B/././././././././././././././././././././././././././././././././././././././././././././././.][./././././././././././././././././././././././././././././././././././././././././././././././././././././././././././././././.]
[n2lcn0129:1916082] MCW rank 170 bound to socket 0[core 32[hwt 0]]: [././././././././././././././././././././././././././././././././B/././././././././././././././././././././././././././././././.][./././././././././././././././././././././././././././././././././././././././././././././././././././././././././././././././.]
[n2lcn0129:1916082] MCW rank 170 bound to socket 0[core 32[hwt 0]]: [././././././././././././././././././././././././././././././././B/././././././././././././././././././././././././././././././.][./././././././././././././././././././././././././././././././././././././././././././././././././././././././././././././././.]
[n2lcn0101.ab2021.local:237280] MCW rank 4 bound to socket 1[core 64[hwt 0]]: [./././././././././././././././././././././././././././././././././././././././././././././././././././././././././././././././.][B/././././././././././././././././././././././././././././././././././././././././././././././././././././././././././././././.]
[n2lcn0101.ab2021.local:237280] MCW rank 4 bound to socket 1[core 64[hwt 0]]: [./././././././././././././././././././././././././././././././././././././././././././././././././././././././././././././././.][B/././././././././././././././././././././././././././././././././././././././././././././././././././././././././././././././.]
[n2lcn0119:4017565] MCW rank 105 bound to socket 0[core 16[hwt 0]]: [././././././././././././././././B/././././././././././././././././././././././././././././././././././././././././././././././.][./././././././././././././././././././././././././././././././././././././././././././././././././././././././././././././././.]
[n2lcn0119:4017565] MCW rank 105 bound to socket 0[core 16[hwt 0]]: [././././././././././././././././B/././././././././././././././././././././././././././././././././././././././././././././././.][./././././././././././././././././././././././././././././././././././././././././././././././././././././././././././././././.]
[n2lcn0119:4017568] MCW rank 108 bound to socket 1[core 64[hwt 0]]: [./././././././././././././././././././././././././././././././././././././././././././././././././././././././././././././././.][B/././././././././././././././././././././././././././././././././././././././././././././././././././././././././././././././.]
[n2lcn0119:4017568] MCW rank 108 bound to socket 1[core 64[hwt 0]]: [./././././././././././././././././././././././././././././././././././././././././././././././././././././././././././././././.][B/././././././././././././././././././././././././././././././././././././././././././././././././././././././././././././././.]
[n2lcn0106:2922175] MCW rank 30 bound to socket 1[core 96[hwt 0]]: [./././././././././././././././././././././././././././././././././././././././././././././././././././././././././././././././.][././././././././././././././././././././././././././././././././B/././././././././././././././././././././././././././././././.]
[n2lcn0119:4017567] MCW rank 107 bound to socket 0[core 48[hwt 0]]: [././././././././././././././././././././././././././././././././././././././././././././././././B/././././././././././././././.][./././././././././././././././././././././././././././././././././././././././././././././././././././././././././././././././.]
[n2lcn0119:4017566] MCW rank 106 bound to socket 0[core 32[hwt 0]]: [././././././././././././././././././././././././././././././././B/././././././././././././././././././././././././././././././.][./././././././././././././././././././././././././././././././././././././././././././././././././././././././././././././././.]
[n2lcn0106:2922175] MCW rank 30 bound to socket 1[core 96[hwt 0]]: [./././././././././././././././././././././././././././././././././././././././././././././././././././././././././././././././.][././././././././././././././././././././././././././././././././B/././././././././././././././././././././././././././././././.]
[n2lcn0119:4017567] MCW rank 107 bound to socket 0[core 48[hwt 0]]: [././././././././././././././././././././././././././././././././././././././././././././././././B/././././././././././././././.][./././././././././././././././././././././././././././././././././././././././././././././././././././././././././././././././.]
[n2lcn0119:4017566] MCW rank 106 bound to socket 0[core 32[hwt 0]]: [././././././././././././././././././././././././././././././././B/././././././././././././././././././././././././././././././.][./././././././././././././././././././././././././././././././././././././././././././././././././././././././././././././././.]
[n2lcn0106:2922171] MCW rank 26 bound to socket 0[core 32[hwt 0]]: [././././././././././././././././././././././././././././././././B/././././././././././././././././././././././././././././././.][./././././././././././././././././././././././././././././././././././././././././././././././././././././././././././././././.]
[n2lcn0106:2922174] MCW rank 29 bound to socket 1[core 80[hwt 0]]: [./././././././././././././././././././././././././././././././././././././././././././././././././././././././././././././././.][././././././././././././././././B/././././././././././././././././././././././././././././././././././././././././././././././.]
[n2lcn0106:2922174] MCW rank 29 bound to socket 1[core 80[hwt 0]]: [./././././././././././././././././././././././././././././././././././././././././././././././././././././././././././././././.][././././././././././././././././B/././././././././././././././././././././././././././././././././././././././././././././././.]
[n2lcn0129:1916083] MCW rank 171 bound to socket 0[core 48[hwt 0]]: [././././././././././././././././././././././././././././././././././././././././././././././././B/././././././././././././././.][./././././././././././././././././././././././././././././././././././././././././././././././././././././././././././././././.]
[n2lcn0106:2922171] MCW rank 26 bound to socket 0[core 32[hwt 0]]: [././././././././././././././././././././././././././././././././B/././././././././././././././././././././././././././././././.][./././././././././././././././././././././././././././././././././././././././././././././././././././././././././././././././.]
[n2lcn0129:1916083] MCW rank 171 bound to socket 0[core 48[hwt 0]]: [././././././././././././././././././././././././././././././././././././././././././././././././B/././././././././././././././.][./././././././././././././././././././././././././././././././././././././././././././././././././././././././././././././././.]
[n2lcn0126.ab2021.local:3577773] MCW rank 148 bound to socket 1[core 64[hwt 0]]: [./././././././././././././././././././././././././././././././././././././././././././././././././././././././././././././././.][B/././././././././././././././././././././././././././././././././././././././././././././././././././././././././././././././.]
[n2lcn0126.ab2021.local:3577773] MCW rank 148 bound to socket 1[core 64[hwt 0]]: [./././././././././././././././././././././././././././././././././././././././././././././././././././././././././././././././.][B/././././././././././././././././././././././././././././././././././././././././././././././././././././././././././././././.]
[n2lcn0126.ab2021.local:3577774] MCW rank 149 bound to socket 1[core 80[hwt 0]]: [./././././././././././././././././././././././././././././././././././././././././././././././././././././././././././././././.][././././././././././././././././B/././././././././././././././././././././././././././././././././././././././././././././././.]
[n2lcn0126.ab2021.local:3577774] MCW rank 149 bound to socket 1[core 80[hwt 0]]: [./././././././././././././././././././././././././././././././././././././././././././././././././././././././././././././././.][././././././././././././././././B/././././././././././././././././././././././././././././././././././././././././././././././.]
[n2lcn0126.ab2021.local:3577770] MCW rank 145 bound to socket 0[core 16[hwt 0]]: [././././././././././././././././B/././././././././././././././././././././././././././././././././././././././././././././././.][./././././././././././././././././././././././././././././././././././././././././././././././././././././././././././././././.]
[n2lcn0126.ab2021.local:3577775] MCW rank 150 bound to socket 1[core 96[hwt 0]]: [./././././././././././././././././././././././././././././././././././././././././././././././././././././././././././././././.][././././././././././././././././././././././././././././././././B/././././././././././././././././././././././././././././././.]
[n2lcn0126.ab2021.local:3577770] MCW rank 145 bound to socket 0[core 16[hwt 0]]: [././././././././././././././././B/././././././././././././././././././././././././././././././././././././././././././././././.][./././././././././././././././././././././././././././././././././././././././././././././././././././././././././././././././.]
[n2lcn0126.ab2021.local:3577775] MCW rank 150 bound to socket 1[core 96[hwt 0]]: [./././././././././././././././././././././././././././././././././././././././././././././././././././././././././././././././.][././././././././././././././././././././././././././././././././B/././././././././././././././././././././././././././././././.]
[n2lcn0126.ab2021.local:3577771] MCW rank 146 bound to socket 0[core 32[hwt 0]]: [././././././././././././././././././././././././././././././././B/././././././././././././././././././././././././././././././.][./././././././././././././././././././././././././././././././././././././././././././././././././././././././././././././././.]
[n2lcn0126.ab2021.local:3577771] MCW rank 146 bound to socket 0[core 32[hwt 0]]: [././././././././././././././././././././././././././././././././B/././././././././././././././././././././././././././././././.][./././././././././././././././././././././././././././././././././././././././././././././././././././././././././././././././.]
[n2lcn0119:4017569] MCW rank 109 bound to socket 1[core 80[hwt 0]]: [./././././././././././././././././././././././././././././././././././././././././././././././././././././././././././././././.][././././././././././././././././B/././././././././././././././././././././././././././././././././././././././././././././././.]
[n2lcn0119:4017569] MCW rank 109 bound to socket 1[core 80[hwt 0]]: [./././././././././././././././././././././././././././././././././././././././././././././././././././././././././././././././.][././././././././././././././././B/././././././././././././././././././././././././././././././././././././././././././././././.]
[n2lcn0128.ab2021.local:30658] MCW rank 161 bound to socket 0[core 16[hwt 0]]: [././././././././././././././././B/././././././././././././././././././././././././././././././././././././././././././././././.][./././././././././././././././././././././././././././././././././././././././././././././././././././././././././././././././.]
[n2lcn0128.ab2021.local:30658] MCW rank 161 bound to socket 0[core 16[hwt 0]]: [././././././././././././././././B/././././././././././././././././././././././././././././././././././././././././././././././.][./././././././././././././././././././././././././././././././././././././././././././././././././././././././././././././././.]
[n2lcn0128.ab2021.local:30657] MCW rank 160 bound to socket 0[core 0[hwt 0]]: [B/././././././././././././././././././././././././././././././././././././././././././././././././././././././././././././././.][./././././././././././././././././././././././././././././././././././././././././././././././././././././././././././././././.]
[n2lcn0128.ab2021.local:30659] MCW rank 162 bound to socket 0[core 32[hwt 0]]: [././././././././././././././././././././././././././././././././B/././././././././././././././././././././././././././././././.][./././././././././././././././././././././././././././././././././././././././././././././././././././././././././././././././.]
[n2lcn0128.ab2021.local:30657] MCW rank 160 bound to socket 0[core 0[hwt 0]]: [B/././././././././././././././././././././././././././././././././././././././././././././././././././././././././././././././.][./././././././././././././././././././././././././././././././././././././././././././././././././././././././././././././././.]
[n2lcn0128.ab2021.local:30659] MCW rank 162 bound to socket 0[core 32[hwt 0]]: [././././././././././././././././././././././././././././././././B/././././././././././././././././././././././././././././././.][./././././././././././././././././././././././././././././././././././././././././././././././././././././././././././././././.]
[n2lcn0110:3352969] MCW rank 58 bound to socket 0[core 32[hwt 0]]: [././././././././././././././././././././././././././././././././B/././././././././././././././././././././././././././././././.][./././././././././././././././././././././././././././././././././././././././././././././././././././././././././././././././.]
[n2lcn0110:3352969] MCW rank 58 bound to socket 0[core 32[hwt 0]]: [././././././././././././././././././././././././././././././././B/././././././././././././././././././././././././././././././.][./././././././././././././././././././././././././././././././././././././././././././././././././././././././././././././././.]
[n2lcn0128.ab2021.local:30661] MCW rank 164 bound to socket 1[core 64[hwt 0]]: [./././././././././././././././././././././././././././././././././././././././././././././././././././././././././././././././.][B/././././././././././././././././././././././././././././././././././././././././././././././././././././././././././././././.]
[n2lcn0128.ab2021.local:30663] MCW rank 166 bound to socket 1[core 96[hwt 0]]: [./././././././././././././././././././././././././././././././././././././././././././././././././././././././././././././././.][././././././././././././././././././././././././././././././././B/././././././././././././././././././././././././././././././.]
[n2lcn0128.ab2021.local:30661] MCW rank 164 bound to socket 1[core 64[hwt 0]]: [./././././././././././././././././././././././././././././././././././././././././././././././././././././././././././././././.][B/././././././././././././././././././././././././././././././././././././././././././././././././././././././././././././././.]
[n2lcn0128.ab2021.local:30663] MCW rank 166 bound to socket 1[core 96[hwt 0]]: [./././././././././././././././././././././././././././././././././././././././././././././././././././././././././././././././.][././././././././././././././././././././././././././././././././B/././././././././././././././././././././././././././././././.]
[n2lcn0106:2922176] MCW rank 31 bound to socket 1[core 112[hwt 0]]: [./././././././././././././././././././././././././././././././././././././././././././././././././././././././././././././././.][././././././././././././././././././././././././././././././././././././././././././././././././B/././././././././././././././.]
[n2lcn0106:2922176] MCW rank 31 bound to socket 1[core 112[hwt 0]]: [./././././././././././././././././././././././././././././././././././././././././././././././././././././././././././././././.][././././././././././././././././././././././././././././././././././././././././././././././././B/././././././././././././././.]
[n2lcn0107:983450] MCW rank 37 bound to socket 1[core 80[hwt 0]]: [./././././././././././././././././././././././././././././././././././././././././././././././././././././././././././././././.][././././././././././././././././B/././././././././././././././././././././././././././././././././././././././././././././././.]
[n2lcn0107:983452] MCW rank 39 bound to socket 1[core 112[hwt 0]]: [./././././././././././././././././././././././././././././././././././././././././././././././././././././././././././././././.][././././././././././././././././././././././././././././././././././././././././././././././././B/././././././././././././././.]
[n2lcn0107:983450] MCW rank 37 bound to socket 1[core 80[hwt 0]]: [./././././././././././././././././././././././././././././././././././././././././././././././././././././././././././././././.][././././././././././././././././B/././././././././././././././././././././././././././././././././././././././././././././././.]
[n2lcn0107:983452] MCW rank 39 bound to socket 1[core 112[hwt 0]]: [./././././././././././././././././././././././././././././././././././././././././././././././././././././././././././././././.][././././././././././././././././././././././././././././././././././././././././././././././././B/././././././././././././././.]
[n2lcn0107:983446] MCW rank 33 bound to socket 0[core 16[hwt 0]]: [././././././././././././././././B/././././././././././././././././././././././././././././././././././././././././././././././.][./././././././././././././././././././././././././././././././././././././././././././././././././././././././././././././././.]
[n2lcn0107:983445] MCW rank 32 bound to socket 0[core 0[hwt 0]]: [B/././././././././././././././././././././././././././././././././././././././././././././././././././././././././././././././.][./././././././././././././././././././././././././././././././././././././././././././././././././././././././././././././././.]
[n2lcn0107:983446] MCW rank 33 bound to socket 0[core 16[hwt 0]]: [././././././././././././././././B/././././././././././././././././././././././././././././././././././././././././././././././.][./././././././././././././././././././././././././././././././././././././././././././././././././././././././././././././././.]
[n2lcn0107:983445] MCW rank 32 bound to socket 0[core 0[hwt 0]]: [B/././././././././././././././././././././././././././././././././././././././././././././././././././././././././././././././.][./././././././././././././././././././././././././././././././././././././././././././././././././././././././././././././././.]
[n2lcn0111.ab2021.local:936955] MCW rank 70 bound to socket 1[core 96[hwt 0]]: [./././././././././././././././././././././././././././././././././././././././././././././././././././././././././././././././.][././././././././././././././././././././././././././././././././B/././././././././././././././././././././././././././././././.]
[n2lcn0111.ab2021.local:936955] MCW rank 70 bound to socket 1[core 96[hwt 0]]: [./././././././././././././././././././././././././././././././././././././././././././././././././././././././././././././././.][././././././././././././././././././././././././././././././././B/././././././././././././././././././././././././././././././.]
[n2lcn0111.ab2021.local:936954] MCW rank 69 bound to socket 1[core 80[hwt 0]]: [./././././././././././././././././././././././././././././././././././././././././././././././././././././././././././././././.][././././././././././././././././B/././././././././././././././././././././././././././././././././././././././././././././././.]
[n2lcn0111.ab2021.local:936954] MCW rank 69 bound to socket 1[core 80[hwt 0]]: [./././././././././././././././././././././././././././././././././././././././././././././././././././././././././././././././.][././././././././././././././././B/././././././././././././././././././././././././././././././././././././././././././././././.]
[n2lcn0108.ab2021.local:2809806] MCW rank 40 bound to socket 0[core 0[hwt 0]]: [B/././././././././././././././././././././././././././././././././././././././././././././././././././././././././././././././.][./././././././././././././././././././././././././././././././././././././././././././././././././././././././././././././././.]
[n2lcn0111.ab2021.local:936949] MCW rank 64 bound to socket 0[core 0[hwt 0]]: [B/././././././././././././././././././././././././././././././././././././././././././././././././././././././././././././././.][./././././././././././././././././././././././././././././././././././././././././././././././././././././././././././././././.]
[n2lcn0111.ab2021.local:936952] MCW rank 67 bound to socket 0[core 48[hwt 0]]: [././././././././././././././././././././././././././././././././././././././././././././././././B/././././././././././././././.][./././././././././././././././././././././././././././././././././././././././././././././././././././././././././././././././.]
[n2lcn0111.ab2021.local:936951] MCW rank 66 bound to socket 0[core 32[hwt 0]]: [././././././././././././././././././././././././././././././././B/././././././././././././././././././././././././././././././.][./././././././././././././././././././././././././././././././././././././././././././././././././././././././././././././././.]
[n2lcn0111.ab2021.local:936950] MCW rank 65 bound to socket 0[core 16[hwt 0]]: [././././././././././././././././B/././././././././././././././././././././././././././././././././././././././././././././././.][./././././././././././././././././././././././././././././././././././././././././././././././././././././././././././././././.]
[n2lcn0108.ab2021.local:2809806] MCW rank 40 bound to socket 0[core 0[hwt 0]]: [B/././././././././././././././././././././././././././././././././././././././././././././././././././././././././././././././.][./././././././././././././././././././././././././././././././././././././././././././././././././././././././././././././././.]
[n2lcn0111.ab2021.local:936949] MCW rank 64 bound to socket 0[core 0[hwt 0]]: [B/././././././././././././././././././././././././././././././././././././././././././././././././././././././././././././././.][./././././././././././././././././././././././././././././././././././././././././././././././././././././././././././././././.]
[n2lcn0111.ab2021.local:936952] MCW rank 67 bound to socket 0[core 48[hwt 0]]: [././././././././././././././././././././././././././././././././././././././././././././././././B/././././././././././././././.][./././././././././././././././././././././././././././././././././././././././././././././././././././././././././././././././.]
[n2lcn0111.ab2021.local:936951] MCW rank 66 bound to socket 0[core 32[hwt 0]]: [././././././././././././././././././././././././././././././././B/././././././././././././././././././././././././././././././.][./././././././././././././././././././././././././././././././././././././././././././././././././././././././././././././././.]
[n2lcn0111.ab2021.local:936950] MCW rank 65 bound to socket 0[core 16[hwt 0]]: [././././././././././././././././B/././././././././././././././././././././././././././././././././././././././././././././././.][./././././././././././././././././././././././././././././././././././././././././././././././././././././././././././././././.]
[n2lcn0108.ab2021.local:2809808] MCW rank 42 bound to socket 0[core 32[hwt 0]]: [././././././././././././././././././././././././././././././././B/././././././././././././././././././././././././././././././.][./././././././././././././././././././././././././././././././././././././././././././././././././././././././././././././././.]
[n2lcn0108.ab2021.local:2809812] MCW rank 46 bound to socket 1[core 96[hwt 0]]: [./././././././././././././././././././././././././././././././././././././././././././././././././././././././././././././././.][././././././././././././././././././././././././././././././././B/././././././././././././././././././././././././././././././.]
[n2lcn0108.ab2021.local:2809807] MCW rank 41 bound to socket 0[core 16[hwt 0]]: [././././././././././././././././B/././././././././././././././././././././././././././././././././././././././././././././././.][./././././././././././././././././././././././././././././././././././././././././././././././././././././././././././././././.]
[n2lcn0108.ab2021.local:2809808] MCW rank 42 bound to socket 0[core 32[hwt 0]]: [././././././././././././././././././././././././././././././././B/././././././././././././././././././././././././././././././.][./././././././././././././././././././././././././././././././././././././././././././././././././././././././././././././././.]
[n2lcn0108.ab2021.local:2809807] MCW rank 41 bound to socket 0[core 16[hwt 0]]: [././././././././././././././././B/././././././././././././././././././././././././././././././././././././././././././././././.][./././././././././././././././././././././././././././././././././././././././././././././././././././././././././././././././.]
[n2lcn0108.ab2021.local:2809812] MCW rank 46 bound to socket 1[core 96[hwt 0]]: [./././././././././././././././././././././././././././././././././././././././././././././././././././././././././././././././.][././././././././././././././././././././././././././././././././B/././././././././././././././././././././././././././././././.]
[n2lcn0111.ab2021.local:936953] MCW rank 68 bound to socket 1[core 64[hwt 0]]: [./././././././././././././././././././././././././././././././././././././././././././././././././././././././././././././././.][B/././././././././././././././././././././././././././././././././././././././././././././././././././././././././././././././.]
[n2lcn0110:3352973] MCW rank 62 bound to socket 1[core 96[hwt 0]]: [./././././././././././././././././././././././././././././././././././././././././././././././././././././././././././././././.][././././././././././././././././././././././././././././././././B/././././././././././././././././././././././././././././././.]
[n2lcn0111.ab2021.local:936956] MCW rank 71 bound to socket 1[core 112[hwt 0]]: [./././././././././././././././././././././././././././././././././././././././././././././././././././././././././././././././.][././././././././././././././././././././././././././././././././././././././././././././././././B/././././././././././././././.]
[n2lcn0108.ab2021.local:2809813] MCW rank 47 bound to socket 1[core 112[hwt 0]]: [./././././././././././././././././././././././././././././././././././././././././././././././././././././././././././././././.][././././././././././././././././././././././././././././././././././././././././././././././././B/././././././././././././././.]
[n2lcn0110:3352973] MCW rank 62 bound to socket 1[core 96[hwt 0]]: [./././././././././././././././././././././././././././././././././././././././././././././././././././././././././././././././.][././././././././././././././././././././././././././././././././B/././././././././././././././././././././././././././././././.]
[n2lcn0111.ab2021.local:936953] MCW rank 68 bound to socket 1[core 64[hwt 0]]: [./././././././././././././././././././././././././././././././././././././././././././././././././././././././././././././././.][B/././././././././././././././././././././././././././././././././././././././././././././././././././././././././././././././.]
[n2lcn0111.ab2021.local:936956] MCW rank 71 bound to socket 1[core 112[hwt 0]]: [./././././././././././././././././././././././././././././././././././././././././././././././././././././././././././././././.][././././././././././././././././././././././././././././././././././././././././././././././././B/././././././././././././././.]
[n2lcn0108.ab2021.local:2809813] MCW rank 47 bound to socket 1[core 112[hwt 0]]: [./././././././././././././././././././././././././././././././././././././././././././././././././././././././././././././././.][././././././././././././././././././././././././././././././././././././././././././././././././B/././././././././././././././.]
[n2lcn0110:3352971] MCW rank 60 bound to socket 1[core 64[hwt 0]]: [./././././././././././././././././././././././././././././././././././././././././././././././././././././././././././././././.][B/././././././././././././././././././././././././././././././././././././././././././././././././././././././././././././././.]
[n2lcn0110:3352971] MCW rank 60 bound to socket 1[core 64[hwt 0]]: [./././././././././././././././././././././././././././././././././././././././././././././././././././././././././././././././.][B/././././././././././././././././././././././././././././././././././././././././././././././././././././././././././././././.]
[n2lcn0110:3352970] MCW rank 59 bound to socket 0[core 48[hwt 0]]: [././././././././././././././././././././././././././././././././././././././././././././././././B/././././././././././././././.][./././././././././././././././././././././././././././././././././././././././././././././././././././././././././././././././.]
[n2lcn0110:3352967] MCW rank 56 bound to socket 0[core 0[hwt 0]]: [B/././././././././././././././././././././././././././././././././././././././././././././././././././././././././././././././.][./././././././././././././././././././././././././././././././././././././././././././././././././././././././././././././././.]
[n2lcn0110:3352970] MCW rank 59 bound to socket 0[core 48[hwt 0]]: [././././././././././././././././././././././././././././././././././././././././././././././././B/././././././././././././././.][./././././././././././././././././././././././././././././././././././././././././././././././././././././././././././././././.]
[n2lcn0110:3352967] MCW rank 56 bound to socket 0[core 0[hwt 0]]: [B/././././././././././././././././././././././././././././././././././././././././././././././././././././././././././././././.][./././././././././././././././././././././././././././././././././././././././././././././././././././././././././././././././.]
[n2lcn0110:3352968] MCW rank 57 bound to socket 0[core 16[hwt 0]]: [././././././././././././././././B/././././././././././././././././././././././././././././././././././././././././././././././.][./././././././././././././././././././././././././././././././././././././././././././././././././././././././././././././././.]
[n2lcn0110:3352968] MCW rank 57 bound to socket 0[core 16[hwt 0]]: [././././././././././././././././B/././././././././././././././././././././././././././././././././././././././././././././././.][./././././././././././././././././././././././././././././././././././././././././././././././././././././././././././././././.]
[n2lcn0118:1330238] MCW rank 99 bound to socket 0[core 48[hwt 0]]: [././././././././././././././././././././././././././././././././././././././././././././././././B/././././././././././././././.][./././././././././././././././././././././././././././././././././././././././././././././././././././././././././././././././.]
[n2lcn0118:1330238] MCW rank 99 bound to socket 0[core 48[hwt 0]]: [././././././././././././././././././././././././././././././././././././././././././././././././B/././././././././././././././.][./././././././././././././././././././././././././././././././././././././././././././././././././././././././././././././././.]
[n2lcn0118:1330235] MCW rank 96 bound to socket 0[core 0[hwt 0]]: [B/././././././././././././././././././././././././././././././././././././././././././././././././././././././././././././././.][./././././././././././././././././././././././././././././././././././././././././././././././././././././././././././././././.]
[n2lcn0118:1330235] MCW rank 96 bound to socket 0[core 0[hwt 0]]: [B/././././././././././././././././././././././././././././././././././././././././././././././././././././././././././././././.][./././././././././././././././././././././././././././././././././././././././././././././././././././././././././././././././.]
[n2lcn0118:1330239] MCW rank 100 bound to socket 1[core 64[hwt 0]]: [./././././././././././././././././././././././././././././././././././././././././././././././././././././././././././././././.][B/././././././././././././././././././././././././././././././././././././././././././././././././././././././././././././././.]
[n2lcn0118:1330239] MCW rank 100 bound to socket 1[core 64[hwt 0]]: [./././././././././././././././././././././././././././././././././././././././././././././././././././././././././././././././.][B/././././././././././././././././././././././././././././././././././././././././././././././././././././././././././././././.]
[n2lcn0117:758956] MCW rank 90 bound to socket 0[core 32[hwt 0]]: [././././././././././././././././././././././././././././././././B/././././././././././././././././././././././././././././././.][./././././././././././././././././././././././././././././././././././././././././././././././././././././././././././././././.]
[n2lcn0105:844660] MCW rank 17 bound to socket 0[core 16[hwt 0]]: [././././././././././././././././B/././././././././././././././././././././././././././././././././././././././././././././././.][./././././././././././././././././././././././././././././././././././././././././././././././././././././././././././././././.]
[n2lcn0117:758956] MCW rank 90 bound to socket 0[core 32[hwt 0]]: [././././././././././././././././././././././././././././././././B/././././././././././././././././././././././././././././././.][./././././././././././././././././././././././././././././././././././././././././././././././././././././././././././././././.]
[n2lcn0105:844660] MCW rank 17 bound to socket 0[core 16[hwt 0]]: [././././././././././././././././B/././././././././././././././././././././././././././././././././././././././././././././././.][./././././././././././././././././././././././././././././././././././././././././././././././././././././././././././././././.]
[n2lcn0105:844659] MCW rank 16 bound to socket 0[core 0[hwt 0]]: [B/././././././././././././././././././././././././././././././././././././././././././././././././././././././././././././././.][./././././././././././././././././././././././././././././././././././././././././././././././././././././././././././././././.]
[n2lcn0105:844662] MCW rank 19 bound to socket 0[core 48[hwt 0]]: [././././././././././././././././././././././././././././././././././././././././././././././././B/././././././././././././././.][./././././././././././././././././././././././././././././././././././././././././././././././././././././././././././././././.]
[n2lcn0105:844663] MCW rank 20 bound to socket 1[core 64[hwt 0]]: [./././././././././././././././././././././././././././././././././././././././././././././././././././././././././././././././.][B/././././././././././././././././././././././././././././././././././././././././././././././././././././././././././././././.]
[n2lcn0105:844659] MCW rank 16 bound to socket 0[core 0[hwt 0]]: [B/././././././././././././././././././././././././././././././././././././././././././././././././././././././././././././././.][./././././././././././././././././././././././././././././././././././././././././././././././././././././././././././././././.]
[n2lcn0117:758954] MCW rank 88 bound to socket 0[core 0[hwt 0]]: [B/././././././././././././././././././././././././././././././././././././././././././././././././././././././././././././././.][./././././././././././././././././././././././././././././././././././././././././././././././././././././././././././././././.]
[n2lcn0105:844662] MCW rank 19 bound to socket 0[core 48[hwt 0]]: [././././././././././././././././././././././././././././././././././././././././././././././././B/././././././././././././././.][./././././././././././././././././././././././././././././././././././././././././././././././././././././././././././././././.]
[n2lcn0105:844663] MCW rank 20 bound to socket 1[core 64[hwt 0]]: [./././././././././././././././././././././././././././././././././././././././././././././././././././././././././././././././.][B/././././././././././././././././././././././././././././././././././././././././././././././././././././././././././././././.]
[n2lcn0105:844664] MCW rank 21 bound to socket 1[core 80[hwt 0]]: [./././././././././././././././././././././././././././././././././././././././././././././././././././././././././././././././.][././././././././././././././././B/././././././././././././././././././././././././././././././././././././././././././././././.]
[n2lcn0105:844665] MCW rank 22 bound to socket 1[core 96[hwt 0]]: [./././././././././././././././././././././././././././././././././././././././././././././././././././././././././././././././.][././././././././././././././././././././././././././././././././B/././././././././././././././././././././././././././././././.]
[n2lcn0105:844661] MCW rank 18 bound to socket 0[core 32[hwt 0]]: [././././././././././././././././././././././././././././././././B/././././././././././././././././././././././././././././././.][./././././././././././././././././././././././././././././././././././././././././././././././././././././././././././././././.]
[n2lcn0118:1330240] MCW rank 101 bound to socket 1[core 80[hwt 0]]: [./././././././././././././././././././././././././././././././././././././././././././././././././././././././././././././././.][././././././././././././././././B/././././././././././././././././././././././././././././././././././././././././././././././.]
[n2lcn0117:758954] MCW rank 88 bound to socket 0[core 0[hwt 0]]: [B/././././././././././././././././././././././././././././././././././././././././././././././././././././././././././././././.][./././././././././././././././././././././././././././././././././././././././././././././././././././././././././././././././.]
[n2lcn0105:844664] MCW rank 21 bound to socket 1[core 80[hwt 0]]: [./././././././././././././././././././././././././././././././././././././././././././././././././././././././././././././././.][././././././././././././././././B/././././././././././././././././././././././././././././././././././././././././././././././.]
[n2lcn0105:844665] MCW rank 22 bound to socket 1[core 96[hwt 0]]: [./././././././././././././././././././././././././././././././././././././././././././././././././././././././././././././././.][././././././././././././././././././././././././././././././././B/././././././././././././././././././././././././././././././.]
[n2lcn0117:758960] MCW rank 94 bound to socket 1[core 96[hwt 0]]: [./././././././././././././././././././././././././././././././././././././././././././././././././././././././././././././././.][././././././././././././././././././././././././././././././././B/././././././././././././././././././././././././././././././.]
[n2lcn0105:844661] MCW rank 18 bound to socket 0[core 32[hwt 0]]: [././././././././././././././././././././././././././././././././B/././././././././././././././././././././././././././././././.][./././././././././././././././././././././././././././././././././././././././././././././././././././././././././././././././.]
[n2lcn0118:1330240] MCW rank 101 bound to socket 1[core 80[hwt 0]]: [./././././././././././././././././././././././././././././././././././././././././././././././././././././././././././././././.][././././././././././././././././B/././././././././././././././././././././././././././././././././././././././././././././././.]
[n2lcn0117:758957] MCW rank 91 bound to socket 0[core 48[hwt 0]]: [././././././././././././././././././././././././././././././././././././././././././././././././B/././././././././././././././.][./././././././././././././././././././././././././././././././././././././././././././././././././././././././././././././././.]
[n2lcn0117:758955] MCW rank 89 bound to socket 0[core 16[hwt 0]]: [././././././././././././././././B/././././././././././././././././././././././././././././././././././././././././././././././.][./././././././././././././././././././././././././././././././././././././././././././././././././././././././././././././././.]
[n2lcn0117:758960] MCW rank 94 bound to socket 1[core 96[hwt 0]]: [./././././././././././././././././././././././././././././././././././././././././././././././././././././././././././././././.][././././././././././././././././././././././././././././././././B/././././././././././././././././././././././././././././././.]
[n2lcn0117:758957] MCW rank 91 bound to socket 0[core 48[hwt 0]]: [././././././././././././././././././././././././././././././././././././././././././././././././B/././././././././././././././.][./././././././././././././././././././././././././././././././././././././././././././././././././././././././././././././././.]
[n2lcn0117:758958] MCW rank 92 bound to socket 1[core 64[hwt 0]]: [./././././././././././././././././././././././././././././././././././././././././././././././././././././././././././././././.][B/././././././././././././././././././././././././././././././././././././././././././././././././././././././././././././././.]
[n2lcn0119:4017571] MCW rank 111 bound to socket 1[core 112[hwt 0]]: [./././././././././././././././././././././././././././././././././././././././././././././././././././././././././././././././.][././././././././././././././././././././././././././././././././././././././././././././././././B/././././././././././././././.]
[n2lcn0117:758955] MCW rank 89 bound to socket 0[core 16[hwt 0]]: [././././././././././././././././B/././././././././././././././././././././././././././././././././././././././././././././././.][./././././././././././././././././././././././././././././././././././././././././././././././././././././././././././././././.]
[n2lcn0119:4017570] MCW rank 110 bound to socket 1[core 96[hwt 0]]: [./././././././././././././././././././././././././././././././././././././././././././././././././././././././././././././././.][././././././././././././././././././././././././././././././././B/././././././././././././././././././././././././././././././.]
[n2lcn0117:758958] MCW rank 92 bound to socket 1[core 64[hwt 0]]: [./././././././././././././././././././././././././././././././././././././././././././././././././././././././././././././././.][B/././././././././././././././././././././././././././././././././././././././././././././././././././././././././././././././.]
[n2lcn0119:4017571] MCW rank 111 bound to socket 1[core 112[hwt 0]]: [./././././././././././././././././././././././././././././././././././././././././././././././././././././././././././././././.][././././././././././././././././././././././././././././././././././././././././././././././././B/././././././././././././././.]
[n2lcn0119:4017570] MCW rank 110 bound to socket 1[core 96[hwt 0]]: [./././././././././././././././././././././././././././././././././././././././././././././././././././././././././././././././.][././././././././././././././././././././././././././././././././B/././././././././././././././././././././././././././././././.]
[n2lcn0127:734005] MCW rank 155 bound to socket 0[core 48[hwt 0]]: [././././././././././././././././././././././././././././././././././././././././././././././././B/././././././././././././././.][./././././././././././././././././././././././././././././././././././././././././././././././././././././././././././././././.]
[n2lcn0127:734005] MCW rank 155 bound to socket 0[core 48[hwt 0]]: [././././././././././././././././././././././././././././././././././././././././././././././././B/././././././././././././././.][./././././././././././././././././././././././././././././././././././././././././././././././././././././././././././././././.]
[n2lcn0112.ab2021.local:3877972] MCW rank 75 bound to socket 0[core 48[hwt 0]]: [././././././././././././././././././././././././././././././././././././././././././././././././B/././././././././././././././.][./././././././././././././././././././././././././././././././././././././././././././././././././././././././././././././././.]
[n2lcn0112.ab2021.local:3877972] MCW rank 75 bound to socket 0[core 48[hwt 0]]: [././././././././././././././././././././././././././././././././././././././././././././././././B/././././././././././././././.][./././././././././././././././././././././././././././././././././././././././././././././././././././././././././././././././.]
[n2lcn0127:734006] MCW rank 156 bound to socket 1[core 64[hwt 0]]: [./././././././././././././././././././././././././././././././././././././././././././././././././././././././././././././././.][B/././././././././././././././././././././././././././././././././././././././././././././././././././././././././././././././.]
[n2lcn0109:1350563] MCW rank 48 bound to socket 0[core 0[hwt 0]]: [B/././././././././././././././././././././././././././././././././././././././././././././././././././././././././././././././.][./././././././././././././././././././././././././././././././././././././././././././././././././././././././././././././././.]
[n2lcn0127:734007] MCW rank 157 bound to socket 1[core 80[hwt 0]]: [./././././././././././././././././././././././././././././././././././././././././././././././././././././././././././././././.][././././././././././././././././B/././././././././././././././././././././././././././././././././././././././././././././././.]
[n2lcn0109:1350565] MCW rank 50 bound to socket 0[core 32[hwt 0]]: [././././././././././././././././././././././././././././././././B/././././././././././././././././././././././././././././././.][./././././././././././././././././././././././././././././././././././././././././././././././././././././././././././././././.]
[n2lcn0127:734006] MCW rank 156 bound to socket 1[core 64[hwt 0]]: [./././././././././././././././././././././././././././././././././././././././././././././././././././././././././././././././.][B/././././././././././././././././././././././././././././././././././././././././././././././././././././././././././././././.]
[n2lcn0109:1350563] MCW rank 48 bound to socket 0[core 0[hwt 0]]: [B/././././././././././././././././././././././././././././././././././././././././././././././././././././././././././././././.][./././././././././././././././././././././././././././././././././././././././././././././././././././././././././././././././.]
[n2lcn0127:734007] MCW rank 157 bound to socket 1[core 80[hwt 0]]: [./././././././././././././././././././././././././././././././././././././././././././././././././././././././././././././././.][././././././././././././././././B/././././././././././././././././././././././././././././././././././././././././././././././.]
[n2lcn0109:1350565] MCW rank 50 bound to socket 0[core 32[hwt 0]]: [././././././././././././././././././././././././././././././././B/././././././././././././././././././././././././././././././.][./././././././././././././././././././././././././././././././././././././././././././././././././././././././././././././././.]
[n2lcn0109:1350566] MCW rank 51 bound to socket 0[core 48[hwt 0]]: [././././././././././././././././././././././././././././././././././././././././././././././././B/././././././././././././././.][./././././././././././././././././././././././././././././././././././././././././././././././././././././././././././././././.]
[n2lcn0109:1350564] MCW rank 49 bound to socket 0[core 16[hwt 0]]: [././././././././././././././././B/././././././././././././././././././././././././././././././././././././././././././././././.][./././././././././././././././././././././././././././././././././././././././././././././././././././././././././././././././.]
[n2lcn0127:734003] MCW rank 153 bound to socket 0[core 16[hwt 0]]: [././././././././././././././././B/././././././././././././././././././././././././././././././././././././././././././././././.][./././././././././././././././././././././././././././././././././././././././././././././././././././././././././././././././.]
[n2lcn0109:1350566] MCW rank 51 bound to socket 0[core 48[hwt 0]]: [././././././././././././././././././././././././././././././././././././././././././././././././B/././././././././././././././.][./././././././././././././././././././././././././././././././././././././././././././././././././././././././././././././././.]
[n2lcn0127:734008] MCW rank 158 bound to socket 1[core 96[hwt 0]]: [./././././././././././././././././././././././././././././././././././././././././././././././././././././././././././././././.][././././././././././././././././././././././././././././././././B/././././././././././././././././././././././././././././././.]
[n2lcn0127:734002] MCW rank 152 bound to socket 0[core 0[hwt 0]]: [B/././././././././././././././././././././././././././././././././././././././././././././././././././././././././././././././.][./././././././././././././././././././././././././././././././././././././././././././././././././././././././././././././././.]
[n2lcn0127:734003] MCW rank 153 bound to socket 0[core 16[hwt 0]]: [././././././././././././././././B/././././././././././././././././././././././././././././././././././././././././././././././.][./././././././././././././././././././././././././././././././././././././././././././././././././././././././././././././././.]
[n2lcn0127:734008] MCW rank 158 bound to socket 1[core 96[hwt 0]]: [./././././././././././././././././././././././././././././././././././././././././././././././././././././././././././././././.][././././././././././././././././././././././././././././././././B/././././././././././././././././././././././././././././././.]
[n2lcn0109:1350564] MCW rank 49 bound to socket 0[core 16[hwt 0]]: [././././././././././././././././B/././././././././././././././././././././././././././././././././././././././././././././././.][./././././././././././././././././././././././././././././././././././././././././././././././././././././././././././././././.]
[n2lcn0127:734002] MCW rank 152 bound to socket 0[core 0[hwt 0]]: [B/././././././././././././././././././././././././././././././././././././././././././././././././././././././././././././././.][./././././././././././././././././././././././././././././././././././././././././././././././././././././././././././././././.]
[n2lcn0109:1350568] MCW rank 53 bound to socket 1[core 80[hwt 0]]: [./././././././././././././././././././././././././././././././././././././././././././././././././././././././././././././././.][././././././././././././././././B/././././././././././././././././././././././././././././././././././././././././././././././.]
[n2lcn0109:1350569] MCW rank 54 bound to socket 1[core 96[hwt 0]]: [./././././././././././././././././././././././././././././././././././././././././././././././././././././././././././././././.][././././././././././././././././././././././././././././././././B/././././././././././././././././././././././././././././././.]
[n2lcn0109:1350568] MCW rank 53 bound to socket 1[core 80[hwt 0]]: [./././././././././././././././././././././././././././././././././././././././././././././././././././././././././././././././.][././././././././././././././././B/././././././././././././././././././././././././././././././././././././././././././././././.]
[n2lcn0109:1350569] MCW rank 54 bound to socket 1[core 96[hwt 0]]: [./././././././././././././././././././././././././././././././././././././././././././././././././././././././././././././././.][././././././././././././././././././././././././././././././././B/././././././././././././././././././././././././././././././.]
[n2lcn0109:1350570] MCW rank 55 bound to socket 1[core 112[hwt 0]]: [./././././././././././././././././././././././././././././././././././././././././././././././././././././././././././././././.][././././././././././././././././././././././././././././././././././././././././././././././././B/././././././././././././././.]
[n2lcn0109:1350570] MCW rank 55 bound to socket 1[core 112[hwt 0]]: [./././././././././././././././././././././././././././././././././././././././././././././././././././././././././././././././.][././././././././././././././././././././././././././././././././././././././././././././././././B/././././././././././././././.]
[n2lcn0102:3405842] MCW rank 12 bound to socket 1[core 64[hwt 0]]: [./././././././././././././././././././././././././././././././././././././././././././././././././././././././././././././././.][B/././././././././././././././././././././././././././././././././././././././././././././././././././././././././././././././.]
[n2lcn0102:3405845] MCW rank 15 bound to socket 1[core 112[hwt 0]]: [./././././././././././././././././././././././././././././././././././././././././././././././././././././././././././././././.][././././././././././././././././././././././././././././././././././././././././././././././././B/././././././././././././././.]
[n2lcn0102:3405840] MCW rank 10 bound to socket 0[core 32[hwt 0]]: [././././././././././././././././././././././././././././././././B/././././././././././././././././././././././././././././././.][./././././././././././././././././././././././././././././././././././././././././././././././././././././././././././././././.]
[n2lcn0102:3405841] MCW rank 11 bound to socket 0[core 48[hwt 0]]: [././././././././././././././././././././././././././././././././././././././././././././././././B/././././././././././././././.][./././././././././././././././././././././././././././././././././././././././././././././././././././././././././././././././.]
[n2lcn0102:3405842] MCW rank 12 bound to socket 1[core 64[hwt 0]]: [./././././././././././././././././././././././././././././././././././././././././././././././././././././././././././././././.][B/././././././././././././././././././././././././././././././././././././././././././././././././././././././././././././././.]
[n2lcn0102:3405845] MCW rank 15 bound to socket 1[core 112[hwt 0]]: [./././././././././././././././././././././././././././././././././././././././././././././././././././././././././././././././.][././././././././././././././././././././././././././././././././././././././././././././././././B/././././././././././././././.]
[n2lcn0102:3405840] MCW rank 10 bound to socket 0[core 32[hwt 0]]: [././././././././././././././././././././././././././././././././B/././././././././././././././././././././././././././././././.][./././././././././././././././././././././././././././././././././././././././././././././././././././././././././././././././.]
[n2lcn0102:3405841] MCW rank 11 bound to socket 0[core 48[hwt 0]]: [././././././././././././././././././././././././././././././././././././././././././././././././B/././././././././././././././.][./././././././././././././././././././././././././././././././././././././././././././././././././././././././././././././././.]
[n2lcn0102:3405843] MCW rank 13 bound to socket 1[core 80[hwt 0]]: [./././././././././././././././././././././././././././././././././././././././././././././././././././././././././././././././.][././././././././././././././././B/././././././././././././././././././././././././././././././././././././././././././././././.]
[n2lcn0102:3405844] MCW rank 14 bound to socket 1[core 96[hwt 0]]: [./././././././././././././././././././././././././././././././././././././././././././././././././././././././././././././././.][././././././././././././././././././././././././././././././././B/././././././././././././././././././././././././././././././.]
[n2lcn0102:3405838] MCW rank 8 bound to socket 0[core 0[hwt 0]]: [B/././././././././././././././././././././././././././././././././././././././././././././././././././././././././././././././.][./././././././././././././././././././././././././././././././././././././././././././././././././././././././././././././././.]
[n2lcn0102:3405843] MCW rank 13 bound to socket 1[core 80[hwt 0]]: [./././././././././././././././././././././././././././././././././././././././././././././././././././././././././././././././.][././././././././././././././././B/././././././././././././././././././././././././././././././././././././././././././././././.]
[n2lcn0102:3405844] MCW rank 14 bound to socket 1[core 96[hwt 0]]: [./././././././././././././././././././././././././././././././././././././././././././././././././././././././././././././././.][././././././././././././././././././././././././././././././././B/././././././././././././././././././././././././././././././.]
[n2lcn0102:3405838] MCW rank 8 bound to socket 0[core 0[hwt 0]]: [B/././././././././././././././././././././././././././././././././././././././././././././././././././././././././././././././.][./././././././././././././././././././././././././././././././././././././././././././././././././././././././././././././././.]
[n2lcn0131.ab2021.local:3715872] MCW rank 185 bound to socket 0[core 16[hwt 0]]: [././././././././././././././././B/././././././././././././././././././././././././././././././././././././././././././././././.][./././././././././././././././././././././././././././././././././././././././././././././././././././././././././././././././.]
[n2lcn0131.ab2021.local:3715877] MCW rank 190 bound to socket 1[core 96[hwt 0]]: [./././././././././././././././././././././././././././././././././././././././././././././././././././././././././././././././.][././././././././././././././././././././././././././././././././B/././././././././././././././././././././././././././././././.]
[n2lcn0131.ab2021.local:3715872] MCW rank 185 bound to socket 0[core 16[hwt 0]]: [././././././././././././././././B/././././././././././././././././././././././././././././././././././././././././././././././.][./././././././././././././././././././././././././././././././././././././././././././././././././././././././././././././././.]
[n2lcn0131.ab2021.local:3715874] MCW rank 187 bound to socket 0[core 48[hwt 0]]: [././././././././././././././././././././././././././././././././././././././././././././././././B/././././././././././././././.][./././././././././././././././././././././././././././././././././././././././././././././././././././././././././././././././.]
[n2lcn0131.ab2021.local:3715875] MCW rank 188 bound to socket 1[core 64[hwt 0]]: [./././././././././././././././././././././././././././././././././././././././././././././././././././././././././././././././.][B/././././././././././././././././././././././././././././././././././././././././././././././././././././././././././././././.]
[n2lcn0131.ab2021.local:3715877] MCW rank 190 bound to socket 1[core 96[hwt 0]]: [./././././././././././././././././././././././././././././././././././././././././././././././././././././././././././././././.][././././././././././././././././././././././././././././././././B/././././././././././././././././././././././././././././././.]
[n2lcn0131.ab2021.local:3715873] MCW rank 186 bound to socket 0[core 32[hwt 0]]: [././././././././././././././././././././././././././././././././B/././././././././././././././././././././././././././././././.][./././././././././././././././././././././././././././././././././././././././././././././././././././././././././././././././.]
[n2lcn0131.ab2021.local:3715876] MCW rank 189 bound to socket 1[core 80[hwt 0]]: [./././././././././././././././././././././././././././././././././././././././././././././././././././././././././././././././.][././././././././././././././././B/././././././././././././././././././././././././././././././././././././././././././././././.]
[n2lcn0131.ab2021.local:3715874] MCW rank 187 bound to socket 0[core 48[hwt 0]]: [././././././././././././././././././././././././././././././././././././././././././././././././B/././././././././././././././.][./././././././././././././././././././././././././././././././././././././././././././././././././././././././././././././././.]
[n2lcn0131.ab2021.local:3715873] MCW rank 186 bound to socket 0[core 32[hwt 0]]: [././././././././././././././././././././././././././././././././B/././././././././././././././././././././././././././././././.][./././././././././././././././././././././././././././././././././././././././././././././././././././././././././././././././.]
[n2lcn0131.ab2021.local:3715875] MCW rank 188 bound to socket 1[core 64[hwt 0]]: [./././././././././././././././././././././././././././././././././././././././././././././././././././././././././././././././.][B/././././././././././././././././././././././././././././././././././././././././././././././././././././././././././././././.]
[n2lcn0131.ab2021.local:3715876] MCW rank 189 bound to socket 1[core 80[hwt 0]]: [./././././././././././././././././././././././././././././././././././././././././././././././././././././././././././././././.][././././././././././././././././B/././././././././././././././././././././././././././././././././././././././././././././././.]
[n2lcn0131.ab2021.local:3715878] MCW rank 191 bound to socket 1[core 112[hwt 0]]: [./././././././././././././././././././././././././././././././././././././././././././././././././././././././././././././././.][././././././././././././././././././././././././././././././././././././././././././././././././B/././././././././././././././.]
[n2lcn0131.ab2021.local:3715878] MCW rank 191 bound to socket 1[core 112[hwt 0]]: [./././././././././././././././././././././././././././././././././././././././././././././././././././././././././././././././.][././././././././././././././././././././././././././././././././././././././././././././././././B/././././././././././././././.]
[n2lcn0131.ab2021.local:3715871] MCW rank 184 bound to socket 0[core 0[hwt 0]]: [B/././././././././././././././././././././././././././././././././././././././././././././././././././././././././././././././.][./././././././././././././././././././././././././././././././././././././././././././././././././././././././././././././././.]
[n2lcn0131.ab2021.local:3715871] MCW rank 184 bound to socket 0[core 0[hwt 0]]: [B/././././././././././././././././././././././././././././././././././././././././././././././././././././././././././././././.][./././././././././././././././././././././././././././././././././././././././././././././././././././././././././././././././.]
[n2lcn0112.ab2021.local:3877969] MCW rank 72 bound to socket 0[core 0[hwt 0]]: [B/././././././././././././././././././././././././././././././././././././././././././././././././././././././././././././././.][./././././././././././././././././././././././././././././././././././././././././././././././././././././././././././././././.]
[n2lcn0112.ab2021.local:3877970] MCW rank 73 bound to socket 0[core 16[hwt 0]]: [././././././././././././././././B/././././././././././././././././././././././././././././././././././././././././././././././.][./././././././././././././././././././././././././././././././././././././././././././././././././././././././././././././././.]
[n2lcn0112.ab2021.local:3877970] MCW rank 73 bound to socket 0[core 16[hwt 0]]: [././././././././././././././././B/././././././././././././././././././././././././././././././././././././././././././././././.][./././././././././././././././././././././././././././././././././././././././././././././././././././././././././././././././.]
[n2lcn0112.ab2021.local:3877971] MCW rank 74 bound to socket 0[core 32[hwt 0]]: [././././././././././././././././././././././././././././././././B/././././././././././././././././././././././././././././././.][./././././././././././././././././././././././././././././././././././././././././././././././././././././././././././././././.]
[n2lcn0112.ab2021.local:3877971] MCW rank 74 bound to socket 0[core 32[hwt 0]]: [././././././././././././././././././././././././././././././././B/././././././././././././././././././././././././././././././.][./././././././././././././././././././././././././././././././././././././././././././././././././././././././././././././././.]
[n2lcn0112.ab2021.local:3877974] MCW rank 77 bound to socket 1[core 80[hwt 0]]: [./././././././././././././././././././././././././././././././././././././././././././././././././././././././././././././././.][././././././././././././././././B/././././././././././././././././././././././././././././././././././././././././././././././.]
[n2lcn0112.ab2021.local:3877975] MCW rank 78 bound to socket 1[core 96[hwt 0]]: [./././././././././././././././././././././././././././././././././././././././././././././././././././././././././././././././.][././././././././././././././././././././././././././././././././B/././././././././././././././././././././././././././././././.]
[n2lcn0112.ab2021.local:3877976] MCW rank 79 bound to socket 1[core 112[hwt 0]]: [./././././././././././././././././././././././././././././././././././././././././././././././././././././././././././././././.][././././././././././././././././././././././././././././././././././././././././././././././././B/././././././././././././././.]
[n2lcn0112.ab2021.local:3877969] MCW rank 72 bound to socket 0[core 0[hwt 0]]: [B/././././././././././././././././././././././././././././././././././././././././././././././././././././././././././././././.][./././././././././././././././././././././././././././././././././././././././././././././././././././././././././././././././.]
[n2lcn0112.ab2021.local:3877973] MCW rank 76 bound to socket 1[core 64[hwt 0]]: [./././././././././././././././././././././././././././././././././././././././././././././././././././././././././././././././.][B/././././././././././././././././././././././././././././././././././././././././././././././././././././././././././././././.]
[n2lcn0112.ab2021.local:3877976] MCW rank 79 bound to socket 1[core 112[hwt 0]]: [./././././././././././././././././././././././././././././././././././././././././././././././././././././././././././././././.][././././././././././././././././././././././././././././././././././././././././././././././././B/././././././././././././././.]
[n2lcn0112.ab2021.local:3877974] MCW rank 77 bound to socket 1[core 80[hwt 0]]: [./././././././././././././././././././././././././././././././././././././././././././././././././././././././././././././././.][././././././././././././././././B/././././././././././././././././././././././././././././././././././././././././././././././.]
[n2lcn0112.ab2021.local:3877975] MCW rank 78 bound to socket 1[core 96[hwt 0]]: [./././././././././././././././././././././././././././././././././././././././././././././././././././././././././././././././.][././././././././././././././././././././././././././././././././B/././././././././././././././././././././././././././././././.]
[n2lcn0112.ab2021.local:3877973] MCW rank 76 bound to socket 1[core 64[hwt 0]]: [./././././././././././././././././././././././././././././././././././././././././././././././././././././././././././././././.][B/././././././././././././././././././././././././././././././././././././././././././././././././././././././././././././././.]
[n2lcn0101.ab2021.local:237279] MCW rank 3 bound to socket 0[core 48[hwt 0]]: [././././././././././././././././././././././././././././././././././././././././././././././././B/././././././././././././././.][./././././././././././././././././././././././././././././././././././././././././././././././././././././././././././././././.]
[n2lcn0101.ab2021.local:237279] MCW rank 3 bound to socket 0[core 48[hwt 0]]: [././././././././././././././././././././././././././././././././././././././././././././././././B/././././././././././././././.][./././././././././././././././././././././././././././././././././././././././././././././././././././././././././././././././.]
[n2lcn0101.ab2021.local:237278] MCW rank 2 bound to socket 0[core 32[hwt 0]]: [././././././././././././././././././././././././././././././././B/././././././././././././././././././././././././././././././.][./././././././././././././././././././././././././././././././././././././././././././././././././././././././././././././././.]
[n2lcn0101.ab2021.local:237278] MCW rank 2 bound to socket 0[core 32[hwt 0]]: [././././././././././././././././././././././././././././././././B/././././././././././././././././././././././././././././././.][./././././././././././././././././././././././././././././././././././././././././././././././././././././././././././././././.]
[n2lcn0101.ab2021.local:237277] MCW rank 1 bound to socket 0[core 16[hwt 0]]: [././././././././././././././././B/././././././././././././././././././././././././././././././././././././././././././././././.][./././././././././././././././././././././././././././././././././././././././././././././././././././././././././././././././.]
[n2lcn0101.ab2021.local:237276] MCW rank 0 bound to socket 0[core 0[hwt 0]]: [B/././././././././././././././././././././././././././././././././././././././././././././././././././././././././././././././.][./././././././././././././././././././././././././././././././././././././././././././././././././././././././././././././././.]
[n2lcn0101.ab2021.local:237277] MCW rank 1 bound to socket 0[core 16[hwt 0]]: [././././././././././././././././B/././././././././././././././././././././././././././././././././././././././././././././././.][./././././././././././././././././././././././././././././././././././././././././././././././././././././././././././././././.]
[n2lcn0101.ab2021.local:237276] MCW rank 0 bound to socket 0[core 0[hwt 0]]: [B/././././././././././././././././././././././././././././././././././././././././././././././././././././././././././././././.][./././././././././././././././././././././././././././././././././././././././././././././././././././././././././././././././.]
[n2lcn0101.ab2021.local:237281] MCW rank 5 bound to socket 1[core 80[hwt 0]]: [./././././././././././././././././././././././././././././././././././././././././././././././././././././././././././././././.][././././././././././././././././B/././././././././././././././././././././././././././././././././././././././././././././././.]
[n2lcn0101.ab2021.local:237282] MCW rank 6 bound to socket 1[core 96[hwt 0]]: [./././././././././././././././././././././././././././././././././././././././././././././././././././././././././././././././.][././././././././././././././././././././././././././././././././B/././././././././././././././././././././././././././././././.]
[n2lcn0101.ab2021.local:237283] MCW rank 7 bound to socket 1[core 112[hwt 0]]: [./././././././././././././././././././././././././././././././././././././././././././././././././././././././././././././././.][././././././././././././././././././././././././././././././././././././././././././././././././B/././././././././././././././.]
[n2lcn0101.ab2021.local:237281] MCW rank 5 bound to socket 1[core 80[hwt 0]]: [./././././././././././././././././././././././././././././././././././././././././././././././././././././././././././././././.][././././././././././././././././B/././././././././././././././././././././././././././././././././././././././././././././././.]
[n2lcn0101.ab2021.local:237282] MCW rank 6 bound to socket 1[core 96[hwt 0]]: [./././././././././././././././././././././././././././././././././././././././././././././././././././././././././././././././.][././././././././././././././././././././././././././././././././B/././././././././././././././././././././././././././././././.]
[n2lcn0101.ab2021.local:237283] MCW rank 7 bound to socket 1[core 112[hwt 0]]: [./././././././././././././././././././././././././././././././././././././././././././././././././././././././././././././././.][././././././././././././././././././././././././././././././././././././././././././././././././B/././././././././././././././.]
cpu-bind=MASK - n2lcn0139, task 248  0 [426380]: mask |BBBBBBBB|BBBBBBBB||--------|--------||--------|--------||--------|--------||||--------|--------||--------|--------||--------|--------||--------|--------|  set
cpu-bind=MASK - n2lcn0139, task 249  1 [426381]: mask |--------|--------||BBBBBBBB|BBBBBBBB||--------|--------||--------|--------||||--------|--------||--------|--------||--------|--------||--------|--------|  set
cpu-bind=MASK - n2lcn0139, task 250  2 [426382]: mask |--------|--------||--------|--------||BBBBBBBB|BBBBBBBB||--------|--------||||--------|--------||--------|--------||--------|--------||--------|--------|  set
cpu-bind=MASK - n2lcn0139, task 251  3 [426383]: mask |--------|--------||--------|--------||--------|--------||BBBBBBBB|BBBBBBBB||||--------|--------||--------|--------||--------|--------||--------|--------|  set
cpu-bind=MASK - n2lcn0139, task 252  4 [426384]: mask |--------|--------||--------|--------||--------|--------||--------|--------||||BBBBBBBB|BBBBBBBB||--------|--------||--------|--------||--------|--------|  set
cpu-bind=MASK - n2lcn0139, task 253  5 [426385]: mask |--------|--------||--------|--------||--------|--------||--------|--------||||--------|--------||BBBBBBBB|BBBBBBBB||--------|--------||--------|--------|  set
cpu-bind=MASK - n2lcn0139, task 254  6 [426386]: mask |--------|--------||--------|--------||--------|--------||--------|--------||||--------|--------||--------|--------||BBBBBBBB|BBBBBBBB||--------|--------|  set
cpu-bind=MASK - n2lcn0139, task 255  7 [426387]: mask |--------|--------||--------|--------||--------|--------||--------|--------||||--------|--------||--------|--------||--------|--------||BBBBBBBB|BBBBBBBB|  set
cpu-bind=MASK - n2lcn0136, task 224  0 [1842365]: mask |BBBBBBBB|BBBBBBBB||--------|--------||--------|--------||--------|--------||||--------|--------||--------|--------||--------|--------||--------|--------|  set
cpu-bind=MASK - n2lcn0136, task 225  1 [1842366]: mask |--------|--------||BBBBBBBB|BBBBBBBB||--------|--------||--------|--------||||--------|--------||--------|--------||--------|--------||--------|--------|  set
cpu-bind=MASK - n2lcn0136, task 226  2 [1842367]: mask |--------|--------||--------|--------||BBBBBBBB|BBBBBBBB||--------|--------||||--------|--------||--------|--------||--------|--------||--------|--------|  set
cpu-bind=MASK - n2lcn0136, task 227  3 [1842368]: mask |--------|--------||--------|--------||--------|--------||BBBBBBBB|BBBBBBBB||||--------|--------||--------|--------||--------|--------||--------|--------|  set
cpu-bind=MASK - n2lcn0136, task 228  4 [1842369]: mask |--------|--------||--------|--------||--------|--------||--------|--------||||BBBBBBBB|BBBBBBBB||--------|--------||--------|--------||--------|--------|  set
cpu-bind=MASK - n2lcn0136, task 229  5 [1842370]: mask |--------|--------||--------|--------||--------|--------||--------|--------||||--------|--------||BBBBBBBB|BBBBBBBB||--------|--------||--------|--------|  set
cpu-bind=MASK - n2lcn0136, task 230  6 [1842371]: mask |--------|--------||--------|--------||--------|--------||--------|--------||||--------|--------||--------|--------||BBBBBBBB|BBBBBBBB||--------|--------|  set
cpu-bind=MASK - n2lcn0136, task 231  7 [1842372]: mask |--------|--------||--------|--------||--------|--------||--------|--------||||--------|--------||--------|--------||--------|--------||BBBBBBBB|BBBBBBBB|  set
[n2lcn0139:426383] MCW rank 251 bound to socket 0[core 48[hwt 0]]: [././././././././././././././././././././././././././././././././././././././././././././././././B/././././././././././././././.][./././././././././././././././././././././././././././././././././././././././././././././././././././././././././././././././.]
[n2lcn0139:426383] MCW rank 251 bound to socket 0[core 48[hwt 0]]: [././././././././././././././././././././././././././././././././././././././././././././././././B/././././././././././././././.][./././././././././././././././././././././././././././././././././././././././././././././././././././././././././././././././.]
[n2lcn0139:426386] MCW rank 254 bound to socket 1[core 96[hwt 0]]: [./././././././././././././././././././././././././././././././././././././././././././././././././././././././././././././././.][././././././././././././././././././././././././././././././././B/././././././././././././././././././././././././././././././.]
[n2lcn0139:426381] MCW rank 249 bound to socket 0[core 16[hwt 0]]: [././././././././././././././././B/././././././././././././././././././././././././././././././././././././././././././././././.][./././././././././././././././././././././././././././././././././././././././././././././././././././././././././././././././.]
[n2lcn0139:426381] MCW rank 249 bound to socket 0[core 16[hwt 0]]: [././././././././././././././././B/././././././././././././././././././././././././././././././././././././././././././././././.][./././././././././././././././././././././././././././././././././././././././././././././././././././././././././././././././.]
[n2lcn0139:426382] MCW rank 250 bound to socket 0[core 32[hwt 0]]: [././././././././././././././././././././././././././././././././B/././././././././././././././././././././././././././././././.][./././././././././././././././././././././././././././././././././././././././././././././././././././././././././././././././.]
[n2lcn0139:426386] MCW rank 254 bound to socket 1[core 96[hwt 0]]: [./././././././././././././././././././././././././././././././././././././././././././././././././././././././././././././././.][././././././././././././././././././././././././././././././././B/././././././././././././././././././././././././././././././.]
[n2lcn0139:426382] MCW rank 250 bound to socket 0[core 32[hwt 0]]: [././././././././././././././././././././././././././././././././B/././././././././././././././././././././././././././././././.][./././././././././././././././././././././././././././././././././././././././././././././././././././././././././././././././.]
[n2lcn0139:426384] MCW rank 252 bound to socket 1[core 64[hwt 0]]: [./././././././././././././././././././././././././././././././././././././././././././././././././././././././././././././././.][B/././././././././././././././././././././././././././././././././././././././././././././././././././././././././././././././.]
[n2lcn0139:426385] MCW rank 253 bound to socket 1[core 80[hwt 0]]: [./././././././././././././././././././././././././././././././././././././././././././././././././././././././././././././././.][././././././././././././././././B/././././././././././././././././././././././././././././././././././././././././././././././.]
[n2lcn0139:426387] MCW rank 255 bound to socket 1[core 112[hwt 0]]: [./././././././././././././././././././././././././././././././././././././././././././././././././././././././././././././././.][././././././././././././././././././././././././././././././././././././././././././././././././B/././././././././././././././.]
[n2lcn0139:426384] MCW rank 252 bound to socket 1[core 64[hwt 0]]: [./././././././././././././././././././././././././././././././././././././././././././././././././././././././././././././././.][B/././././././././././././././././././././././././././././././././././././././././././././././././././././././././././././././.]
[n2lcn0139:426380] MCW rank 248 bound to socket 0[core 0[hwt 0]]: [B/././././././././././././././././././././././././././././././././././././././././././././././././././././././././././././././.][./././././././././././././././././././././././././././././././././././././././././././././././././././././././././././././././.]
[n2lcn0139:426385] MCW rank 253 bound to socket 1[core 80[hwt 0]]: [./././././././././././././././././././././././././././././././././././././././././././././././././././././././././././././././.][././././././././././././././././B/././././././././././././././././././././././././././././././././././././././././././././././.]
[n2lcn0139:426387] MCW rank 255 bound to socket 1[core 112[hwt 0]]: [./././././././././././././././././././././././././././././././././././././././././././././././././././././././././././././././.][././././././././././././././././././././././././././././././././././././././././././././././././B/././././././././././././././.]
[n2lcn0139:426380] MCW rank 248 bound to socket 0[core 0[hwt 0]]: [B/././././././././././././././././././././././././././././././././././././././././././././././././././././././././././././././.][./././././././././././././././././././././././././././././././././././././././././././././././././././././././././././././././.]
[n2lcn0136:1842372] MCW rank 231 bound to socket 1[core 112[hwt 0]]: [./././././././././././././././././././././././././././././././././././././././././././././././././././././././././././././././.][././././././././././././././././././././././././././././././././././././././././././././././././B/././././././././././././././.]
[n2lcn0136:1842372] MCW rank 231 bound to socket 1[core 112[hwt 0]]: [./././././././././././././././././././././././././././././././././././././././././././././././././././././././././././././././.][././././././././././././././././././././././././././././././././././././././././././././././././B/././././././././././././././.]
cpu-bind=MASK - n2lcn0137, task 232  0 [3506031]: mask |BBBBBBBB|BBBBBBBB||--------|--------||--------|--------||--------|--------||||--------|--------||--------|--------||--------|--------||--------|--------|  set
cpu-bind=MASK - n2lcn0137, task 233  1 [3506032]: mask |--------|--------||BBBBBBBB|BBBBBBBB||--------|--------||--------|--------||||--------|--------||--------|--------||--------|--------||--------|--------|  set
cpu-bind=MASK - n2lcn0137, task 234  2 [3506033]: mask |--------|--------||--------|--------||BBBBBBBB|BBBBBBBB||--------|--------||||--------|--------||--------|--------||--------|--------||--------|--------|  set
cpu-bind=MASK - n2lcn0137, task 235  3 [3506034]: mask |--------|--------||--------|--------||--------|--------||BBBBBBBB|BBBBBBBB||||--------|--------||--------|--------||--------|--------||--------|--------|  set
cpu-bind=MASK - n2lcn0137, task 236  4 [3506035]: mask |--------|--------||--------|--------||--------|--------||--------|--------||||BBBBBBBB|BBBBBBBB||--------|--------||--------|--------||--------|--------|  set
cpu-bind=MASK - n2lcn0137, task 237  5 [3506036]: mask |--------|--------||--------|--------||--------|--------||--------|--------||||--------|--------||BBBBBBBB|BBBBBBBB||--------|--------||--------|--------|  set
cpu-bind=MASK - n2lcn0137, task 238  6 [3506037]: mask |--------|--------||--------|--------||--------|--------||--------|--------||||--------|--------||--------|--------||BBBBBBBB|BBBBBBBB||--------|--------|  set
cpu-bind=MASK - n2lcn0137, task 239  7 [3506038]: mask |--------|--------||--------|--------||--------|--------||--------|--------||||--------|--------||--------|--------||--------|--------||BBBBBBBB|BBBBBBBB|  set
[n2lcn0136:1842369] MCW rank 228 bound to socket 1[core 64[hwt 0]]: [./././././././././././././././././././././././././././././././././././././././././././././././././././././././././././././././.][B/././././././././././././././././././././././././././././././././././././././././././././././././././././././././././././././.]
[n2lcn0136:1842369] MCW rank 228 bound to socket 1[core 64[hwt 0]]: [./././././././././././././././././././././././././././././././././././././././././././././././././././././././././././././././.][B/././././././././././././././././././././././././././././././././././././././././././././././././././././././././././././././.]
[n2lcn0136:1842367] MCW rank 226 bound to socket 0[core 32[hwt 0]]: [././././././././././././././././././././././././././././././././B/././././././././././././././././././././././././././././././.][./././././././././././././././././././././././././././././././././././././././././././././././././././././././././././././././.]
[n2lcn0136:1842371] MCW rank 230 bound to socket 1[core 96[hwt 0]]: [./././././././././././././././././././././././././././././././././././././././././././././././././././././././././././././././.][././././././././././././././././././././././././././././././././B/././././././././././././././././././././././././././././././.]
[n2lcn0136:1842370] MCW rank 229 bound to socket 1[core 80[hwt 0]]: [./././././././././././././././././././././././././././././././././././././././././././././././././././././././././././././././.][././././././././././././././././B/././././././././././././././././././././././././././././././././././././././././././././././.]
[n2lcn0136:1842367] MCW rank 226 bound to socket 0[core 32[hwt 0]]: [././././././././././././././././././././././././././././././././B/././././././././././././././././././././././././././././././.][./././././././././././././././././././././././././././././././././././././././././././././././././././././././././././././././.]
[n2lcn0136:1842365] MCW rank 224 bound to socket 0[core 0[hwt 0]]: [B/././././././././././././././././././././././././././././././././././././././././././././././././././././././././././././././.][./././././././././././././././././././././././././././././././././././././././././././././././././././././././././././././././.]
[n2lcn0136:1842371] MCW rank 230 bound to socket 1[core 96[hwt 0]]: [./././././././././././././././././././././././././././././././././././././././././././././././././././././././././././././././.][././././././././././././././././././././././././././././././././B/././././././././././././././././././././././././././././././.]
[n2lcn0136:1842366] MCW rank 225 bound to socket 0[core 16[hwt 0]]: [././././././././././././././././B/././././././././././././././././././././././././././././././././././././././././././././././.][./././././././././././././././././././././././././././././././././././././././././././././././././././././././././././././././.]
[n2lcn0136:1842370] MCW rank 229 bound to socket 1[core 80[hwt 0]]: [./././././././././././././././././././././././././././././././././././././././././././././././././././././././././././././././.][././././././././././././././././B/././././././././././././././././././././././././././././././././././././././././././././././.]
[n2lcn0136:1842365] MCW rank 224 bound to socket 0[core 0[hwt 0]]: [B/././././././././././././././././././././././././././././././././././././././././././././././././././././././././././././././.][./././././././././././././././././././././././././././././././././././././././././././././././././././././././././././././././.]
[n2lcn0136:1842368] MCW rank 227 bound to socket 0[core 48[hwt 0]]: [././././././././././././././././././././././././././././././././././././././././././././././././B/././././././././././././././.][./././././././././././././././././././././././././././././././././././././././././././././././././././././././././././././././.]
[n2lcn0136:1842366] MCW rank 225 bound to socket 0[core 16[hwt 0]]: [././././././././././././././././B/././././././././././././././././././././././././././././././././././././././././././././././.][./././././././././././././././././././././././././././././././././././././././././././././././././././././././././././././././.]
[n2lcn0136:1842368] MCW rank 227 bound to socket 0[core 48[hwt 0]]: [././././././././././././././././././././././././././././././././././././././././././././././././B/././././././././././././././.][./././././././././././././././././././././././././././././././././././././././././././././././././././././././././././././././.]
cpu-bind=MASK - n2lcn0135, task 216  0 [2733025]: mask |BBBBBBBB|BBBBBBBB||--------|--------||--------|--------||--------|--------||||--------|--------||--------|--------||--------|--------||--------|--------|  set
cpu-bind=MASK - n2lcn0135, task 217  1 [2733026]: mask |--------|--------||BBBBBBBB|BBBBBBBB||--------|--------||--------|--------||||--------|--------||--------|--------||--------|--------||--------|--------|  set
cpu-bind=MASK - n2lcn0135, task 218  2 [2733027]: mask |--------|--------||--------|--------||BBBBBBBB|BBBBBBBB||--------|--------||||--------|--------||--------|--------||--------|--------||--------|--------|  set
cpu-bind=MASK - n2lcn0135, task 219  3 [2733028]: mask |--------|--------||--------|--------||--------|--------||BBBBBBBB|BBBBBBBB||||--------|--------||--------|--------||--------|--------||--------|--------|  set
cpu-bind=MASK - n2lcn0135, task 220  4 [2733029]: mask |--------|--------||--------|--------||--------|--------||--------|--------||||BBBBBBBB|BBBBBBBB||--------|--------||--------|--------||--------|--------|  set
cpu-bind=MASK - n2lcn0135, task 221  5 [2733030]: mask |--------|--------||--------|--------||--------|--------||--------|--------||||--------|--------||BBBBBBBB|BBBBBBBB||--------|--------||--------|--------|  set
cpu-bind=MASK - n2lcn0135, task 222  6 [2733031]: mask |--------|--------||--------|--------||--------|--------||--------|--------||||--------|--------||--------|--------||BBBBBBBB|BBBBBBBB||--------|--------|  set
cpu-bind=MASK - n2lcn0135, task 223  7 [2733032]: mask |--------|--------||--------|--------||--------|--------||--------|--------||||--------|--------||--------|--------||--------|--------||BBBBBBBB|BBBBBBBB|  set
cpu-bind=MASK - n2lcn0138, task 240  0 [959735]: mask |BBBBBBBB|BBBBBBBB||--------|--------||--------|--------||--------|--------||||--------|--------||--------|--------||--------|--------||--------|--------|  set
cpu-bind=MASK - n2lcn0138, task 241  1 [959736]: mask |--------|--------||BBBBBBBB|BBBBBBBB||--------|--------||--------|--------||||--------|--------||--------|--------||--------|--------||--------|--------|  set
cpu-bind=MASK - n2lcn0138, task 242  2 [959737]: mask |--------|--------||--------|--------||BBBBBBBB|BBBBBBBB||--------|--------||||--------|--------||--------|--------||--------|--------||--------|--------|  set
cpu-bind=MASK - n2lcn0138, task 243  3 [959738]: mask |--------|--------||--------|--------||--------|--------||BBBBBBBB|BBBBBBBB||||--------|--------||--------|--------||--------|--------||--------|--------|  set
cpu-bind=MASK - n2lcn0138, task 244  4 [959739]: mask |--------|--------||--------|--------||--------|--------||--------|--------||||BBBBBBBB|BBBBBBBB||--------|--------||--------|--------||--------|--------|  set
cpu-bind=MASK - n2lcn0138, task 245  5 [959740]: mask |--------|--------||--------|--------||--------|--------||--------|--------||||--------|--------||BBBBBBBB|BBBBBBBB||--------|--------||--------|--------|  set
cpu-bind=MASK - n2lcn0138, task 246  6 [959741]: mask |--------|--------||--------|--------||--------|--------||--------|--------||||--------|--------||--------|--------||BBBBBBBB|BBBBBBBB||--------|--------|  set
cpu-bind=MASK - n2lcn0138, task 247  7 [959742]: mask |--------|--------||--------|--------||--------|--------||--------|--------||||--------|--------||--------|--------||--------|--------||BBBBBBBB|BBBBBBBB|  set
[n2lcn0138:959742] MCW rank 247 bound to socket 1[core 112[hwt 0]]: [./././././././././././././././././././././././././././././././././././././././././././././././././././././././././././././././.][././././././././././././././././././././././././././././././././././././././././././././././././B/././././././././././././././.]
[n2lcn0138:959742] MCW rank 247 bound to socket 1[core 112[hwt 0]]: [./././././././././././././././././././././././././././././././././././././././././././././././././././././././././././././././.][././././././././././././././././././././././././././././././././././././././././././././././././B/././././././././././././././.]
[n2lcn0138:959736] MCW rank 241 bound to socket 0[core 16[hwt 0]]: [././././././././././././././././B/././././././././././././././././././././././././././././././././././././././././././././././.][./././././././././././././././././././././././././././././././././././././././././././././././././././././././././././././././.]
[n2lcn0138:959738] MCW rank 243 bound to socket 0[core 48[hwt 0]]: [././././././././././././././././././././././././././././././././././././././././././././././././B/././././././././././././././.][./././././././././././././././././././././././././././././././././././././././././././././././././././././././././././././././.]
[n2lcn0138:959739] MCW rank 244 bound to socket 1[core 64[hwt 0]]: [./././././././././././././././././././././././././././././././././././././././././././././././././././././././././././././././.][B/././././././././././././././././././././././././././././././././././././././././././././././././././././././././././././././.]
[n2lcn0138:959737] MCW rank 242 bound to socket 0[core 32[hwt 0]]: [././././././././././././././././././././././././././././././././B/././././././././././././././././././././././././././././././.][./././././././././././././././././././././././././././././././././././././././././././././././././././././././././././././././.]
[n2lcn0138:959736] MCW rank 241 bound to socket 0[core 16[hwt 0]]: [././././././././././././././././B/././././././././././././././././././././././././././././././././././././././././././././././.][./././././././././././././././././././././././././././././././././././././././././././././././././././././././././././././././.]
[n2lcn0138:959738] MCW rank 243 bound to socket 0[core 48[hwt 0]]: [././././././././././././././././././././././././././././././././././././././././././././././././B/././././././././././././././.][./././././././././././././././././././././././././././././././././././././././././././././././././././././././././././././././.]
[n2lcn0138:959739] MCW rank 244 bound to socket 1[core 64[hwt 0]]: [./././././././././././././././././././././././././././././././././././././././././././././././././././././././././././././././.][B/././././././././././././././././././././././././././././././././././././././././././././././././././././././././././././././.]
[n2lcn0138:959737] MCW rank 242 bound to socket 0[core 32[hwt 0]]: [././././././././././././././././././././././././././././././././B/././././././././././././././././././././././././././././././.][./././././././././././././././././././././././././././././././././././././././././././././././././././././././././././././././.]
[n2lcn0138:959735] MCW rank 240 bound to socket 0[core 0[hwt 0]]: [B/././././././././././././././././././././././././././././././././././././././././././././././././././././././././././././././.][./././././././././././././././././././././././././././././././././././././././././././././././././././././././././././././././.]
[n2lcn0138:959735] MCW rank 240 bound to socket 0[core 0[hwt 0]]: [B/././././././././././././././././././././././././././././././././././././././././././././././././././././././././././././././.][./././././././././././././././././././././././././././././././././././././././././././././././././././././././././././././././.]
[n2lcn0138:959740] MCW rank 245 bound to socket 1[core 80[hwt 0]]: [./././././././././././././././././././././././././././././././././././././././././././././././././././././././././././././././.][././././././././././././././././B/././././././././././././././././././././././././././././././././././././././././././././././.]
[n2lcn0138:959740] MCW rank 245 bound to socket 1[core 80[hwt 0]]: [./././././././././././././././././././././././././././././././././././././././././././././././././././././././././././././././.][././././././././././././././././B/././././././././././././././././././././././././././././././././././././././././././././././.]
[n2lcn0138:959741] MCW rank 246 bound to socket 1[core 96[hwt 0]]: [./././././././././././././././././././././././././././././././././././././././././././././././././././././././././././././././.][././././././././././././././././././././././././././././././././B/././././././././././././././././././././././././././././././.]
[n2lcn0138:959741] MCW rank 246 bound to socket 1[core 96[hwt 0]]: [./././././././././././././././././././././././././././././././././././././././././././././././././././././././././././././././.][././././././././././././././././././././././././././././././././B/././././././././././././././././././././././././././././././.]
[n2lcn0135:2733029] MCW rank 220 bound to socket 1[core 64[hwt 0]]: [./././././././././././././././././././././././././././././././././././././././././././././././././././././././././././././././.][B/././././././././././././././././././././././././././././././././././././././././././././././././././././././././././././././.]
[n2lcn0135:2733029] MCW rank 220 bound to socket 1[core 64[hwt 0]]: [./././././././././././././././././././././././././././././././././././././././././././././././././././././././././././././././.][B/././././././././././././././././././././././././././././././././././././././././././././././././././././././././././././././.]
[n2lcn0137:3506033] MCW rank 234 bound to socket 0[core 32[hwt 0]]: [././././././././././././././././././././././././././././././././B/././././././././././././././././././././././././././././././.][./././././././././././././././././././././././././././././././././././././././././././././././././././././././././././././././.]
[n2lcn0137:3506033] MCW rank 234 bound to socket 0[core 32[hwt 0]]: [././././././././././././././././././././././././././././././././B/././././././././././././././././././././././././././././././.][./././././././././././././././././././././././././././././././././././././././././././././././././././././././././././././././.]
[n2lcn0137:3506035] MCW rank 236 bound to socket 1[core 64[hwt 0]]: [./././././././././././././././././././././././././././././././././././././././././././././././././././././././././././././././.][B/././././././././././././././././././././././././././././././././././././././././././././././././././././././././././././././.]
[n2lcn0137:3506035] MCW rank 236 bound to socket 1[core 64[hwt 0]]: [./././././././././././././././././././././././././././././././././././././././././././././././././././././././././././././././.][B/././././././././././././././././././././././././././././././././././././././././././././././././././././././././././././././.]
[n2lcn0137:3506037] MCW rank 238 bound to socket 1[core 96[hwt 0]]: [./././././././././././././././././././././././././././././././././././././././././././././././././././././././././././././././.][././././././././././././././././././././././././././././././././B/././././././././././././././././././././././././././././././.]
[n2lcn0137:3506036] MCW rank 237 bound to socket 1[core 80[hwt 0]]: [./././././././././././././././././././././././././././././././././././././././././././././././././././././././././././././././.][././././././././././././././././B/././././././././././././././././././././././././././././././././././././././././././././././.]
[n2lcn0137:3506037] MCW rank 238 bound to socket 1[core 96[hwt 0]]: [./././././././././././././././././././././././././././././././././././././././././././././././././././././././././././././././.][././././././././././././././././././././././././././././././././B/././././././././././././././././././././././././././././././.]
[n2lcn0137:3506036] MCW rank 237 bound to socket 1[core 80[hwt 0]]: [./././././././././././././././././././././././././././././././././././././././././././././././././././././././././././././././.][././././././././././././././././B/././././././././././././././././././././././././././././././././././././././././././././././.]
[n2lcn0137:3506038] MCW rank 239 bound to socket 1[core 112[hwt 0]]: [./././././././././././././././././././././././././././././././././././././././././././././././././././././././././././././././.][././././././././././././././././././././././././././././././././././././././././././././././././B/././././././././././././././.]
[n2lcn0137:3506032] MCW rank 233 bound to socket 0[core 16[hwt 0]]: [././././././././././././././././B/././././././././././././././././././././././././././././././././././././././././././././././.][./././././././././././././././././././././././././././././././././././././././././././././././././././././././././././././././.]
[n2lcn0137:3506034] MCW rank 235 bound to socket 0[core 48[hwt 0]]: [././././././././././././././././././././././././././././././././././././././././././././././././B/././././././././././././././.][./././././././././././././././././././././././././././././././././././././././././././././././././././././././././././././././.]
[n2lcn0137:3506038] MCW rank 239 bound to socket 1[core 112[hwt 0]]: [./././././././././././././././././././././././././././././././././././././././././././././././././././././././././././././././.][././././././././././././././././././././././././././././././././././././././././././././././././B/././././././././././././././.]
[n2lcn0137:3506032] MCW rank 233 bound to socket 0[core 16[hwt 0]]: [././././././././././././././././B/././././././././././././././././././././././././././././././././././././././././././././././.][./././././././././././././././././././././././././././././././././././././././././././././././././././././././././././././././.]
[n2lcn0137:3506031] MCW rank 232 bound to socket 0[core 0[hwt 0]]: [B/././././././././././././././././././././././././././././././././././././././././././././././././././././././././././././././.][./././././././././././././././././././././././././././././././././././././././././././././././././././././././././././././././.]
[n2lcn0137:3506034] MCW rank 235 bound to socket 0[core 48[hwt 0]]: [././././././././././././././././././././././././././././././././././././././././././././././././B/././././././././././././././.][./././././././././././././././././././././././././././././././././././././././././././././././././././././././././././././././.]
[n2lcn0137:3506031] MCW rank 232 bound to socket 0[core 0[hwt 0]]: [B/././././././././././././././././././././././././././././././././././././././././././././././././././././././././././././././.][./././././././././././././././././././././././././././././././././././././././././././././././././././././././././././././././.]
[n2lcn0135:2733028] MCW rank 219 bound to socket 0[core 48[hwt 0]]: [././././././././././././././././././././././././././././././././././././././././././././././././B/././././././././././././././.][./././././././././././././././././././././././././././././././././././././././././././././././././././././././././././././././.]
[n2lcn0135:2733026] MCW rank 217 bound to socket 0[core 16[hwt 0]]: [././././././././././././././././B/././././././././././././././././././././././././././././././././././././././././././././././.][./././././././././././././././././././././././././././././././././././././././././././././././././././././././././././././././.]
[n2lcn0135:2733028] MCW rank 219 bound to socket 0[core 48[hwt 0]]: [././././././././././././././././././././././././././././././././././././././././././././././././B/././././././././././././././.][./././././././././././././././././././././././././././././././././././././././././././././././././././././././././././././././.]
[n2lcn0135:2733026] MCW rank 217 bound to socket 0[core 16[hwt 0]]: [././././././././././././././././B/././././././././././././././././././././././././././././././././././././././././././././././.][./././././././././././././././././././././././././././././././././././././././././././././././././././././././././././././././.]
[n2lcn0135:2733025] MCW rank 216 bound to socket 0[core 0[hwt 0]]: [B/././././././././././././././././././././././././././././././././././././././././././././././././././././././././././././././.][./././././././././././././././././././././././././././././././././././././././././././././././././././././././././././././././.]
[n2lcn0135:2733025] MCW rank 216 bound to socket 0[core 0[hwt 0]]: [B/././././././././././././././././././././././././././././././././././././././././././././././././././././././././././././././.][./././././././././././././././././././././././././././././././././././././././././././././././././././././././././././././././.]
[n2lcn0135:2733027] MCW rank 218 bound to socket 0[core 32[hwt 0]]: [././././././././././././././././././././././././././././././././B/././././././././././././././././././././././././././././././.][./././././././././././././././././././././././././././././././././././././././././././././././././././././././././././././././.]
[n2lcn0135:2733027] MCW rank 218 bound to socket 0[core 32[hwt 0]]: [././././././././././././././././././././././././././././././././B/././././././././././././././././././././././././././././././.][./././././././././././././././././././././././././././././././././././././././././././././././././././././././././././././././.]
[n2lcn0135:2733030] MCW rank 221 bound to socket 1[core 80[hwt 0]]: [./././././././././././././././././././././././././././././././././././././././././././././././././././././././././././././././.][././././././././././././././././B/././././././././././././././././././././././././././././././././././././././././././././././.]
[n2lcn0135:2733030] MCW rank 221 bound to socket 1[core 80[hwt 0]]: [./././././././././././././././././././././././././././././././././././././././././././././././././././././././././././././././.][././././././././././././././././B/././././././././././././././././././././././././././././././././././././././././././././././.]
[n2lcn0135:2733031] MCW rank 222 bound to socket 1[core 96[hwt 0]]: [./././././././././././././././././././././././././././././././././././././././././././././././././././././././././././././././.][././././././././././././././././././././././././././././././././B/././././././././././././././././././././././././././././././.]
[n2lcn0135:2733031] MCW rank 222 bound to socket 1[core 96[hwt 0]]: [./././././././././././././././././././././././././././././././././././././././././././././././././././././././././././././././.][././././././././././././././././././././././././././././././././B/././././././././././././././././././././././././././././././.]
[n2lcn0135:2733032] MCW rank 223 bound to socket 1[core 112[hwt 0]]: [./././././././././././././././././././././././././././././././././././././././././././././././././././././././././././././././.][././././././././././././././././././././././././././././././././././././././././././././././././B/././././././././././././././.]
[n2lcn0135:2733032] MCW rank 223 bound to socket 1[core 112[hwt 0]]: [./././././././././././././././././././././././././././././././././././././././././././././././././././././././././././././././.][././././././././././././././././././././././././././././././././././././././././././././././././B/././././././././././././././.]
